ISO-10303-21;
HEADER;
FILE_DESCRIPTION (( 'STEP AP214' ),
    '1' );
FILE_NAME ('ACHR-04V-A-S.STEP',
    '2020-12-09T20:03:24',
    ( '' ),
    ( '' ),
    'SwSTEP 2.0',
    'SolidWorks 2017',
    '' );
FILE_SCHEMA (( 'AUTOMOTIVE_DESIGN' ));
ENDSEC;

DATA;
#1 = CARTESIAN_POINT ( 'NONE',  ( -1.200000000000000200, 0.7999999999999999300, -0.3750000001249999500 ) ) ;
#2 = EDGE_LOOP ( 'NONE', ( #6138, #6192, #1268, #6625 ) ) ;
#3 = PLANE ( 'NONE',  #7384 ) ;
#4 = EDGE_CURVE ( 'NONE', #198, #5868, #780, .T. ) ;
#5 = ORIENTED_EDGE ( 'NONE', *, *, #4195, .F. ) ;
#6 = DIRECTION ( 'NONE',  ( 0.0000000000000000000, 0.0000000000000000000, -1.000000000000000000 ) ) ;
#7 = LINE ( 'NONE', #1005, #3079 ) ;
#8 = FACE_OUTER_BOUND ( 'NONE', #7551, .T. ) ;
#9 = ADVANCED_FACE ( 'NONE', ( #3895 ), #2706, .F. ) ;
#10 = CARTESIAN_POINT ( 'NONE',  ( -1.927499999999999800, 0.7499999999999998900, 0.0000000000000000000 ) ) ;
#11 = CARTESIAN_POINT ( 'NONE',  ( 1.925000000000011800, 0.1000000000000000500, -1.600000000125000300 ) ) ;
#12 = CARTESIAN_POINT ( 'NONE',  ( -1.999999999999999600, 0.7999999999999999300, -0.5750000001249999700 ) ) ;
#13 = ORIENTED_EDGE ( 'NONE', *, *, #3760, .F. ) ;
#14 = ORIENTED_EDGE ( 'NONE', *, *, #3259, .T. ) ;
#15 = PLANE ( 'NONE',  #5538 ) ;
#16 = EDGE_CURVE ( 'NONE', #903, #6309, #4284, .T. ) ;
#17 = VERTEX_POINT ( 'NONE', #4843 ) ;
#18 = EDGE_CURVE ( 'NONE', #5996, #1883, #1267, .T. ) ;
#19 = ADVANCED_FACE ( 'NONE', ( #3066 ), #4263, .F. ) ;
#20 = DIRECTION ( 'NONE',  ( 1.000000000000000000, 0.0000000000000000000, -4.251773225433350700E-016 ) ) ;
#21 = EDGE_LOOP ( 'NONE', ( #2522, #5234, #7471, #472 ) ) ;
#22 = LINE ( 'NONE', #169, #1972 ) ;
#23 = VECTOR ( 'NONE', #4211, 1000.000000000000000 ) ;
#24 = VERTEX_POINT ( 'NONE', #6676 ) ;
#25 = DIRECTION ( 'NONE',  ( -1.000000000000000000, 0.0000000000000000000, 0.0000000000000000000 ) ) ;
#26 = PRODUCT_RELATED_PRODUCT_CATEGORY ( 'part', '', ( #3293 ) ) ;
#27 = ORIENTED_EDGE ( 'NONE', *, *, #448, .T. ) ;
#28 = CARTESIAN_POINT ( 'NONE',  ( 2.201954402410123600, 0.9499999999999936300, 1.099135055248403600 ) ) ;
#29 = LINE ( 'NONE', #6127, #7466 ) ;
#30 = VERTEX_POINT ( 'NONE', #2566 ) ;
#31 = CARTESIAN_POINT ( 'NONE',  ( -0.3250000000000000100, 0.8499999999999996400, -0.2500000001249999500 ) ) ;
#32 = VECTOR ( 'NONE', #7461, 1000.000000000000000 ) ;
#33 = CARTESIAN_POINT ( 'NONE',  ( -0.8749999999999996700, 0.7999999999999999300, -0.2500000001249999500 ) ) ;
#34 = ORIENTED_EDGE ( 'NONE', *, *, #5833, .F. ) ;
#35 = AXIS2_PLACEMENT_3D ( 'NONE', #4322, #2515, #1385 ) ;
#36 = CARTESIAN_POINT ( 'NONE',  ( -2.682303702682174300, 0.04142135623730953300, -0.5499999999499998200 ) ) ;
#37 = CARTESIAN_POINT ( 'NONE',  ( -1.400000000468749800, 1.149999999999999900, 1.674999999925000300 ) ) ;
#38 = ORIENTED_EDGE ( 'NONE', *, *, #4678, .F. ) ;
#39 = DIRECTION ( 'NONE',  ( -0.0000000000000000000, -0.0000000000000000000, 1.000000000000000000 ) ) ;
#40 = DIRECTION ( 'NONE',  ( 0.6444403585348352800, 0.7646545784153083700, 0.0000000000000000000 ) ) ;
#41 = AXIS2_PLACEMENT_3D ( 'NONE', #1306, #6864, #4357 ) ;
#42 = LINE ( 'NONE', #5060, #4520 ) ;
#43 = ORIENTED_EDGE ( 'NONE', *, *, #3301, .T. ) ;
#44 = ADVANCED_FACE ( 'NONE', ( #5519 ), #2318, .T. ) ;
#45 = LINE ( 'NONE', #2450, #5679 ) ;
#46 = EDGE_CURVE ( 'NONE', #1301, #5939, #6274, .T. ) ;
#47 = ORIENTED_EDGE ( 'NONE', *, *, #2697, .T. ) ;
#48 = EDGE_CURVE ( 'NONE', #3444, #66, #4848, .T. ) ;
#49 = DIRECTION ( 'NONE',  ( 0.09343174671670150000, 0.0000000000000000000, 0.9956256870458224400 ) ) ;
#50 = APPLICATION_PROTOCOL_DEFINITION ( 'draft international standard', 'automotive_design', 1998, #4080 ) ;
#51 = VECTOR ( 'NONE', #7340, 1000.000000000000000 ) ;
#52 = ORIENTED_EDGE ( 'NONE', *, *, #7550, .T. ) ;
#53 = ORIENTED_EDGE ( 'NONE', *, *, #3350, .T. ) ;
#54 = LINE ( 'NONE', #7259, #7202 ) ;
#55 = ORIENTED_EDGE ( 'NONE', *, *, #3744, .T. ) ;
#56 = AXIS2_PLACEMENT_3D ( 'NONE', #6689, #5501, #6047 ) ;
#57 = VERTEX_POINT ( 'NONE', #7436 ) ;
#58 = PLANE ( 'NONE',  #7174 ) ;
#59 = LINE ( 'NONE', #2233, #4918 ) ;
#60 = EDGE_CURVE ( 'NONE', #1148, #5994, #3341, .T. ) ;
#61 = DIRECTION ( 'NONE',  ( -0.0000000000000000000, -0.0000000000000000000, 1.000000000000000000 ) ) ;
#62 = EDGE_LOOP ( 'NONE', ( #2018, #669, #1467, #4153 ) ) ;
#63 = VECTOR ( 'NONE', #1036, 1000.000000000000000 ) ;
#64 = EDGE_CURVE ( 'NONE', #2830, #1455, #1947, .T. ) ;
#65 = EDGE_CURVE ( 'NONE', #5245, #1726, #3716, .T. ) ;
#66 = VERTEX_POINT ( 'NONE', #1377 ) ;
#67 = LINE ( 'NONE', #7253, #4925 ) ;
#68 = ORIENTED_EDGE ( 'NONE', *, *, #7812, .F. ) ;
#69 = CARTESIAN_POINT ( 'NONE',  ( -1.924999999999988700, 0.1000000000000000500, -1.600000000124999900 ) ) ;
#70 = PLANE ( 'NONE',  #506 ) ;
#71 = DIRECTION ( 'NONE',  ( 0.1299941854756611900, 0.0000000000000000000, 0.9915147561900020700 ) ) ;
#72 = LINE ( 'NONE', #1028, #4077 ) ;
#73 = CARTESIAN_POINT ( 'NONE',  ( 0.0000000000000000000, 0.7999999999999999300, 1.074999999925000400 ) ) ;
#74 = CARTESIAN_POINT ( 'NONE',  ( -0.8749999999999996700, 0.7499999999999998900, -0.5232233048283629900 ) ) ;
#75 = DIRECTION ( 'NONE',  ( 0.1299941854756607500, 0.0000000000000000000, 0.9915147561900021800 ) ) ;
#76 = ORIENTED_EDGE ( 'NONE', *, *, #508, .F. ) ;
#77 = DIRECTION ( 'NONE',  ( 1.000000000000000000, 0.0000000000000000000, 0.0000000000000000000 ) ) ;
#78 = AXIS2_PLACEMENT_3D ( 'NONE', #2472, #3099, #7366 ) ;
#79 = ORIENTED_EDGE ( 'NONE', *, *, #1167, .F. ) ;
#80 = DIRECTION ( 'NONE',  ( -0.1299941854756612200, 0.0000000000000000000, -0.9915147561900020700 ) ) ;
#81 = FACE_OUTER_BOUND ( 'NONE', #4087, .T. ) ;
#82 = CARTESIAN_POINT ( 'NONE',  ( 2.674999999999998500, 0.0000000000000000000, -1.500000000125000200 ) ) ;
#83 = ORIENTED_EDGE ( 'NONE', *, *, #3675, .T. ) ;
#84 = CARTESIAN_POINT ( 'NONE',  ( -2.175000000468748900, 0.8939695520413333300, 0.9249999997749972500 ) ) ;
#85 = DIRECTION ( 'NONE',  ( -0.9804998957008330700, -0.1736481776669264700, 0.09201230854408062900 ) ) ;
#86 = DIRECTION ( 'NONE',  ( 0.5000000000000001100, 0.0000000000000000000, 0.8660254037844386000 ) ) ;
#87 = DIRECTION ( 'NONE',  ( 1.000000000000000000, 0.0000000000000000000, -0.0000000000000000000 ) ) ;
#88 = LINE ( 'NONE', #6409, #7519 ) ;
#89 = VERTEX_POINT ( 'NONE', #6135 ) ;
#90 = CARTESIAN_POINT ( 'NONE',  ( -1.000000000281250100, 1.200000000000000000, -1.600000000125000100 ) ) ;
#91 = DIRECTION ( 'NONE',  ( -1.084202172553267200E-015, 0.0000000000000000000, 1.000000000000000000 ) ) ;
#92 = ORIENTED_EDGE ( 'NONE', *, *, #3259, .F. ) ;
#93 = VERTEX_POINT ( 'NONE', #5567 ) ;
#94 = ADVANCED_FACE ( 'NONE', ( #1464 ), #2413, .F. ) ;
#95 = DIRECTION ( 'NONE',  ( 1.587276273760931000E-015, -0.0000000000000000000, -1.000000000000000000 ) ) ;
#96 = VECTOR ( 'NONE', #845, 1000.000000000000000 ) ;
#97 = ORIENTED_EDGE ( 'NONE', *, *, #1591, .T. ) ;
#99 = VERTEX_POINT ( 'NONE', #4401 ) ;
#98 = CARTESIAN_POINT ( 'NONE',  ( 1.349999999687498300, 0.1000000000000000500, -1.500000000125000200 ) ) ;
#100 = ORIENTED_EDGE ( 'NONE', *, *, #1155, .T. ) ;
#101 = CARTESIAN_POINT ( 'NONE',  ( -1.348727213428500700, 0.9499999999999934100, 1.094499127746349600 ) ) ;
#102 = ORIENTED_EDGE ( 'NONE', *, *, #4509, .T. ) ;
#103 = DIRECTION ( 'NONE',  ( -2.168404344971007700E-015, 0.0000000000000000000, 1.000000000000000000 ) ) ;
#104 = ADVANCED_FACE ( 'NONE', ( #7053 ), #3200, .F. ) ;
#105 = CARTESIAN_POINT ( 'NONE',  ( -2.750000000000000000, 0.6500000000000000200, -0.5499999999499998200 ) ) ;
#106 = DIRECTION ( 'NONE',  ( 1.000000000000000000, 0.0000000000000000000, 0.0000000000000000000 ) ) ;
#107 = DIRECTION ( 'NONE',  ( 0.0000000000000000000, 0.0000000000000000000, -1.000000000000000000 ) ) ;
#108 = DIRECTION ( 'NONE',  ( 0.0000000000000000000, -0.9848077530122083500, -0.1736481776669286400 ) ) ;
#109 = EDGE_CURVE ( 'NONE', #5216, #5540, #6856, .T. ) ;
#110 = LINE ( 'NONE', #5853, #6381 ) ;
#111 = EDGE_LOOP ( 'NONE', ( #1909, #1071, #2693, #418, #7223 ) ) ;
#112 = DIRECTION ( 'NONE',  ( -1.000000000000000000, 2.891205793294675100E-015, -0.0000000000000000000 ) ) ;
#113 = ORIENTED_EDGE ( 'NONE', *, *, #7661, .F. ) ;
#114 = CARTESIAN_POINT ( 'NONE',  ( -1.431549515515465600, 0.1916241327089960900, 0.4627821447107718400 ) ) ;
#115 = LINE ( 'NONE', #3990, #7068 ) ;
#116 = CARTESIAN_POINT ( 'NONE',  ( 2.500000000468747700, 1.200000000000000000, -1.200000000150000400 ) ) ;
#117 = DIRECTION ( 'NONE',  ( 6.505213034913023400E-015, 0.0000000000000000000, -1.000000000000000000 ) ) ;
#118 = LINE ( 'NONE', #1205, #6579 ) ;
#119 = DIRECTION ( 'NONE',  ( -1.000000000000000000, 2.891205793294675100E-015, 0.0000000000000000000 ) ) ;
#120 = PLANE ( 'NONE',  #6644 ) ;
#121 = EDGE_CURVE ( 'NONE', #3541, #1261, #6558, .T. ) ;
#122 = ORIENTED_EDGE ( 'NONE', *, *, #4910, .F. ) ;
#123 = FACE_OUTER_BOUND ( 'NONE', #2494, .T. ) ;
#124 = ORIENTED_EDGE ( 'NONE', *, *, #576, .F. ) ;
#125 = EDGE_LOOP ( 'NONE', ( #2879, #6168, #7151, #113 ) ) ;
#126 = AXIS2_PLACEMENT_3D ( 'NONE', #7457, #4367, #168 ) ;
#127 = EDGE_CURVE ( 'NONE', #3365, #5604, #3449, .T. ) ;
#128 = CARTESIAN_POINT ( 'NONE',  ( 0.3249999999999990100, 0.7499999999999998900, -0.5232233048283635400 ) ) ;
#129 = EDGE_CURVE ( 'NONE', #2287, #1062, #1849, .T. ) ;
#130 = PLANE ( 'NONE',  #6161 ) ;
#131 = CARTESIAN_POINT ( 'NONE',  ( -2.750000000000000000, 0.6500000000000000200, -0.5499999999499998200 ) ) ;
#132 = FACE_OUTER_BOUND ( 'NONE', #3356, .T. ) ;
#133 = CARTESIAN_POINT ( 'NONE',  ( -1.000000000281249200, 1.200000000000000000, -1.899999999925000100 ) ) ;
#134 = ORIENTED_EDGE ( 'NONE', *, *, #3161, .T. ) ;
#135 = CARTESIAN_POINT ( 'NONE',  ( 0.9750000000000009800, 1.050000000000000000, 1.649999999924999000 ) ) ;
#136 = ADVANCED_FACE ( 'NONE', ( #3623 ), #6734, .F. ) ;
#137 = DIRECTION ( 'NONE',  ( 1.000000000000000000, 0.0000000000000000000, 9.324138683375322400E-015 ) ) ;
#138 = CARTESIAN_POINT ( 'NONE',  ( -1.111611652351681700, 1.200000000000000000, -0.2866116524766814700 ) ) ;
#139 = CARTESIAN_POINT ( 'NONE',  ( -1.051272786571499500, 0.7999999999999999300, 1.094499127746349600 ) ) ;
#140 = CARTESIAN_POINT ( 'NONE',  ( -1.288388347648318700, 1.200000000000000000, -0.2866116524766816900 ) ) ;
#141 = VECTOR ( 'NONE', #959, 1000.000000000000000 ) ;
#142 = DIRECTION ( 'NONE',  ( 0.0000000000000000000, 1.000000000000000000, 0.0000000000000000000 ) ) ;
#143 = ORIENTED_EDGE ( 'NONE', *, *, #3383, .T. ) ;
#144 = DIRECTION ( 'NONE',  ( 0.0000000000000000000, 0.0000000000000000000, 1.000000000000000000 ) ) ;
#145 = ORIENTED_EDGE ( 'NONE', *, *, #6739, .T. ) ;
#146 = CARTESIAN_POINT ( 'NONE',  ( -0.7249999999999888800, 0.0000000000000000000, -1.500000000125000000 ) ) ;
#147 = ADVANCED_FACE ( 'NONE', ( #402 ), #6083, .T. ) ;
#148 = LINE ( 'NONE', #7106, #2458 ) ;
#149 = ORIENTED_EDGE ( 'NONE', *, *, #4510, .F. ) ;
#150 = SHAPE_DEFINITION_REPRESENTATION ( #4920, #5385 ) ;
#151 = EDGE_CURVE ( 'NONE', #192, #2701, #7912, .T. ) ;
#152 = AXIS2_PLACEMENT_3D ( 'NONE', #6949, #3909, #2735 ) ;
#153 = LINE ( 'NONE', #1276, #1331 ) ;
#154 = DIRECTION ( 'NONE',  ( -1.597913209883917700E-015, -0.0000000000000000000, -1.000000000000000000 ) ) ;
#155 = VERTEX_POINT ( 'NONE', #6976 ) ;
#156 = CARTESIAN_POINT ( 'NONE',  ( -1.349999999687500100, 0.1000000000000000500, -1.500000000124999800 ) ) ;
#157 = EDGE_LOOP ( 'NONE', ( #3545, #3466, #4858, #4921 ) ) ;
#158 = LINE ( 'NONE', #5902, #7587 ) ;
#159 = CARTESIAN_POINT ( 'NONE',  ( 0.1480455980586258500, 0.9499999999999936300, 1.099135055248403600 ) ) ;
#160 = CARTESIAN_POINT ( 'NONE',  ( -0.7249999999999965400, 0.0000000000000000000, -0.7000000001249999700 ) ) ;
#161 = AXIS2_PLACEMENT_3D ( 'NONE', #2224, #5857, #3423 ) ;
#162 = LINE ( 'NONE', #5093, #847 ) ;
#163 = CARTESIAN_POINT ( 'NONE',  ( -2.201954402410123600, 0.9499999999999936300, 1.099135055248403600 ) ) ;
#164 = CARTESIAN_POINT ( 'NONE',  ( -1.599999999999999600, 0.7999999999999999300, -0.5982233048283637200 ) ) ;
#165 = VERTEX_POINT ( 'NONE', #6872 ) ;
#166 = EDGE_CURVE ( 'NONE', #4467, #255, #1072, .T. ) ;
#167 = VECTOR ( 'NONE', #3534, 1000.000000000000000 ) ;
#168 = DIRECTION ( 'NONE',  ( 0.0000000000000000000, 0.0000000000000000000, 1.000000000000000000 ) ) ;
#169 = CARTESIAN_POINT ( 'NONE',  ( 2.074999999999999700, 0.7999999999999999300, -0.2500000001249999500 ) ) ;
#170 = FACE_OUTER_BOUND ( 'NONE', #4407, .T. ) ;
#171 = ORIENTED_EDGE ( 'NONE', *, *, #818, .F. ) ;
#172 = CARTESIAN_POINT ( 'NONE',  ( 2.500000000468749000, 1.200000000000000000, 1.899999999924997700 ) ) ;
#173 = CARTESIAN_POINT ( 'NONE',  ( -1.674999999999988500, 0.5999999999999999800, -1.600000000125009900 ) ) ;
#174 = CARTESIAN_POINT ( 'NONE',  ( -2.600000000468750000, 0.7999999999999999300, 0.7999999997750000300 ) ) ;
#175 = CARTESIAN_POINT ( 'NONE',  ( -2.749999999999999600, 1.200000000000000000, -1.200000000149999500 ) ) ;
#176 = VECTOR ( 'NONE', #7040, 1000.000000000000000 ) ;
#177 = PLANE ( 'NONE',  #2271 ) ;
#178 = EDGE_LOOP ( 'NONE', ( #2919, #1817, #6160, #3903, #5685 ) ) ;
#179 = FACE_OUTER_BOUND ( 'NONE', #3062, .T. ) ;
#180 = EDGE_LOOP ( 'NONE', ( #1130, #3872, #1092, #7172 ) ) ;
#181 = ADVANCED_FACE ( 'NONE', ( #6469 ), #7592, .F. ) ;
#182 = VECTOR ( 'NONE', #3386, 1000.000000000000000 ) ;
#183 = EDGE_CURVE ( 'NONE', #2959, #3286, #3254, .T. ) ;
#184 = FACE_OUTER_BOUND ( 'NONE', #3860, .T. ) ;
#185 = EDGE_CURVE ( 'NONE', #2493, #707, #3059, .T. ) ;
#186 = EDGE_CURVE ( 'NONE', #1567, #3883, #7427, .T. ) ;
#187 =( BOUNDED_CURVE ( )  B_SPLINE_CURVE ( 3, ( #2778, #6992, #436, #4669 ),
 .UNSPECIFIED., .F., .F. ) 
 B_SPLINE_CURVE_WITH_KNOTS ( ( 4, 4 ),
 ( 4.661405893432042400, 6.283185307179586200 ),
 .UNSPECIFIED. ) 
 CURVE ( )  GEOMETRIC_REPRESENTATION_ITEM ( )  RATIONAL_B_SPLINE_CURVE ( ( 1.000000000000000000, 0.7925691712421019100, 0.7925691712421019100, 1.000000000000000000 ) ) 
 REPRESENTATION_ITEM ( '' )  );
#188 = DIRECTION ( 'NONE',  ( -6.938893905433791600E-016, 0.0000000000000000000, -1.000000000000000000 ) ) ;
#189 = EDGE_LOOP ( 'NONE', ( #3418, #1429, #2679, #2885 ) ) ;
#190 = CARTESIAN_POINT ( 'NONE',  ( 0.0000000000000000000, 0.7999999999999999300, -0.3750000001249999500 ) ) ;
#191 = VECTOR ( 'NONE', #3454, 1000.000000000000000 ) ;
#192 = VERTEX_POINT ( 'NONE', #2682 ) ;
#193 = ADVANCED_FACE ( 'NONE', ( #7706 ), #6359, .F. ) ;
#194 = DIRECTION ( 'NONE',  ( -1.084202172553267200E-015, 0.0000000000000000000, 1.000000000000000000 ) ) ;
#195 = VECTOR ( 'NONE', #2302, 1000.000000000000000 ) ;
#196 = ORIENTED_EDGE ( 'NONE', *, *, #2054, .T. ) ;
#197 = LINE ( 'NONE', #2453, #3899 ) ;
#198 = VERTEX_POINT ( 'NONE', #1502 ) ;
#199 = DIRECTION ( 'NONE',  ( -0.0000000000000000000, -0.0000000000000000000, 1.000000000000000000 ) ) ;
#200 = VECTOR ( 'NONE', #5005, 1000.000000000000000 ) ;
#201 = CARTESIAN_POINT ( 'NONE',  ( -0.2249999999999989500, 1.000000000000000000, 1.649999999924999000 ) ) ;
#202 = ORIENTED_EDGE ( 'NONE', *, *, #4252, .F. ) ;
#203 = DIRECTION ( 'NONE',  ( -7.589415207398527900E-015, 0.0000000000000000000, 1.000000000000000000 ) ) ;
#204 = DIRECTION ( 'NONE',  ( 1.000000000000000000, 0.0000000000000000000, 0.0000000000000000000 ) ) ;
#205 = VECTOR ( 'NONE', #6820, 1000.000000000000100 ) ;
#206 = VERTEX_POINT ( 'NONE', #6325 ) ;
#207 = CARTESIAN_POINT ( 'NONE',  ( 1.348727213428500700, 0.7999999999999999300, 1.094499127746349600 ) ) ;
#208 = VERTEX_POINT ( 'NONE', #7480 ) ;
#209 = EDGE_CURVE ( 'NONE', #5822, #4575, #3888, .T. ) ;
#210 = DIRECTION ( 'NONE',  ( 0.0000000000000000000, 0.0000000000000000000, 1.000000000000000000 ) ) ;
#211 = AXIS2_PLACEMENT_3D ( 'NONE', #3155, #7419, #3746 ) ;
#212 = ORIENTED_EDGE ( 'NONE', *, *, #869, .T. ) ;
#213 = CARTESIAN_POINT ( 'NONE',  ( 1.599999999999999600, 0.7999999999999999300, -0.5982233048283637200 ) ) ;
#214 = LINE ( 'NONE', #1843, #3822 ) ;
#215 = CARTESIAN_POINT ( 'NONE',  ( 2.500000000468747700, 0.0000000000000000000, -1.400000000150000400 ) ) ;
#216 = AXIS2_PLACEMENT_3D ( 'NONE', #4762, #468, #4784 ) ;
#217 = FACE_OUTER_BOUND ( 'NONE', #2979, .T. ) ;
#218 = CARTESIAN_POINT ( 'NONE',  ( 0.4750000000000023100, 0.5999999999999999800, -0.7000000001249999700 ) ) ;
#219 = CARTESIAN_POINT ( 'NONE',  ( 0.7250000000000111900, 0.5999999999999999800, -1.600000000125019400 ) ) ;
#220 = EDGE_CURVE ( 'NONE', #2094, #3581, #393, .T. ) ;
#221 = EDGE_CURVE ( 'NONE', #3917, #7429, #1163, .T. ) ;
#222 = ORIENTED_EDGE ( 'NONE', *, *, #5326, .T. ) ;
#223 = FACE_OUTER_BOUND ( 'NONE', #1690, .T. ) ;
#224 = ADVANCED_FACE ( 'NONE', ( #7807 ), #3906, .F. ) ;
#225 = DIRECTION ( 'NONE',  ( -2.891205793294679400E-015, 1.000000000000000000, 0.0000000000000000000 ) ) ;
#226 = CARTESIAN_POINT ( 'NONE',  ( 2.175000000468748900, 0.8939695520413333300, 1.052119927031593500 ) ) ;
#227 = CARTESIAN_POINT ( 'NONE',  ( 2.500000000468747700, 0.2000000000000000900, -1.200000000150000400 ) ) ;
#228 = VERTEX_POINT ( 'NONE', #5705 ) ;
#229 = DIRECTION ( 'NONE',  ( 0.0000000000000000000, 1.000000000000000000, 0.0000000000000000000 ) ) ;
#230 = AXIS2_PLACEMENT_3D ( 'NONE', #6372, #3948, #2185 ) ;
#231 = ORIENTED_EDGE ( 'NONE', *, *, #4335, .F. ) ;
#232 = CARTESIAN_POINT ( 'NONE',  ( 1.675000000000010700, 0.1000000000000000500, -1.500000000125000200 ) ) ;
#233 = FACE_OUTER_BOUND ( 'NONE', #2727, .T. ) ;
#234 = DIRECTION ( 'NONE',  ( 0.0000000000000000000, 1.000000000000000000, 0.0000000000000000000 ) ) ;
#235 = DIRECTION ( 'NONE',  ( -0.0000000000000000000, 1.000000000000000000, -0.0000000000000000000 ) ) ;
#236 = EDGE_CURVE ( 'NONE', #2540, #4191, #6264, .T. ) ;
#237 = ADVANCED_FACE ( 'NONE', ( #4559 ), #5147, .F. ) ;
#238 = DIRECTION ( 'NONE',  ( 0.0000000000000000000, 0.0000000000000000000, -1.000000000000000000 ) ) ;
#239 = LINE ( 'NONE', #6647, #1694 ) ;
#240 = EDGE_CURVE ( 'NONE', #1318, #155, #3438, .T. ) ;
#241 = ORIENTED_EDGE ( 'NONE', *, *, #2820, .T. ) ;
#242 = EDGE_CURVE ( 'NONE', #3361, #3072, #6173, .T. ) ;
#243 = ORIENTED_EDGE ( 'NONE', *, *, #4818, .T. ) ;
#244 = ORIENTED_EDGE ( 'NONE', *, *, #1833, .T. ) ;
#245 = LINE ( 'NONE', #3396, #2082 ) ;
#246 = EDGE_LOOP ( 'NONE', ( #6709, #5413, #3560 ) ) ;
#247 = AXIS2_PLACEMENT_3D ( 'NONE', #4568, #1838, #6046 ) ;
#248 = DIRECTION ( 'NONE',  ( 0.9956256870458225500, 0.0000000000000000000, 0.09343174671670151400 ) ) ;
#249 = AXIS2_PLACEMENT_3D ( 'NONE', #2655, #4579, #1642 ) ;
#250 = EDGE_CURVE ( 'NONE', #3939, #6427, #1837, .T. ) ;
#251 = PLANE ( 'NONE',  #7247 ) ;
#252 = PLANE ( 'NONE',  #4113 ) ;
#253 = CARTESIAN_POINT ( 'NONE',  ( -1.299999999687508200, 1.200000000000000000, 0.7999999997750038000 ) ) ;
#254 = FACE_OUTER_BOUND ( 'NONE', #1748, .T. ) ;
#255 = VERTEX_POINT ( 'NONE', #361 ) ;
#256 = ORIENTED_EDGE ( 'NONE', *, *, #4590, .T. ) ;
#257 = CARTESIAN_POINT ( 'NONE',  ( -2.180033009990746300, 0.8775722465231374800, 0.8692508584895741700 ) ) ;
#258 = CARTESIAN_POINT ( 'NONE',  ( 0.8749999999999996700, 1.200000000000000000, -0.2500000001249999500 ) ) ;
#259 = CARTESIAN_POINT ( 'NONE',  ( -2.674999999999999400, 0.1000000000000000500, -1.600000000124999700 ) ) ;
#260 = DIRECTION ( 'NONE',  ( -1.000000000000000000, 0.0000000000000000000, 0.0000000000000000000 ) ) ;
#261 = VECTOR ( 'NONE', #1452, 1000.000000000000000 ) ;
#262 = PLANE ( 'NONE',  #3484 ) ;
#263 = ORIENTED_EDGE ( 'NONE', *, *, #1536, .F. ) ;
#264 = AXIS2_PLACEMENT_3D ( 'NONE', #4037, #1685, #1602 ) ;
#265 = CARTESIAN_POINT ( 'NONE',  ( -1.051272786571499500, 0.9444751167444146400, 1.094499127746349600 ) ) ;
#266 = FACE_OUTER_BOUND ( 'NONE', #4369, .T. ) ;
#267 = ADVANCED_FACE ( 'NONE', ( #7903 ), #7620, .T. ) ;
#268 = VECTOR ( 'NONE', #1196, 1000.000000000000000 ) ;
#269 = ORIENTED_EDGE ( 'NONE', *, *, #2996, .T. ) ;
#270 = ORIENTED_EDGE ( 'NONE', *, *, #5075, .T. ) ;
#271 = LINE ( 'NONE', #4204, #6614 ) ;
#272 = ORIENTED_EDGE ( 'NONE', *, *, #1846, .T. ) ;
#273 = ORIENTED_EDGE ( 'NONE', *, *, #4104, .T. ) ;
#274 = EDGE_CURVE ( 'NONE', #5900, #2080, #4839, .T. ) ;
#275 = DIRECTION ( 'NONE',  ( -0.0000000000000000000, -1.000000000000000000, -0.0000000000000000000 ) ) ;
#276 = FACE_OUTER_BOUND ( 'NONE', #5081, .T. ) ;
#277 = ADVANCED_FACE ( 'NONE', ( #1654 ), #2604, .F. ) ;
#278 = EDGE_LOOP ( 'NONE', ( #407, #2143, #124, #7616, #4342 ) ) ;
#279 = VECTOR ( 'NONE', #7797, 1000.000000000000000 ) ;
#280 = AXIS2_PLACEMENT_3D ( 'NONE', #5339, #2363, #5951 ) ;
#281 = VECTOR ( 'NONE', #5250, 1000.000000000000000 ) ;
#282 = ORIENTED_EDGE ( 'NONE', *, *, #5642, .T. ) ;
#283 = CARTESIAN_POINT ( 'NONE',  ( -2.200656147411876400, 0.9379391040826652300, 1.089014761932505700 ) ) ;
#284 = VECTOR ( 'NONE', #4193, 1000.000000000000000 ) ;
#285 = EDGE_CURVE ( 'NONE', #2742, #4668, #6847, .T. ) ;
#286 = CARTESIAN_POINT ( 'NONE',  ( 1.672500000000000100, 0.0000000000000000000, -0.4000000001249999800 ) ) ;
#287 = VERTEX_POINT ( 'NONE', #2884 ) ;
#288 = CARTESIAN_POINT ( 'NONE',  ( 2.692632698070844800, 0.09999999999999993600, -1.600000000125000300 ) ) ;
#289 = ORIENTED_EDGE ( 'NONE', *, *, #6742, .F. ) ;
#290 = LINE ( 'NONE', #5766, #5609 ) ;
#291 = VERTEX_POINT ( 'NONE', #5239 ) ;
#292 = AXIS2_PLACEMENT_3D ( 'NONE', #2406, #7806, #7115 ) ;
#293 = EDGE_CURVE ( 'NONE', #2818, #2091, #877, .T. ) ;
#294 = ORIENTED_EDGE ( 'NONE', *, *, #6393, .F. ) ;
#295 = CARTESIAN_POINT ( 'NONE',  ( 1.200000000000000400, 1.139906666467845200, 1.258485669039686000 ) ) ;
#296 = EDGE_CURVE ( 'NONE', #7282, #405, #2038, .T. ) ;
#297 = EDGE_CURVE ( 'NONE', #6889, #1839, #4650, .T. ) ;
#298 = VECTOR ( 'NONE', #6116, 1000.000000000000000 ) ;
#299 = ORIENTED_EDGE ( 'NONE', *, *, #4356, .F. ) ;
#300 = VECTOR ( 'NONE', #422, 1000.000000000000000 ) ;
#301 = VERTEX_POINT ( 'NONE', #4023 ) ;
#302 = DIRECTION ( 'NONE',  ( -3.469446951953576300E-015, 0.0000000000000000000, -1.000000000000000000 ) ) ;
#303 = DIRECTION ( 'NONE',  ( 1.000000000000000000, -0.0000000000000000000, -1.084202172180573300E-016 ) ) ;
#304 = DIRECTION ( 'NONE',  ( 3.571371615962089200E-015, 0.0000000000000000000, 1.000000000000000000 ) ) ;
#305 = ORIENTED_EDGE ( 'NONE', *, *, #2764, .T. ) ;
#306 = ADVANCED_FACE ( 'NONE', ( #2968 ), #7619, .F. ) ;
#307 = ORIENTED_EDGE ( 'NONE', *, *, #2802, .F. ) ;
#308 = VERTEX_POINT ( 'NONE', #4072 ) ;
#309 = CARTESIAN_POINT ( 'NONE',  ( 1.599999999999999900, 1.200000000000000000, -0.7000000001249999700 ) ) ;
#310 = VERTEX_POINT ( 'NONE', #6007 ) ;
#311 = CARTESIAN_POINT ( 'NONE',  ( 1.925000000000011400, 0.1000000000000000500, -1.600000000125011000 ) ) ;
#312 = CARTESIAN_POINT ( 'NONE',  ( 1.200000000000000400, 0.9499999999999936300, 1.074999999925000600 ) ) ;
#313 = ADVANCED_FACE ( 'NONE', ( #3998 ), #3552, .F. ) ;
#314 = DIRECTION ( 'NONE',  ( 0.0000000000000000000, 1.000000000000000000, 0.0000000000000000000 ) ) ;
#315 = ORIENTED_EDGE ( 'NONE', *, *, #3927, .T. ) ;
#316 = VECTOR ( 'NONE', #4331, 1000.000000000000000 ) ;
#317 = CARTESIAN_POINT ( 'NONE',  ( 2.200974038400499700, 0.9419761743770384000, 1.092402266127551000 ) ) ;
#318 = VECTOR ( 'NONE', #6099, 1000.000000000000000 ) ;
#319 = DIRECTION ( 'NONE',  ( 1.000000000000000000, -0.0000000000000000000, 2.891205795222147400E-015 ) ) ;
#320 = ORIENTED_EDGE ( 'NONE', *, *, #4497, .T. ) ;
#321 = CARTESIAN_POINT ( 'NONE',  ( 0.4750000000000114100, 0.5999999999999999800, -1.600000000124983200 ) ) ;
#322 = AXIS2_PLACEMENT_3D ( 'NONE', #2896, #382, #1574 ) ;
#323 = VECTOR ( 'NONE', #1498, 1000.000000000000000 ) ;
#324 = CARTESIAN_POINT ( 'NONE',  ( -0.3999999999999998000, 0.7499999999999998900, -0.5982233048283635000 ) ) ;
#325 = EDGE_CURVE ( 'NONE', #7144, #2943, #1369, .T. ) ;
#326 = EDGE_CURVE ( 'NONE', #722, #3804, #1460, .T. ) ;
#327 = CARTESIAN_POINT ( 'NONE',  ( -1.524999999999999900, 0.9499999999999936300, -0.2500000001249999500 ) ) ;
#328 = ORIENTED_EDGE ( 'NONE', *, *, #2948, .T. ) ;
#329 = CARTESIAN_POINT ( 'NONE',  ( -1.051272786571499500, 0.9499999999999936300, 1.094499127746349600 ) ) ;
#330 = ORIENTED_EDGE ( 'NONE', *, *, #2052, .T. ) ;
#331 = PLANE ( 'NONE',  #3441 ) ;
#332 = AXIS2_PLACEMENT_3D ( 'NONE', #2836, #966, #3572 ) ;
#333 = VECTOR ( 'NONE', #1493, 1000.000000000000000 ) ;
#334 = CARTESIAN_POINT ( 'NONE',  ( 1.000000000281248400, 1.200000000000000000, -1.600000000125000300 ) ) ;
#335 = VERTEX_POINT ( 'NONE', #2326 ) ;
#336 = CARTESIAN_POINT ( 'NONE',  ( 1.927500000000000200, 0.0000000000000000000, -0.4000000001250000900 ) ) ;
#337 = DIRECTION ( 'NONE',  ( -0.7071067811865474600, -0.7071067811865474600, 1.095209583100800700E-016 ) ) ;
#338 = EDGE_CURVE ( 'NONE', #6315, #4623, #4184, .T. ) ;
#339 = EDGE_CURVE ( 'NONE', #1883, #4829, #6557, .T. ) ;
#340 = EDGE_CURVE ( 'NONE', #2199, #2374, #7228, .T. ) ;
#341 = LINE ( 'NONE', #2883, #3937 ) ;
#342 = EDGE_LOOP ( 'NONE', ( #386, #890, #3819, #5026, #6935, #539 ) ) ;
#343 = CARTESIAN_POINT ( 'NONE',  ( -2.074999999999999300, 0.5999999999999999800, 1.399999999924999000 ) ) ;
#344 = ORIENTED_EDGE ( 'NONE', *, *, #1753, .F. ) ;
#345 = CARTESIAN_POINT ( 'NONE',  ( -2.175000000468748900, 0.7999999999999999300, 0.9732701105718156700 ) ) ;
#346 = DIRECTION ( 'NONE',  ( -1.597913209883917700E-015, 0.0000000000000000000, -1.000000000000000000 ) ) ;
#347 = CARTESIAN_POINT ( 'NONE',  ( -0.7274999999999998100, 0.0000000000000000000, 0.0000000000000000000 ) ) ;
#348 = VECTOR ( 'NONE', #7280, 1000.000000000000000 ) ;
#349 = AXIS2_PLACEMENT_3D ( 'NONE', #3527, #3002, #7800 ) ;
#350 = EDGE_LOOP ( 'NONE', ( #839, #6988, #2556, #7760, #5415 ) ) ;
#351 = CARTESIAN_POINT ( 'NONE',  ( 0.0000000000000000000, 0.0000000000000000000, -0.7000000001249999700 ) ) ;
#352 = CARTESIAN_POINT ( 'NONE',  ( 2.400000000468749800, 1.200000000000000000, -0.3500000001249999300 ) ) ;
#353 = ORIENTED_EDGE ( 'NONE', *, *, #2714, .F. ) ;
#354 = CIRCLE ( 'NONE', #2931, 0.1000000000000000500 ) ;
#355 = EDGE_LOOP ( 'NONE', ( #7178, #7420, #7870, #4022, #3924 ) ) ;
#356 = ORIENTED_EDGE ( 'NONE', *, *, #1254, .F. ) ;
#357 = VECTOR ( 'NONE', #557, 1000.000000000000000 ) ;
#358 = DIRECTION ( 'NONE',  ( -0.0000000000000000000, -0.0000000000000000000, 1.000000000000000000 ) ) ;
#359 = ORIENTED_EDGE ( 'NONE', *, *, #7417, .F. ) ;
#360 = PLANE ( 'NONE',  #2840 ) ;
#361 = CARTESIAN_POINT ( 'NONE',  ( -1.359120567258983400, 0.8500000000000007500, 1.015225092130680900 ) ) ;
#362 = CARTESIAN_POINT ( 'NONE',  ( 0.8749999999999996700, 0.7499999999999998900, -0.2500000001249999500 ) ) ;
#363 = CARTESIAN_POINT ( 'NONE',  ( 1.927500000000000200, 0.0000000000000000000, -0.7000000001249999700 ) ) ;
#364 = AXIS2_PLACEMENT_3D ( 'NONE', #3543, #7789, #555 ) ;
#365 = CIRCLE ( 'NONE', #152, 0.2749999999999996300 ) ;
#366 = PLANE ( 'NONE',  #7558 ) ;
#367 = LINE ( 'NONE', #1587, #3970 ) ;
#368 = ORIENTED_EDGE ( 'NONE', *, *, #7761, .F. ) ;
#369 = FACE_OUTER_BOUND ( 'NONE', #7394, .T. ) ;
#370 = EDGE_LOOP ( 'NONE', ( #5732, #4934, #5757, #3132, #6133, #1658 ) ) ;
#371 = CARTESIAN_POINT ( 'NONE',  ( 2.178857118481075000, 0.8500000000000013100, 0.8567203446829833000 ) ) ;
#372 = CARTESIAN_POINT ( 'NONE',  ( 1.350000000000001200, 0.1500000000000000800, 1.649999999924999000 ) ) ;
#373 = AXIS2_PLACEMENT_3D ( 'NONE', #3526, #5887, #2977 ) ;
#374 = LINE ( 'NONE', #1021, #5022 ) ;
#375 = ORIENTED_EDGE ( 'NONE', *, *, #2605, .F. ) ;
#376 = EDGE_CURVE ( 'NONE', #4126, #3172, #776, .T. ) ;
#377 = FACE_OUTER_BOUND ( 'NONE', #2728, .T. ) ;
#378 = DIRECTION ( 'NONE',  ( 1.000000000000000000, -0.0000000000000000000, -2.891205795222149400E-015 ) ) ;
#379 = CYLINDRICAL_SURFACE ( 'NONE', #3553, 0.1000000000000000500 ) ;
#380 = EDGE_LOOP ( 'NONE', ( #6671, #5818, #1025, #4993, #1820, #4377, #6337, #7766 ) ) ;
#381 = VECTOR ( 'NONE', #4281, 1000.000000000000000 ) ;
#382 = DIRECTION ( 'NONE',  ( -1.000000000000000000, 0.0000000000000000000, -0.0000000000000000000 ) ) ;
#383 = PLANE ( 'NONE',  #4160 ) ;
#384 = FACE_OUTER_BOUND ( 'NONE', #3299, .T. ) ;
#385 = DIRECTION ( 'NONE',  ( 0.0000000000000000000, -0.0000000000000000000, -1.000000000000000000 ) ) ;
#386 = ORIENTED_EDGE ( 'NONE', *, *, #4998, .F. ) ;
#387 = ADVANCED_FACE ( 'NONE', ( #3614 ), #1723, .F. ) ;
#388 = DIRECTION ( 'NONE',  ( -1.000000000000000000, 0.0000000000000000000, 2.891205795222149400E-015 ) ) ;
#389 = ORIENTED_EDGE ( 'NONE', *, *, #5936, .F. ) ;
#390 = CARTESIAN_POINT ( 'NONE',  ( 2.500000000468749000, 1.200000000000000000, 0.7999999997749980300 ) ) ;
#391 = EDGE_CURVE ( 'NONE', #612, #4385, #4470, .T. ) ;
#392 = CARTESIAN_POINT ( 'NONE',  ( 0.0000000000000000000, 0.0000000000000000000, 1.649999999924999000 ) ) ;
#393 = LINE ( 'NONE', #4451, #5622 ) ;
#394 = EDGE_CURVE ( 'NONE', #1177, #7435, #5418, .T. ) ;
#395 = CARTESIAN_POINT ( 'NONE',  ( -0.5999999999999993100, 0.5999999999999999800, 1.399999999924999000 ) ) ;
#396 = EDGE_CURVE ( 'NONE', #4547, #462, #3249, .T. ) ;
#397 = CARTESIAN_POINT ( 'NONE',  ( -1.200000000000000200, 1.200000000000000000, -0.2500000001249999500 ) ) ;
#398 = ORIENTED_EDGE ( 'NONE', *, *, #3106, .F. ) ;
#399 = DIRECTION ( 'NONE',  ( 0.0000000000000000000, -0.9659258262890680900, -0.2588190451025214600 ) ) ;
#400 = LINE ( 'NONE', #4392, #2608 ) ;
#401 = ORIENTED_EDGE ( 'NONE', *, *, #2621, .F. ) ;
#402 = FACE_OUTER_BOUND ( 'NONE', #2661, .T. ) ;
#403 =( LENGTH_UNIT ( ) NAMED_UNIT ( * ) SI_UNIT ( .MILLI., .METRE. ) );
#404 = CARTESIAN_POINT ( 'NONE',  ( 2.749999999999997800, 1.200000000000000000, -1.200000000150000400 ) ) ;
#405 = VERTEX_POINT ( 'NONE', #5984 ) ;
#406 = CIRCLE ( 'NONE', #4901, 0.2750000000000000200 ) ;
#407 = ORIENTED_EDGE ( 'NONE', *, *, #1790, .T. ) ;
#408 = VECTOR ( 'NONE', #2520, 1000.000000000000100 ) ;
#409 = ORIENTED_EDGE ( 'NONE', *, *, #4410, .T. ) ;
#410 = ORIENTED_EDGE ( 'NONE', *, *, #297, .T. ) ;
#411 = DIRECTION ( 'NONE',  ( -0.0000000000000000000, -1.000000000000000000, -0.0000000000000000000 ) ) ;
#412 = EDGE_LOOP ( 'NONE', ( #171, #5156, #4254, #241 ) ) ;
#413 = DIRECTION ( 'NONE',  ( -0.7071067811865468000, 0.0000000000000000000, 0.7071067811865483500 ) ) ;
#414 = LINE ( 'NONE', #128, #1778 ) ;
#415 = VECTOR ( 'NONE', #1084, 1000.000000000000000 ) ;
#416 = CARTESIAN_POINT ( 'NONE',  ( -0.7999999999999998200, 0.7999999999999999300, -0.5982233048283627200 ) ) ;
#417 = CARTESIAN_POINT ( 'NONE',  ( -2.200656147411876400, 0.9379391040826652300, 1.089014761932505700 ) ) ;
#418 = ORIENTED_EDGE ( 'NONE', *, *, #6628, .T. ) ;
#419 = CARTESIAN_POINT ( 'NONE',  ( 2.689607405364347100, 0.08284271247461974500, -1.200000000150000400 ) ) ;
#420 = LINE ( 'NONE', #37, #4869 ) ;
#421 = DIRECTION ( 'NONE',  ( -3.197442310920450200E-014, 0.0000000000000000000, -1.000000000000000000 ) ) ;
#422 = DIRECTION ( 'NONE',  ( -1.000000000000000000, -2.891205793294679400E-015, -0.0000000000000000000 ) ) ;
#423 = DIRECTION ( 'NONE',  ( 1.000000000000000000, 0.0000000000000000000, 0.0000000000000000000 ) ) ;
#424 = VERTEX_POINT ( 'NONE', #5319 ) ;
#425 = VERTEX_POINT ( 'NONE', #7186 ) ;
#426 = CARTESIAN_POINT ( 'NONE',  ( 1.051954401941374200, 0.9499999999999936300, 1.099135055248403600 ) ) ;
#427 = ADVANCED_FACE ( 'NONE', ( #2225 ), #3569, .F. ) ;
#428 = CARTESIAN_POINT ( 'NONE',  ( -2.600000000468750000, 0.7999999999999999300, 0.7999999997750000300 ) ) ;
#429 = VECTOR ( 'NONE', #5674, 1000.000000000000000 ) ;
#430 = DIRECTION ( 'NONE',  ( 0.0000000000000000000, 0.0000000000000000000, -1.000000000000000000 ) ) ;
#431 = VECTOR ( 'NONE', #25, 1000.000000000000000 ) ;
#432 = EDGE_LOOP ( 'NONE', ( #5470, #1032, #3096, #6770 ) ) ;
#433 = ORIENTED_EDGE ( 'NONE', *, *, #3871, .F. ) ;
#434 = EDGE_LOOP ( 'NONE', ( #401, #6115 ) ) ;
#435 = EDGE_CURVE ( 'NONE', #7458, #93, #7515, .T. ) ;
#436 = CARTESIAN_POINT ( 'NONE',  ( -0.09038784605253182000, 1.139906666467844100, 1.258485669039685100 ) ) ;
#437 = VECTOR ( 'NONE', #4604, 1000.000000000000000 ) ;
#438 = ORIENTED_EDGE ( 'NONE', *, *, #7214, .F. ) ;
#439 = CARTESIAN_POINT ( 'NONE',  ( 1.349999999687497400, 1.200000000000000000, -1.899999999925000300 ) ) ;
#440 = DIRECTION ( 'NONE',  ( 1.000000000000000000, 0.0000000000000000000, 0.0000000000000000000 ) ) ;
#441 = CARTESIAN_POINT ( 'NONE',  ( 1.050000000000000900, 0.1500000000000000800, 1.649999999924999000 ) ) ;
#442 = CARTESIAN_POINT ( 'NONE',  ( -2.191281563921551300, 0.8188861774964952800, 0.9891174951434735800 ) ) ;
#443 = LINE ( 'NONE', #84, #2844 ) ;
#444 = ORIENTED_EDGE ( 'NONE', *, *, #4658, .T. ) ;
#445 = DIRECTION ( 'NONE',  ( -0.0000000000000000000, -1.000000000000000000, -0.0000000000000000000 ) ) ;
#446 = DIRECTION ( 'NONE',  ( 0.5000000000000001100, 0.0000000000000000000, 0.8660254037844386000 ) ) ;
#447 = ORIENTED_EDGE ( 'NONE', *, *, #5640, .F. ) ;
#448 = EDGE_CURVE ( 'NONE', #2935, #3361, #5993, .T. ) ;
#449 = EDGE_CURVE ( 'NONE', #2334, #5454, #2699, .T. ) ;
#450 = FACE_OUTER_BOUND ( 'NONE', #4349, .T. ) ;
#451 = VERTEX_POINT ( 'NONE', #647 ) ;
#452 = FACE_OUTER_BOUND ( 'NONE', #4900, .T. ) ;
#453 = LINE ( 'NONE', #4521, #4817 ) ;
#454 = CARTESIAN_POINT ( 'NONE',  ( 1.927500000000000200, 0.0000000000000000000, 0.0000000000000000000 ) ) ;
#455 = DIRECTION ( 'NONE',  ( 0.0000000000000000000, 0.0000000000000000000, 1.000000000000000000 ) ) ;
#456 = ORIENTED_EDGE ( 'NONE', *, *, #250, .T. ) ;
#457 = DIRECTION ( 'NONE',  ( -0.0000000000000000000, 1.000000000000000000, -0.0000000000000000000 ) ) ;
#458 = ORIENTED_EDGE ( 'NONE', *, *, #6286, .F. ) ;
#459 = VECTOR ( 'NONE', #7869, 1000.000000000000000 ) ;
#460 = CARTESIAN_POINT ( 'NONE',  ( 1.599999999999999600, 0.7499999999999998900, -0.5982233048283637200 ) ) ;
#461 = CARTESIAN_POINT ( 'NONE',  ( 2.074999999999999700, 0.7999999999999999300, -0.2500000001249999500 ) ) ;
#462 = VERTEX_POINT ( 'NONE', #7294 ) ;
#463 = ORIENTED_EDGE ( 'NONE', *, *, #3744, .F. ) ;
#464 = VECTOR ( 'NONE', #5100, 1000.000000000000200 ) ;
#465 = DIRECTION ( 'NONE',  ( -0.09343174671670150000, 0.0000000000000000000, -0.9956256870458224400 ) ) ;
#466 = ORIENTED_EDGE ( 'NONE', *, *, #7271, .T. ) ;
#467 = CIRCLE ( 'NONE', #7428, 0.1249999999999998900 ) ;
#468 = DIRECTION ( 'NONE',  ( 0.0000000000000000000, 0.0000000000000000000, 1.000000000000000000 ) ) ;
#469 = CARTESIAN_POINT ( 'NONE',  ( -2.750000000000000000, 1.200000000000000000, -1.600000000124999700 ) ) ;
#470 = CARTESIAN_POINT ( 'NONE',  ( -0.2249999999999989500, 1.050000000000000000, 1.649999999924999000 ) ) ;
#471 = LINE ( 'NONE', #5276, #3780 ) ;
#472 = ORIENTED_EDGE ( 'NONE', *, *, #4459, .F. ) ;
#473 = ADVANCED_FACE ( 'NONE', ( #1065 ), #1930, .F. ) ;
#474 = CYLINDRICAL_SURFACE ( 'NONE', #1503, 0.1249999999999998900 ) ;
#475 = VERTEX_POINT ( 'NONE', #6031 ) ;
#476 = CARTESIAN_POINT ( 'NONE',  ( -2.600000000000000500, 0.7999999999999999300, 0.6999999997749999400 ) ) ;
#477 = CARTESIAN_POINT ( 'NONE',  ( 0.1500000000000009400, 0.1500000000000000800, 1.649999999924999000 ) ) ;
#478 = ORIENTED_EDGE ( 'NONE', *, *, #127, .F. ) ;
#479 = EDGE_CURVE ( 'NONE', #1131, #6085, #7139, .T. ) ;
#481 = VECTOR ( 'NONE', #4943, 1000.000000000000000 ) ;
#480 = CARTESIAN_POINT ( 'NONE',  ( -1.424999999999998700, 1.050000000000000000, 1.899999999924999000 ) ) ;
#482 = DIRECTION ( 'NONE',  ( -1.000000000000000000, 0.0000000000000000000, 0.0000000000000000000 ) ) ;
#483 = VERTEX_POINT ( 'NONE', #6667 ) ;
#484 = ORIENTED_EDGE ( 'NONE', *, *, #4912, .T. ) ;
#485 = PLANE ( 'NONE',  #6751 ) ;
#486 = DIRECTION ( 'NONE',  ( -1.000000000000000000, 0.0000000000000000000, 0.0000000000000000000 ) ) ;
#487 = AXIS2_PLACEMENT_3D ( 'NONE', #2672, #225, #848 ) ;
#488 = VECTOR ( 'NONE', #5543, 1000.000000000000000 ) ;
#489 = CARTESIAN_POINT ( 'NONE',  ( -0.5999999999999993100, 0.5999999999999999800, 1.399999999924999000 ) ) ;
#490 = ORIENTED_EDGE ( 'NONE', *, *, #16, .F. ) ;
#491 = VECTOR ( 'NONE', #6967, 1000.000000000000000 ) ;
#492 = EDGE_CURVE ( 'NONE', #7792, #6863, #3803, .T. ) ;
#493 = ORIENTED_EDGE ( 'NONE', *, *, #895, .T. ) ;
#494 = DIRECTION ( 'NONE',  ( 0.0000000000000000000, 0.0000000000000000000, 1.000000000000000000 ) ) ;
#495 = DIRECTION ( 'NONE',  ( -1.000000000000000000, -0.0000000000000000000, -0.0000000000000000000 ) ) ;
#496 = EDGE_CURVE ( 'NONE', #3171, #206, #3707, .T. ) ;
#497 = DIRECTION ( 'NONE',  ( 1.000000000000000000, 0.0000000000000000000, -1.084202172180573300E-016 ) ) ;
#498 = EDGE_CURVE ( 'NONE', #5377, #287, #4178, .T. ) ;
#499 = VERTEX_POINT ( 'NONE', #5428 ) ;
#500 = CARTESIAN_POINT ( 'NONE',  ( 2.178857118481075000, 0.8500000000000013100, 0.8567203446829833000 ) ) ;
#501 = DIRECTION ( 'NONE',  ( -0.0000000000000000000, 1.000000000000000000, -0.0000000000000000000 ) ) ;
#502 = ORIENTED_EDGE ( 'NONE', *, *, #6742, .T. ) ;
#503 = ORIENTED_EDGE ( 'NONE', *, *, #4866, .F. ) ;
#504 = DIRECTION ( 'NONE',  ( 0.0000000000000000000, 0.0000000000000000000, -1.000000000000000000 ) ) ;
#505 = VECTOR ( 'NONE', #5313, 1000.000000000000000 ) ;
#506 = AXIS2_PLACEMENT_3D ( 'NONE', #1332, #2501, #2554 ) ;
#507 = ORIENTED_EDGE ( 'NONE', *, *, #870, .F. ) ;
#508 = EDGE_CURVE ( 'NONE', #2315, #799, #6838, .T. ) ;
#509 = ORIENTED_EDGE ( 'NONE', *, *, #6180, .F. ) ;
#510 = VECTOR ( 'NONE', #2368, 1000.000000000000000 ) ;
#511 = DIRECTION ( 'NONE',  ( -1.000000000000000000, 2.891205793294681400E-015, -0.0000000000000000000 ) ) ;
#512 = DIRECTION ( 'NONE',  ( 0.1299941854756611900, 0.0000000000000000000, -0.9915147561900020700 ) ) ;
#513 = VERTEX_POINT ( 'NONE', #3622 ) ;
#514 = CARTESIAN_POINT ( 'NONE',  ( 0.0000000000000000000, 0.5999999999999999800, 0.0000000000000000000 ) ) ;
#515 = VERTEX_POINT ( 'NONE', #3129 ) ;
#516 = VECTOR ( 'NONE', #2677, 1000.000000000000000 ) ;
#517 = CARTESIAN_POINT ( 'NONE',  ( 1.349999999687497400, 1.150000000000001000, -1.886602540303443400 ) ) ;
#518 = VECTOR ( 'NONE', #7684, 1000.000000000000000 ) ;
#519 = DIRECTION ( 'NONE',  ( -1.000000000000000000, -0.0000000000000000000, -0.0000000000000000000 ) ) ;
#520 = ORIENTED_EDGE ( 'NONE', *, *, #7707, .T. ) ;
#521 = DIRECTION ( 'NONE',  ( -1.000000000000000000, 0.0000000000000000000, -1.597913209883917700E-015 ) ) ;
#522 = ORIENTED_EDGE ( 'NONE', *, *, #1944, .T. ) ;
#523 = LINE ( 'NONE', #919, #6789 ) ;
#524 = CARTESIAN_POINT ( 'NONE',  ( 2.074999999999998800, 0.7999999999999999300, -0.5000000001250022300 ) ) ;
#525 = VERTEX_POINT ( 'NONE', #673 ) ;
#526 = ORIENTED_EDGE ( 'NONE', *, *, #5431, .T. ) ;
#527 = DIRECTION ( 'NONE',  ( -0.0000000000000000000, -1.000000000000000000, -0.0000000000000000000 ) ) ;
#528 = LINE ( 'NONE', #928, #3662 ) ;
#529 = CARTESIAN_POINT ( 'NONE',  ( -1.349999999687499400, 1.099999999999999900, -1.799999999925000300 ) ) ;
#530 = ORIENTED_EDGE ( 'NONE', *, *, #6164, .T. ) ;
#531 = ORIENTED_EDGE ( 'NONE', *, *, #4315, .F. ) ;
#532 = EDGE_CURVE ( 'NONE', #5587, #2540, #1361, .T. ) ;
#533 = DIRECTION ( 'NONE',  ( 0.0000000000000000000, -0.0000000000000000000, -1.000000000000000000 ) ) ;
#534 = CARTESIAN_POINT ( 'NONE',  ( -0.9749999999999989800, 1.000000000000000000, 1.649999999924999000 ) ) ;
#535 = LINE ( 'NONE', #7222, #348 ) ;
#536 = EDGE_LOOP ( 'NONE', ( #2166, #4742, #1520, #2562, #4015, #7884, #256, #5160 ) ) ;
#537 = CARTESIAN_POINT ( 'NONE',  ( 0.1839439118996367400, 1.200000000000000000, 1.164993580595600900 ) ) ;
#538 = DIRECTION ( 'NONE',  ( 0.0000000000000000000, 0.0000000000000000000, 1.000000000000000000 ) ) ;
#539 = ORIENTED_EDGE ( 'NONE', *, *, #2843, .T. ) ;
#540 = CARTESIAN_POINT ( 'NONE',  ( -0.3999999999999998000, 1.200000000000000000, -0.5982233048283635000 ) ) ;
#541 = LINE ( 'NONE', #5779, #1125 ) ;
#542 = EDGE_CURVE ( 'NONE', #722, #3126, #3988, .T. ) ;
#543 = EDGE_LOOP ( 'NONE', ( #5548, #7013, #7188, #6597, #1781 ) ) ;
#544 = EDGE_LOOP ( 'NONE', ( #5949, #4396, #1718, #5723 ) ) ;
#545 = DIRECTION ( 'NONE',  ( 0.1750888650302263900, 0.9845526341148183000, -0.0000000000000000000 ) ) ;
#546 = DIRECTION ( 'NONE',  ( -1.000000000000000000, 0.0000000000000000000, 0.0000000000000000000 ) ) ;
#547 = FACE_OUTER_BOUND ( 'NONE', #2335, .T. ) ;
#548 = CARTESIAN_POINT ( 'NONE',  ( 1.425000000000001200, 1.000000000000000000, 1.649999999924999000 ) ) ;
#549 = CARTESIAN_POINT ( 'NONE',  ( 2.749999999999998200, 0.4253461364713256300, -0.5499999999500014800 ) ) ;
#550 = ORIENTED_EDGE ( 'NONE', *, *, #5460, .T. ) ;
#551 = CIRCLE ( 'NONE', #4423, 0.2750000000000001900 ) ;
#552 = ORIENTED_EDGE ( 'NONE', *, *, #5510, .F. ) ;
#553 = CIRCLE ( 'NONE', #126, 0.1000000000000000500 ) ;
#554 = ORIENTED_EDGE ( 'NONE', *, *, #274, .T. ) ;
#555 = DIRECTION ( 'NONE',  ( -0.0000000000000000000, 0.0000000000000000000, 1.000000000000000000 ) ) ;
#556 = FACE_BOUND ( 'NONE', #4478, .T. ) ;
#557 = DIRECTION ( 'NONE',  ( 1.000000000000000000, 0.0000000000000000000, 0.0000000000000000000 ) ) ;
#558 = ORIENTED_EDGE ( 'NONE', *, *, #1113, .T. ) ;
#559 = VECTOR ( 'NONE', #1169, 1000.000000000000000 ) ;
#560 = CARTESIAN_POINT ( 'NONE',  ( 2.175000000468748900, 0.8939695520413333300, 0.9249999997749972500 ) ) ;
#561 = LINE ( 'NONE', #3416, #1828 ) ;
#562 = ORIENTED_EDGE ( 'NONE', *, *, #7569, .T. ) ;
#563 = LINE ( 'NONE', #2070, #7504 ) ;
#564 = CARTESIAN_POINT ( 'NONE',  ( 2.350000000468750000, 0.7999999999999999300, 1.074999999925000600 ) ) ;
#565 = VECTOR ( 'NONE', #4567, 1000.000000000000000 ) ;
#566 = CARTESIAN_POINT ( 'NONE',  ( 1.524999999999999700, 0.7999999999999999300, -0.2500000001250016200 ) ) ;
#567 = EDGE_LOOP ( 'NONE', ( #7251, #4192, #5633, #4324, #4677 ) ) ;
#568 = EDGE_CURVE ( 'NONE', #7429, #5194, #7038, .T. ) ;
#569 = VERTEX_POINT ( 'NONE', #620 ) ;
#570 = VECTOR ( 'NONE', #204, 1000.000000000000000 ) ;
#571 = DIRECTION ( 'NONE',  ( 0.0000000000000000000, 0.0000000000000000000, 1.000000000000000000 ) ) ;
#572 = ORIENTED_EDGE ( 'NONE', *, *, #3497, .F. ) ;
#573 = CARTESIAN_POINT ( 'NONE',  ( -1.000000000281250400, 0.0000000000000000000, -1.500000000125000000 ) ) ;
#574 = VECTOR ( 'NONE', #1397, 1000.000000000000000 ) ;
#575 = VERTEX_POINT ( 'NONE', #2425 ) ;
#576 = EDGE_CURVE ( 'NONE', #2552, #885, #3242, .T. ) ;
#577 = DIRECTION ( 'NONE',  ( -0.0000000000000000000, -0.0000000000000000000, 1.000000000000000000 ) ) ;
#578 = EDGE_CURVE ( 'NONE', #4085, #6599, #5318, .T. ) ;
#579 = VECTOR ( 'NONE', #734, 1000.000000000000000 ) ;
#580 = DIRECTION ( 'NONE',  ( 0.0000000000000000000, 0.0000000000000000000, -1.000000000000000000 ) ) ;
#581 = ADVANCED_FACE ( 'NONE', ( #4550 ), #5591, .F. ) ;
#582 = PLANE ( 'NONE',  #6769 ) ;
#583 = VECTOR ( 'NONE', #4228, 999.9999999999998900 ) ;
#584 = ORIENTED_EDGE ( 'NONE', *, *, #5582, .F. ) ;
#585 = FILL_AREA_STYLE_COLOUR ( '', #6531 ) ;
#586 = LINE ( 'NONE', #4695, #505 ) ;
#587 = VERTEX_POINT ( 'NONE', #2479 ) ;
#588 = ORIENTED_EDGE ( 'NONE', *, *, #3287, .F. ) ;
#589 = EDGE_CURVE ( 'NONE', #7813, #888, #2124, .T. ) ;
#590 = CARTESIAN_POINT ( 'NONE',  ( 2.499999999999999600, 0.5000000000000000000, 0.6999999997749999400 ) ) ;
#591 = CARTESIAN_POINT ( 'NONE',  ( -2.750000000000000000, 0.4253461364713247400, -1.600000000124999700 ) ) ;
#592 = ORIENTED_EDGE ( 'NONE', *, *, #7826, .T. ) ;
#593 = EDGE_CURVE ( 'NONE', #7653, #6002, #3051, .T. ) ;
#594 = CARTESIAN_POINT ( 'NONE',  ( -2.174999999999998900, 1.000000000000000000, 1.649999999924999000 ) ) ;
#595 = CARTESIAN_POINT ( 'NONE',  ( 0.7999999999999997100, 0.7499999999999998900, -0.7000000001249999700 ) ) ;
#596 = EDGE_CURVE ( 'NONE', #1551, #7378, #2965, .T. ) ;
#597 = VECTOR ( 'NONE', #7388, 1000.000000000000000 ) ;
#598 = CARTESIAN_POINT ( 'NONE',  ( 1.524999999999999900, 0.7499999999999998900, -0.2500000001249999500 ) ) ;
#599 = VECTOR ( 'NONE', #5991, 1000.000000000000000 ) ;
#600 = VERTEX_POINT ( 'NONE', #2644 ) ;
#601 = CARTESIAN_POINT ( 'NONE',  ( 0.4725000000000000300, 0.0000000000000000000, 0.0000000000000000000 ) ) ;
#602 = AXIS2_PLACEMENT_3D ( 'NONE', #3101, #1903, #3185 ) ;
#603 = LINE ( 'NONE', #7318, #1867 ) ;
#604 = EDGE_CURVE ( 'NONE', #7469, #763, #2311, .T. ) ;
#605 = DIRECTION ( 'NONE',  ( 0.0000000000000000000, 0.0000000000000000000, 1.000000000000000000 ) ) ;
#606 = VERTEX_POINT ( 'NONE', #5620 ) ;
#607 = CARTESIAN_POINT ( 'NONE',  ( 1.200000000000000400, 0.7999999999999999300, 1.074999999925000600 ) ) ;
#608 = DIRECTION ( 'NONE',  ( 0.0000000000000000000, 0.0000000000000000000, 1.000000000000000000 ) ) ;
#609 = ORIENTED_EDGE ( 'NONE', *, *, #5725, .T. ) ;
#610 = DIRECTION ( 'NONE',  ( 1.000000000000000000, 0.0000000000000000000, 0.0000000000000000000 ) ) ;
#611 = VECTOR ( 'NONE', #3385, 1000.000000000000200 ) ;
#612 = VERTEX_POINT ( 'NONE', #5024 ) ;
#613 = DIRECTION ( 'NONE',  ( 1.000000000000000000, 0.0000000000000000000, 0.0000000000000000000 ) ) ;
#614 = DIRECTION ( 'NONE',  ( -1.000000000000000000, -0.0000000000000000000, -0.0000000000000000000 ) ) ;
#615 = EDGE_LOOP ( 'NONE', ( #7749, #7131, #4183, #2514 ) ) ;
#616 = CARTESIAN_POINT ( 'NONE',  ( 2.500000000468747700, 0.2000000000000000900, -1.400000000150000400 ) ) ;
#617 = CARTESIAN_POINT ( 'NONE',  ( 2.500000000468750400, 0.7999999999999999300, 0.9732701105718156700 ) ) ;
#618 = PLANE ( 'NONE',  #3467 ) ;
#619 = CARTESIAN_POINT ( 'NONE',  ( 1.051272786571499500, 0.9444751167444145300, 1.094499127746349600 ) ) ;
#620 = CARTESIAN_POINT ( 'NONE',  ( -0.1487272134285000900, 0.9499999999999935200, 1.094499127746349600 ) ) ;
#621 = LINE ( 'NONE', #7591, #141 ) ;
#622 = ORIENTED_EDGE ( 'NONE', *, *, #5890, .T. ) ;
#623 = AXIS2_PLACEMENT_3D ( 'NONE', #2142, #4649, #1086 ) ;
#624 = ADVANCED_FACE ( 'NONE', ( #3607 ), #2009, .F. ) ;
#625 = EDGE_CURVE ( 'NONE', #2805, #6851, #7612, .T. ) ;
#626 = CARTESIAN_POINT ( 'NONE',  ( -1.999999999999999600, 1.200000000000000000, -0.7000000001249999700 ) ) ;
#627 = LINE ( 'NONE', #1990, #1024 ) ;
#628 = VERTEX_POINT ( 'NONE', #4359 ) ;
#629 =( NAMED_UNIT ( * ) SI_UNIT ( $, .STERADIAN. ) SOLID_ANGLE_UNIT ( ) );
#630 = EDGE_LOOP ( 'NONE', ( #1185, #4168, #4247, #3274 ) ) ;
#631 = ADVANCED_FACE ( 'NONE', ( #6638 ), #5650, .F. ) ;
#632 = AXIS2_PLACEMENT_3D ( 'NONE', #4997, #3211, #5621 ) ;
#633 = FACE_OUTER_BOUND ( 'NONE', #7024, .T. ) ;
#634 = ORIENTED_EDGE ( 'NONE', *, *, #6576, .F. ) ;
#635 = DIRECTION ( 'NONE',  ( -0.7071067811865489100, -0.0000000000000000000, 0.7071067811865462400 ) ) ;
#636 = LINE ( 'NONE', #4725, #4143 ) ;
#637 = EDGE_CURVE ( 'NONE', #2717, #5507, #6940, .T. ) ;
#638 = EDGE_CURVE ( 'NONE', #5153, #6011, #7799, .T. ) ;
#639 = CARTESIAN_POINT ( 'NONE',  ( 1.525000000000001000, 0.5999999999999999800, 1.649999999924999000 ) ) ;
#640 = CIRCLE ( 'NONE', #3325, 0.1940817451771168800 ) ;
#641 = DIRECTION ( 'NONE',  ( -0.0000000000000000000, 1.000000000000000000, -0.0000000000000000000 ) ) ;
#642 = ORIENTED_EDGE ( 'NONE', *, *, #4851, .F. ) ;
#643 = CARTESIAN_POINT ( 'NONE',  ( -0.3250000000000000100, 0.9499999999999935200, -0.2500000001249999500 ) ) ;
#644 = ORIENTED_EDGE ( 'NONE', *, *, #7508, .F. ) ;
#645 = FACE_OUTER_BOUND ( 'NONE', #7375, .T. ) ;
#646 = DIRECTION ( 'NONE',  ( 7.228014483236778800E-015, -0.0000000000000000000, -1.000000000000000000 ) ) ;
#647 = CARTESIAN_POINT ( 'NONE',  ( 2.175000000468748900, 0.8939695520413333300, 0.9249999997749972500 ) ) ;
#648 = ORIENTED_EDGE ( 'NONE', *, *, #4147, .T. ) ;
#649 = EDGE_LOOP ( 'NONE', ( #5334, #4914, #3831, #3338, #4529, #4852, #1209, #4011, #5601 ) ) ;
#650 = AXIS2_PLACEMENT_3D ( 'NONE', #7086, #5214, #4625 ) ;
#651 = LINE ( 'NONE', #1212, #1134 ) ;
#652 = ORIENTED_EDGE ( 'NONE', *, *, #7071, .F. ) ;
#653 = VECTOR ( 'NONE', #4760, 1000.000000000000000 ) ;
#654 = DIRECTION ( 'NONE',  ( 1.000000000000000000, 0.0000000000000000000, 0.0000000000000000000 ) ) ;
#655 = LINE ( 'NONE', #5351, #4173 ) ;
#656 = ORIENTED_EDGE ( 'NONE', *, *, #5266, .F. ) ;
#657 = CARTESIAN_POINT ( 'NONE',  ( -0.3999999999999999700, 1.200000000000000000, -0.7000000001249999700 ) ) ;
#658 = DIRECTION ( 'NONE',  ( -0.0000000000000000000, 1.000000000000000000, -0.0000000000000000000 ) ) ;
#659 = FACE_OUTER_BOUND ( 'NONE', #125, .T. ) ;
#660 = DIRECTION ( 'NONE',  ( -0.0000000000000000000, -1.000000000000000000, -0.0000000000000000000 ) ) ;
#661 = ORIENTED_EDGE ( 'NONE', *, *, #236, .F. ) ;
#662 = ORIENTED_EDGE ( 'NONE', *, *, #1217, .T. ) ;
#663 = ADVANCED_FACE ( 'NONE', ( #4366 ), #821, .F. ) ;
#664 = CARTESIAN_POINT ( 'NONE',  ( 1.999999999999999600, 1.200000000000000000, -0.5750000001249999700 ) ) ;
#665 = VECTOR ( 'NONE', #3165, 1000.000000000000000 ) ;
#666 = ORIENTED_EDGE ( 'NONE', *, *, #2938, .F. ) ;
#667 = DIRECTION ( 'NONE',  ( -3.469446951953576300E-015, 0.0000000000000000000, -1.000000000000000000 ) ) ;
#668 = LINE ( 'NONE', #253, #2702 ) ;
#669 = ORIENTED_EDGE ( 'NONE', *, *, #7299, .T. ) ;
#670 = PLANE ( 'NONE',  #5133 ) ;
#671 = ADVANCED_FACE ( 'NONE', ( #6363 ), #1340, .F. ) ;
#672 = DIRECTION ( 'NONE',  ( -1.000000000000000000, -0.0000000000000000000, -0.0000000000000000000 ) ) ;
#673 = CARTESIAN_POINT ( 'NONE',  ( 0.3250000000000004600, 0.5999999999999999800, 1.649999999924999000 ) ) ;
#674 =( BOUNDED_CURVE ( )  B_SPLINE_CURVE ( 3, ( #926, #5168, #257, #7645 ),
 .UNSPECIFIED., .F., .T. ) 
 B_SPLINE_CURVE_WITH_KNOTS ( ( 4, 4 ),
 ( 1.570796326794896600, 2.715035063272647000 ),
 .UNSPECIFIED. ) 
 CURVE ( )  GEOMETRIC_REPRESENTATION_ITEM ( )  RATIONAL_B_SPLINE_CURVE ( ( 1.000000000000000000, 0.8938369374679588900, 0.8938369374679588900, 1.000000000000000000 ) ) 
 REPRESENTATION_ITEM ( '' )  );
#675 = CARTESIAN_POINT ( 'NONE',  ( 2.400000000468749400, 1.200000000000000000, -0.2500000001249999500 ) ) ;
#676 = VERTEX_POINT ( 'NONE', #160 ) ;
#677 = EDGE_CURVE ( 'NONE', #3541, #7590, #2032, .T. ) ;
#678 = VERTEX_POINT ( 'NONE', #7425 ) ;
#679 = LINE ( 'NONE', #3348, #5330 ) ;
#680 = VERTEX_POINT ( 'NONE', #725 ) ;
#681 = DIRECTION ( 'NONE',  ( -0.0000000000000000000, 0.9848077530122085800, 0.1736481776669278300 ) ) ;
#682 = AXIS2_PLACEMENT_3D ( 'NONE', #3225, #6145, #2549 ) ;
#683 = VERTEX_POINT ( 'NONE', #6157 ) ;
#684 = CARTESIAN_POINT ( 'NONE',  ( -1.200000000000000400, 0.9499999999999936300, 1.074999999925000600 ) ) ;
#685 = ORIENTED_EDGE ( 'NONE', *, *, #6329, .F. ) ;
#686 = DIRECTION ( 'NONE',  ( -9.974659986866621900E-015, 0.0000000000000000000, 1.000000000000000000 ) ) ;
#687 = EDGE_CURVE ( 'NONE', #4126, #7412, #1647, .T. ) ;
#688 = EDGE_LOOP ( 'NONE', ( #4982, #6233, #5630, #4256, #3627, #2223, #1716, #1400 ) ) ;
#689 = VECTOR ( 'NONE', #6240, 1000.000000000000100 ) ;
#690 = VERTEX_POINT ( 'NONE', #3210 ) ;
#691 = DIRECTION ( 'NONE',  ( -1.000000000000000000, 0.0000000000000000000, 0.0000000000000000000 ) ) ;
#692 = ORIENTED_EDGE ( 'NONE', *, *, #1858, .T. ) ;
#693 = LINE ( 'NONE', #2925, #7734 ) ;
#694 = EDGE_CURVE ( 'NONE', #7630, #2152, #6257, .T. ) ;
#695 = CARTESIAN_POINT ( 'NONE',  ( -1.424999999999998700, 1.050000000000000000, 1.899999999924999700 ) ) ;
#696 = EDGE_CURVE ( 'NONE', #1584, #2444, #6165, .T. ) ;
#697 = DIRECTION ( 'NONE',  ( 0.1299941854756611900, 0.0000000000000000000, -0.9915147561900020700 ) ) ;
#698 = VERTEX_POINT ( 'NONE', #3306 ) ;
#699 = EDGE_CURVE ( 'NONE', #6851, #4494, #290, .T. ) ;
#700 = DIRECTION ( 'NONE',  ( -0.0000000000000000000, 1.000000000000000000, -0.0000000000000000000 ) ) ;
#701 = DIRECTION ( 'NONE',  ( -0.0000000000000000000, -0.0000000000000000000, 1.000000000000000000 ) ) ;
#702 = DIRECTION ( 'NONE',  ( 0.0000000000000000000, -0.0000000000000000000, 1.000000000000000000 ) ) ;
#703 = VERTEX_POINT ( 'NONE', #5695 ) ;
#704 = FACE_OUTER_BOUND ( 'NONE', #5057, .T. ) ;
#705 = ADVANCED_FACE ( 'NONE', ( #184 ), #252, .F. ) ;
#706 = LINE ( 'NONE', #2184, #2738 ) ;
#707 = VERTEX_POINT ( 'NONE', #3870 ) ;
#708 = CARTESIAN_POINT ( 'NONE',  ( 2.500000000468749000, 0.9499999999999936300, 1.224999999925000500 ) ) ;
#709 = AXIS2_PLACEMENT_3D ( 'NONE', #4387, #5590, #2008 ) ;
#710 = VERTEX_POINT ( 'NONE', #6319 ) ;
#711 = PLANE ( 'NONE',  #7449 ) ;
#712 = CARTESIAN_POINT ( 'NONE',  ( -1.927499999999999800, 0.0000000000000000000, -0.7000000001249999700 ) ) ;
#713 = ADVANCED_FACE ( 'NONE', ( #81 ), #4493, .F. ) ;
#714 = CIRCLE ( 'NONE', #6317, 0.1000000000000000500 ) ;
#715 = VERTEX_POINT ( 'NONE', #324 ) ;
#716 = DIRECTION ( 'NONE',  ( 0.1743879540903232300, -0.9846770239363723500, -0.0000000000000000000 ) ) ;
#717 = LINE ( 'NONE', #2905, #4040 ) ;
#718 = EDGE_CURVE ( 'NONE', #5726, #3057, #1157, .T. ) ;
#719 = ORIENTED_EDGE ( 'NONE', *, *, #236, .T. ) ;
#720 = DIRECTION ( 'NONE',  ( -0.0000000000000000000, -1.000000000000000000, -0.0000000000000000000 ) ) ;
#721 = DIRECTION ( 'NONE',  ( -0.0000000000000000000, -1.000000000000000000, -0.0000000000000000000 ) ) ;
#722 = VERTEX_POINT ( 'NONE', #7020 ) ;
#723 = DIRECTION ( 'NONE',  ( 0.0000000000000000000, 0.0000000000000000000, 1.000000000000000000 ) ) ;
#724 = CARTESIAN_POINT ( 'NONE',  ( 0.3250000000000000100, 0.9499999999999936300, -0.2500000001249999500 ) ) ;
#725 = CARTESIAN_POINT ( 'NONE',  ( -0.4724999999999998100, 0.0000000000000000000, -0.4000000001250000900 ) ) ;
#726 = DIRECTION ( 'NONE',  ( 0.0000000000000000000, -1.000000000000000000, 0.0000000000000000000 ) ) ;
#727 = AXIS2_PLACEMENT_3D ( 'NONE', #2072, #4447, #828 ) ;
#728 = DIRECTION ( 'NONE',  ( -1.000000000000000000, 0.0000000000000000000, 0.0000000000000000000 ) ) ;
#729 = FACE_OUTER_BOUND ( 'NONE', #7329, .T. ) ;
#730 = EDGE_LOOP ( 'NONE', ( #1680, #4002, #552, #490, #1277 ) ) ;
#731 = PLANE ( 'NONE',  #4507 ) ;
#732 = EDGE_CURVE ( 'NONE', #5900, #2830, #2596, .T. ) ;
#733 = ORIENTED_EDGE ( 'NONE', *, *, #5023, .F. ) ;
#734 = DIRECTION ( 'NONE',  ( -0.0000000000000000000, 1.000000000000000000, -0.0000000000000000000 ) ) ;
#735 = VECTOR ( 'NONE', #2946, 1000.000000000000200 ) ;
#736 = ORIENTED_EDGE ( 'NONE', *, *, #3238, .F. ) ;
#737 = DIRECTION ( 'NONE',  ( 0.7071067811865482400, 0.0000000000000000000, -0.7071067811865469100 ) ) ;
#738 = ORIENTED_EDGE ( 'NONE', *, *, #6377, .F. ) ;
#739 = VECTOR ( 'NONE', #4722, 1000.000000000000000 ) ;
#740 = ORIENTED_EDGE ( 'NONE', *, *, #3207, .F. ) ;
#741 = ADVANCED_FACE ( 'NONE', ( #7415 ), #5803, .F. ) ;
#742 = CARTESIAN_POINT ( 'NONE',  ( 0.4750000000000114100, 0.5999999999999999800, -1.600000000124983200 ) ) ;
#743 = LINE ( 'NONE', #3065, #3224 ) ;
#744 = EDGE_CURVE ( 'NONE', #4157, #2334, #3792, .T. ) ;
#745 = VERTEX_POINT ( 'NONE', #7498 ) ;
#746 = FACE_OUTER_BOUND ( 'NONE', #544, .T. ) ;
#747 = EDGE_CURVE ( 'NONE', #7435, #2341, #2217, .T. ) ;
#748 = EDGE_CURVE ( 'NONE', #3777, #4238, #2395, .T. ) ;
#749 = ORIENTED_EDGE ( 'NONE', *, *, #5611, .F. ) ;
#750 = LINE ( 'NONE', #4162, #3972 ) ;
#751 = ORIENTED_EDGE ( 'NONE', *, *, #3156, .F. ) ;
#752 = CARTESIAN_POINT ( 'NONE',  ( -0.2249999999999989500, 1.050000000000000000, 1.649999999924999000 ) ) ;
#753 = DIRECTION ( 'NONE',  ( -0.0000000000000000000, -1.000000000000000000, -0.0000000000000000000 ) ) ;
#754 = DIRECTION ( 'NONE',  ( -0.0000000000000000000, 1.000000000000000000, -0.0000000000000000000 ) ) ;
#755 = LINE ( 'NONE', #5287, #2206 ) ;
#756 = DIRECTION ( 'NONE',  ( -0.0000000000000000000, -0.0000000000000000000, 1.000000000000000000 ) ) ;
#757 = ADVANCED_FACE ( 'NONE', ( #4744 ), #2087, .F. ) ;
#758 = DIRECTION ( 'NONE',  ( 1.000000000000000000, 0.0000000000000000000, 0.0000000000000000000 ) ) ;
#759 = CARTESIAN_POINT ( 'NONE',  ( -1.051272786571499500, 0.7999999999999999300, 1.094499127746349600 ) ) ;
#760 = ORIENTED_EDGE ( 'NONE', *, *, #1254, .T. ) ;
#761 = FACE_OUTER_BOUND ( 'NONE', #948, .T. ) ;
#762 = FACE_OUTER_BOUND ( 'NONE', #7333, .T. ) ;
#763 = VERTEX_POINT ( 'NONE', #5162 ) ;
#764 = FACE_OUTER_BOUND ( 'NONE', #6764, .T. ) ;
#765 = CARTESIAN_POINT ( 'NONE',  ( -2.600000000468750900, 1.200000000000000000, 0.6999999997749999400 ) ) ;
#766 = VECTOR ( 'NONE', #7322, 1000.000000000000000 ) ;
#767 = CARTESIAN_POINT ( 'NONE',  ( 0.8749999999999996700, 0.7499999999999998900, -0.2500000001249999500 ) ) ;
#768 = ORIENTED_EDGE ( 'NONE', *, *, #812, .T. ) ;
#769 = DIRECTION ( 'NONE',  ( 6.505213034913019000E-014, 0.0000000000000000000, -1.000000000000000000 ) ) ;
#770 = CARTESIAN_POINT ( 'NONE',  ( -1.000000000281249200, 0.1000000000000000500, -1.799999999925000000 ) ) ;
#771 = VECTOR ( 'NONE', #3932, 1000.000000000000000 ) ;
#772 = ORIENTED_EDGE ( 'NONE', *, *, #4395, .T. ) ;
#773 = CARTESIAN_POINT ( 'NONE',  ( -2.500000000468749500, 0.0000000000000000000, -1.200000000149999500 ) ) ;
#774 = CARTESIAN_POINT ( 'NONE',  ( -0.7999999999999997100, 0.7999999999999999300, -0.7000000001249999700 ) ) ;
#775 = CARTESIAN_POINT ( 'NONE',  ( 1.051272786571499700, 0.9499999999999936300, 1.094499127746349600 ) ) ;
#776 = LINE ( 'NONE', #1068, #4376 ) ;
#777 = ORIENTED_EDGE ( 'NONE', *, *, #5784, .T. ) ;
#778 = LINE ( 'NONE', #6803, #7048 ) ;
#779 = ORIENTED_EDGE ( 'NONE', *, *, #2000, .T. ) ;
#780 = LINE ( 'NONE', #1856, #3532 ) ;
#781 = DIRECTION ( 'NONE',  ( 0.5000000000000001100, 0.0000000000000000000, -0.8660254037844386000 ) ) ;
#782 = DIRECTION ( 'NONE',  ( -0.7071067811865454600, 0.0000000000000000000, 0.7071067811865495700 ) ) ;
#783 = AXIS2_PLACEMENT_3D ( 'NONE', #416, #5882, #3421 ) ;
#784 = ORIENTED_EDGE ( 'NONE', *, *, #4410, .F. ) ;
#785 = CARTESIAN_POINT ( 'NONE',  ( -2.500000000468749900, 0.9499999999999936300, 1.224999999925000500 ) ) ;
#786 = CARTESIAN_POINT ( 'NONE',  ( -2.500000000468749500, 0.1000000000000000500, -0.4499999999499997800 ) ) ;
#787 = DIRECTION ( 'NONE',  ( -0.08397606092017125000, -0.7633385997021098200, -0.6405171374734276400 ) ) ;
#788 = VECTOR ( 'NONE', #4745, 999.9999999999998900 ) ;
#789 = ORIENTED_EDGE ( 'NONE', *, *, #956, .T. ) ;
#790 = CARTESIAN_POINT ( 'NONE',  ( 0.7999999999999998200, 0.7499999999999998900, -0.5982233048283627200 ) ) ;
#791 = CARTESIAN_POINT ( 'NONE',  ( 0.0000000000000000000, 0.7999999999999999300, -0.3750000001249999500 ) ) ;
#792 = EDGE_CURVE ( 'NONE', #1416, #310, #2841, .T. ) ;
#793 = LINE ( 'NONE', #3240, #5537 ) ;
#794 = DIRECTION ( 'NONE',  ( 0.0000000000000000000, 0.0000000000000000000, 1.000000000000000000 ) ) ;
#795 = ORIENTED_EDGE ( 'NONE', *, *, #677, .T. ) ;
#796 = ADVANCED_FACE ( 'NONE', ( #3433 ), #2774, .F. ) ;
#797 = ORIENTED_EDGE ( 'NONE', *, *, #5510, .T. ) ;
#798 = PLANE ( 'NONE',  #5911 ) ;
#799 = VERTEX_POINT ( 'NONE', #3845 ) ;
#800 = CARTESIAN_POINT ( 'NONE',  ( 1.349999999687498300, 0.1000000000000000500, -1.600000000125000300 ) ) ;
#801 = CARTESIAN_POINT ( 'NONE',  ( 1.425000000000001200, 1.050000000000000000, 1.649999999924999000 ) ) ;
#802 = AXIS2_PLACEMENT_3D ( 'NONE', #1, #6170, #4371 ) ;
#803 = VECTOR ( 'NONE', #1249, 1000.000000000000000 ) ;
#804 = DIRECTION ( 'NONE',  ( -0.0000000000000000000, -1.000000000000000000, -0.0000000000000000000 ) ) ;
#805 = CARTESIAN_POINT ( 'NONE',  ( -1.606530931676095800, 1.186032579360965400, 1.297189905536019000 ) ) ;
#806 = VECTOR ( 'NONE', #1866, 1000.000000000000000 ) ;
#807 = EDGE_CURVE ( 'NONE', #6437, #3276, #6545, .T. ) ;
#808 = ADVANCED_FACE ( 'NONE', ( #384 ), #2874, .F. ) ;
#809 = DIRECTION ( 'NONE',  ( -0.09343174671670150000, 0.0000000000000000000, -0.9956256870458224400 ) ) ;
#810 = ORIENTED_EDGE ( 'NONE', *, *, #4552, .T. ) ;
#811 = EDGE_CURVE ( 'NONE', #6447, #2970, #1928, .T. ) ;
#812 = EDGE_CURVE ( 'NONE', #513, #4907, #1250, .T. ) ;
#813 = CARTESIAN_POINT ( 'NONE',  ( -0.3250000000000000100, 0.7499999999999998900, -0.2500000001249999500 ) ) ;
#814 = VECTOR ( 'NONE', #71, 1000.000000000000200 ) ;
#815 = VERTEX_POINT ( 'NONE', #4594 ) ;
#816 = ORIENTED_EDGE ( 'NONE', *, *, #6907, .T. ) ;
#817 = PLANE ( 'NONE',  #6986 ) ;
#818 = EDGE_CURVE ( 'NONE', #2924, #6109, #2781, .T. ) ;
#819 = PLANE ( 'NONE',  #3061 ) ;
#820 = EDGE_CURVE ( 'NONE', #7458, #2895, #755, .T. ) ;
#821 = PLANE ( 'NONE',  #5856 ) ;
#822 = FACE_OUTER_BOUND ( 'NONE', #730, .T. ) ;
#824 = DIRECTION ( 'NONE',  ( -0.0000000000000000000, 1.000000000000000000, -0.0000000000000000000 ) ) ;
#823 = CARTESIAN_POINT ( 'NONE',  ( 2.175000000468748900, 0.8189695520413333700, 0.9249999997749972500 ) ) ;
#825 = ORIENTED_EDGE ( 'NONE', *, *, #3006, .F. ) ;
#826 = DIRECTION ( 'NONE',  ( -1.000000000000000000, -2.891205793294679400E-015, -0.0000000000000000000 ) ) ;
#827 = CARTESIAN_POINT ( 'NONE',  ( -2.174999999999998900, 1.050000000000000000, 1.649999999924999000 ) ) ;
#828 = DIRECTION ( 'NONE',  ( 0.0000000000000000000, -0.0000000000000000000, -1.000000000000000000 ) ) ;
#829 = AXIS2_PLACEMENT_3D ( 'NONE', #7181, #7791, #486 ) ;
#830 = LINE ( 'NONE', #4624, #437 ) ;
#831 = DIRECTION ( 'NONE',  ( -0.0000000000000000000, 1.000000000000000000, -0.0000000000000000000 ) ) ;
#832 = ORIENTED_EDGE ( 'NONE', *, *, #694, .F. ) ;
#833 = DIRECTION ( 'NONE',  ( 0.0000000000000000000, 0.0000000000000000000, -1.000000000000000000 ) ) ;
#834 = VECTOR ( 'NONE', #4673, 1000.000000000000000 ) ;
#835 = EDGE_LOOP ( 'NONE', ( #7334, #6941, #2915, #7016 ) ) ;
#836 = ADVANCED_FACE ( 'NONE', ( #3519 ), #1147, .F. ) ;
#837 = DIRECTION ( 'NONE',  ( -1.000000000000000000, 0.0000000000000000000, 0.0000000000000000000 ) ) ;
#838 = VECTOR ( 'NONE', #1996, 1000.000000000000000 ) ;
#839 = ORIENTED_EDGE ( 'NONE', *, *, #6477, .F. ) ;
#840 = FACE_OUTER_BOUND ( 'NONE', #2073, .T. ) ;
#841 = CARTESIAN_POINT ( 'NONE',  ( -2.175000000468748900, 0.8939695520413333300, 0.9249999997749972500 ) ) ;
#842 = CARTESIAN_POINT ( 'NONE',  ( -1.599999999999999900, 0.7499999999999998900, -0.7000000001249999700 ) ) ;
#843 = DIRECTION ( 'NONE',  ( 0.0000000000000000000, 0.0000000000000000000, 1.000000000000000000 ) ) ;
#844 = VERTEX_POINT ( 'NONE', #4617 ) ;
#845 = DIRECTION ( 'NONE',  ( -0.0000000000000000000, 1.000000000000000000, -0.0000000000000000000 ) ) ;
#846 = AXIS2_PLACEMENT_3D ( 'NONE', #927, #3879, #6997 ) ;
#847 = VECTOR ( 'NONE', #7540, 1000.000000000000000 ) ;
#848 = DIRECTION ( 'NONE',  ( -1.000000000000000000, -2.891205793294679400E-015, 0.0000000000000000000 ) ) ;
#849 = ORIENTED_EDGE ( 'NONE', *, *, #6837, .T. ) ;
#850 = EDGE_CURVE ( 'NONE', #4360, #4008, #5403, .T. ) ;
#851 = CARTESIAN_POINT ( 'NONE',  ( 0.8750000000000007800, 0.5999999999999999800, 1.399999999924999000 ) ) ;
#852 = EDGE_LOOP ( 'NONE', ( #2780, #644, #7138, #270, #1357, #6974 ) ) ;
#853 = LINE ( 'NONE', #4771, #6819 ) ;
#854 = DIRECTION ( 'NONE',  ( 1.000000000000000000, -0.0000000000000000000, -1.195883978681411600E-015 ) ) ;
#855 = VERTEX_POINT ( 'NONE', #2286 ) ;
#856 = ORIENTED_EDGE ( 'NONE', *, *, #2909, .T. ) ;
#857 = CARTESIAN_POINT ( 'NONE',  ( -1.672499999999999700, 0.0000000000000000000, -0.4000000001250000900 ) ) ;
#858 = DIRECTION ( 'NONE',  ( -0.0000000000000000000, 1.000000000000000000, -0.0000000000000000000 ) ) ;
#859 = CARTESIAN_POINT ( 'NONE',  ( 2.749999999999997800, 1.200000000000000000, -1.200000000150000400 ) ) ;
#860 = DIRECTION ( 'NONE',  ( -0.0000000000000000000, -0.0000000000000000000, 1.000000000000000000 ) ) ;
#861 = FACE_BOUND ( 'NONE', #688, .T. ) ;
#862 = DIRECTION ( 'NONE',  ( -0.1299941854756611900, 0.0000000000000000000, -0.9915147561900020700 ) ) ;
#863 = EDGE_LOOP ( 'NONE', ( #1708, #7753, #1100, #648 ) ) ;
#864 = FACE_OUTER_BOUND ( 'NONE', #3402, .T. ) ;
#865 = FACE_OUTER_BOUND ( 'NONE', #62, .T. ) ;
#866 = EDGE_LOOP ( 'NONE', ( #2570, #7804, #7022, #6229 ) ) ;
#867 = EDGE_CURVE ( 'NONE', #4318, #1557, #3698, .T. ) ;
#868 = LINE ( 'NONE', #5781, #1824 ) ;
#869 = EDGE_CURVE ( 'NONE', #1168, #6407, #6067, .T. ) ;
#870 = EDGE_CURVE ( 'NONE', #5560, #5910, #72, .T. ) ;
#871 = DIRECTION ( 'NONE',  ( -0.0000000000000000000, 1.000000000000000000, 0.0000000000000000000 ) ) ;
#872 = VERTEX_POINT ( 'NONE', #7076 ) ;
#873 = VERTEX_POINT ( 'NONE', #3985 ) ;
#874 = PLANE ( 'NONE',  #6265 ) ;
#875 = PRODUCT_DEFINITION_CONTEXT ( 'detailed design', #1293, 'design' ) ;
#876 = CARTESIAN_POINT ( 'NONE',  ( -1.349999999999998800, 1.050000000000000000, 1.649999999924999000 ) ) ;
#877 = LINE ( 'NONE', #6491, #3166 ) ;
#878 = ORIENTED_EDGE ( 'NONE', *, *, #6439, .F. ) ;
#879 = ADVANCED_FACE ( 'NONE', ( #7319 ), #4016, .T. ) ;
#880 = FACE_OUTER_BOUND ( 'NONE', #7039, .T. ) ;
#881 = ORIENTED_EDGE ( 'NONE', *, *, #3196, .F. ) ;
#882 = DIRECTION ( 'NONE',  ( -1.000000000000000000, 0.0000000000000000000, 0.0000000000000000000 ) ) ;
#883 = DIRECTION ( 'NONE',  ( 2.891205795222147400E-015, 0.0000000000000000000, -1.000000000000000000 ) ) ;
#884 = VECTOR ( 'NONE', #904, 1000.000000000000000 ) ;
#885 = VERTEX_POINT ( 'NONE', #1058 ) ;
#886 = CARTESIAN_POINT ( 'NONE',  ( -1.111611652351681700, 0.7999999999999999300, -0.2866116524766814700 ) ) ;
#887 = FACE_OUTER_BOUND ( 'NONE', #2109, .T. ) ;
#888 = VERTEX_POINT ( 'NONE', #4642 ) ;
#889 = ORIENTED_EDGE ( 'NONE', *, *, #2445, .F. ) ;
#890 = ORIENTED_EDGE ( 'NONE', *, *, #3039, .T. ) ;
#891 = ORIENTED_EDGE ( 'NONE', *, *, #4006, .F. ) ;
#892 = FACE_OUTER_BOUND ( 'NONE', #3926, .T. ) ;
#893 = ORIENTED_EDGE ( 'NONE', *, *, #3554, .F. ) ;
#894 = CARTESIAN_POINT ( 'NONE',  ( 1.675000000000011600, 0.5999999999999999800, -1.600000000124974800 ) ) ;
#895 = EDGE_CURVE ( 'NONE', #1800, #1745, #2958, .T. ) ;
#896 = EDGE_CURVE ( 'NONE', #3969, #3743, #955, .T. ) ;
#897 = ORIENTED_EDGE ( 'NONE', *, *, #5833, .T. ) ;
#898 = LINE ( 'NONE', #1223, #5350 ) ;
#899 = DIRECTION ( 'NONE',  ( 2.891205795222151400E-015, -0.0000000000000000000, 1.000000000000000000 ) ) ;
#900 = ORIENTED_EDGE ( 'NONE', *, *, #6236, .T. ) ;
#901 = DIRECTION ( 'NONE',  ( 0.0000000000000000000, 0.0000000000000000000, 1.000000000000000000 ) ) ;
#902 = AXIS2_PLACEMENT_3D ( 'NONE', #1879, #4919, #6037 ) ;
#903 = VERTEX_POINT ( 'NONE', #2216 ) ;
#904 = DIRECTION ( 'NONE',  ( -0.4912631695488042800, 0.6672332842540762400, 0.5598752027268058000 ) ) ;
#905 = VECTOR ( 'NONE', #6356, 1000.000000000000000 ) ;
#906 = DIRECTION ( 'NONE',  ( -1.000000000000000000, 2.891205793294662500E-015, -0.0000000000000000000 ) ) ;
#907 = EDGE_CURVE ( 'NONE', #5017, #1342, #2692, .T. ) ;
#908 = VECTOR ( 'NONE', #6700, 999.9999999999998900 ) ;
#909 = EDGE_CURVE ( 'NONE', #1916, #228, #5603, .T. ) ;
#910 = ORIENTED_EDGE ( 'NONE', *, *, #1908, .F. ) ;
#911 = EDGE_CURVE ( 'NONE', #2365, #3094, #2489, .T. ) ;
#912 = ORIENTED_EDGE ( 'NONE', *, *, #2054, .F. ) ;
#913 = ADVANCED_FACE ( 'NONE', ( #659 ), #6598, .F. ) ;
#914 = CARTESIAN_POINT ( 'NONE',  ( -1.288388347648318700, 0.7999999999999999300, -0.2866116524766816900 ) ) ;
#915 = FACE_OUTER_BOUND ( 'NONE', #3876, .T. ) ;
#916 = ORIENTED_EDGE ( 'NONE', *, *, #3194, .T. ) ;
#917 = AXIS2_PLACEMENT_3D ( 'NONE', #2036, #753, #4383 ) ;
#918 = DIRECTION ( 'NONE',  ( -1.000000000000000000, 0.0000000000000000000, 0.0000000000000000000 ) ) ;
#919 = CARTESIAN_POINT ( 'NONE',  ( 1.349999999687497400, 1.200000000000000000, -1.899999999925000300 ) ) ;
#920 = DIRECTION ( 'NONE',  ( 0.0000000000000000000, 0.6427876096865429200, -0.7660444431189751300 ) ) ;
#921 = DIRECTION ( 'NONE',  ( -0.0000000000000000000, 1.000000000000000000, -0.0000000000000000000 ) ) ;
#922 = DIRECTION ( 'NONE',  ( 0.7595443692498170500, -0.6427876096865423600, 0.09958132342140771400 ) ) ;
#923 = CARTESIAN_POINT ( 'NONE',  ( -2.500000000468749900, 0.7999999999999999300, 0.9732701105718156700 ) ) ;
#924 = ORIENTED_EDGE ( 'NONE', *, *, #2650, .F. ) ;
#925 = ORIENTED_EDGE ( 'NONE', *, *, #7101, .T. ) ;
#926 = CARTESIAN_POINT ( 'NONE',  ( -2.185264634401430600, 0.8939695520413333300, 0.9249999997749972500 ) ) ;
#927 = CARTESIAN_POINT ( 'NONE',  ( -1.999999999999999600, 0.7999999999999999300, -0.7000000001249999700 ) ) ;
#928 = CARTESIAN_POINT ( 'NONE',  ( -1.524999999999999900, 0.9499999999999934100, -0.2500000001249999500 ) ) ;
#929 = VECTOR ( 'NONE', #3265, 1000.000000000000000 ) ;
#930 = CARTESIAN_POINT ( 'NONE',  ( 2.674999999999998500, 0.0000000000000000000, -1.500000000125000200 ) ) ;
#931 = DIRECTION ( 'NONE',  ( 7.589415207398792900E-015, -0.0000000000000000000, -1.000000000000000000 ) ) ;
#932 = ORIENTED_EDGE ( 'NONE', *, *, #3889, .T. ) ;
#933 = AXIS2_PLACEMENT_3D ( 'NONE', #6896, #6249, #203 ) ;
#934 = CARTESIAN_POINT ( 'NONE',  ( -1.924999999999988700, 0.5999999999999999800, -1.600000000124999900 ) ) ;
#935 = ORIENTED_EDGE ( 'NONE', *, *, #1113, .F. ) ;
#936 = DIRECTION ( 'NONE',  ( 1.000000000000000000, -0.0000000000000000000, -0.0000000000000000000 ) ) ;
#937 = CARTESIAN_POINT ( 'NONE',  ( 2.200656147411876400, 0.9379391040826652300, 1.089014761932505700 ) ) ;
#938 = AXIS2_PLACEMENT_3D ( 'NONE', #7769, #4123, #497 ) ;
#939 = FACE_OUTER_BOUND ( 'NONE', #1274, .T. ) ;
#940 = ORIENTED_EDGE ( 'NONE', *, *, #596, .F. ) ;
#941 = EDGE_LOOP ( 'NONE', ( #4585, #652, #5383, #7098, #2172, #7260, #4055, #1145, #3230, #6969, #2956, #7064 ) ) ;
#942 = VECTOR ( 'NONE', #5556, 999.9999999999998900 ) ;
#943 = ORIENTED_EDGE ( 'NONE', *, *, #3461, .T. ) ;
#944 = DIRECTION ( 'NONE',  ( 0.7071067811865489100, 0.0000000000000000000, -0.7071067811865462400 ) ) ;
#945 = FACE_OUTER_BOUND ( 'NONE', #4456, .T. ) ;
#946 = DIRECTION ( 'NONE',  ( -1.000000000000000000, 0.0000000000000000000, 0.0000000000000000000 ) ) ;
#947 = CARTESIAN_POINT ( 'NONE',  ( -2.600000000468751800, 1.099999999999999900, -1.799999999924998000 ) ) ;
#948 = EDGE_LOOP ( 'NONE', ( #4824, #5731, #6602, #3266 ) ) ;
#949 = VECTOR ( 'NONE', #7426, 1000.000000000000000 ) ;
#950 = EDGE_LOOP ( 'NONE', ( #1564, #4837, #2167, #6000 ) ) ;
#951 = DIRECTION ( 'NONE',  ( -0.0000000000000000000, -0.7660444431189751300, -0.6427876096865428000 ) ) ;
#952 = FACE_OUTER_BOUND ( 'NONE', #6564, .T. ) ;
#953 = ORIENTED_EDGE ( 'NONE', *, *, #694, .T. ) ;
#954 = ADVANCED_FACE ( 'NONE', ( #2119 ), #582, .F. ) ;
#955 = LINE ( 'NONE', #6454, #4464 ) ;
#956 = EDGE_CURVE ( 'NONE', #7255, #5530, #7701, .T. ) ;
#957 = CARTESIAN_POINT ( 'NONE',  ( -1.392434914250219300, 1.200000000000000000, 1.100229498304994500 ) ) ;
#958 = VERTEX_POINT ( 'NONE', #2897 ) ;
#959 = DIRECTION ( 'NONE',  ( -0.0000000000000000000, -0.0000000000000000000, 1.000000000000000000 ) ) ;
#960 = DIRECTION ( 'NONE',  ( -3.571371615962089200E-015, 0.0000000000000000000, -1.000000000000000000 ) ) ;
#961 = DIRECTION ( 'NONE',  ( 0.0000000000000000000, -0.0000000000000000000, 1.000000000000000000 ) ) ;
#962 = ORIENTED_EDGE ( 'NONE', *, *, #2663, .F. ) ;
#963 = CARTESIAN_POINT ( 'NONE',  ( -1.524999999999999900, 0.9499999999999936300, -0.2500000001249999500 ) ) ;
#964 = LINE ( 'NONE', #4307, #1154 ) ;
#965 = DIRECTION ( 'NONE',  ( -0.0000000000000000000, 1.000000000000000000, -0.0000000000000000000 ) ) ;
#966 = DIRECTION ( 'NONE',  ( -1.000000000000000000, 0.0000000000000000000, 0.0000000000000000000 ) ) ;
#967 = ADVANCED_FACE ( 'NONE', ( #1537 ), #474, .T. ) ;
#968 = VECTOR ( 'NONE', #2137, 1000.000000000000000 ) ;
#969 = CARTESIAN_POINT ( 'NONE',  ( 0.7250000000000048600, 0.5999999999999999800, -0.7000000001249999700 ) ) ;
#970 = ORIENTED_EDGE ( 'NONE', *, *, #6678, .F. ) ;
#971 = DIRECTION ( 'NONE',  ( -0.09343174671670150000, 0.0000000000000000000, -0.9956256870458224400 ) ) ;
#972 = CYLINDRICAL_SURFACE ( 'NONE', #1743, 0.1000000000000000500 ) ;
#973 = EDGE_CURVE ( 'NONE', #2444, #1956, #3785, .T. ) ;
#974 = EDGE_LOOP ( 'NONE', ( #5655, #5170, #5638, #5747 ) ) ;
#975 = EDGE_CURVE ( 'NONE', #999, #4269, #5311, .T. ) ;
#976 = VECTOR ( 'NONE', #5937, 1000.000000000000000 ) ;
#977 = ORIENTED_EDGE ( 'NONE', *, *, #2504, .F. ) ;
#978 = LINE ( 'NONE', #2531, #3443 ) ;
#979 = ORIENTED_EDGE ( 'NONE', *, *, #5678, .F. ) ;
#980 = DIRECTION ( 'NONE',  ( -0.7071067811865501300, 0.0000000000000000000, 0.7071067811865450200 ) ) ;
#981 = DIRECTION ( 'NONE',  ( -0.7071067811865475700, -0.7071067811865475700, 2.044391223607426900E-015 ) ) ;
#982 = CARTESIAN_POINT ( 'NONE',  ( -0.08838834764831850200, 1.200000000000000000, -0.2866116524766816900 ) ) ;
#983 = SURFACE_STYLE_USAGE ( .BOTH. , #2441 ) ;
#984 = ORIENTED_EDGE ( 'NONE', *, *, #7313, .T. ) ;
#985 = ORIENTED_EDGE ( 'NONE', *, *, #4025, .F. ) ;
#986 = VECTOR ( 'NONE', #5946, 1000.000000000000100 ) ;
#987 = ORIENTED_EDGE ( 'NONE', *, *, #2154, .T. ) ;
#988 = DIRECTION ( 'NONE',  ( 1.000000000000000000, -0.0000000000000000000, 7.047314121155785900E-015 ) ) ;
#989 = LINE ( 'NONE', #4863, #1570 ) ;
#990 = ORIENTED_EDGE ( 'NONE', *, *, #5075, .F. ) ;
#991 = CARTESIAN_POINT ( 'NONE',  ( -0.1499999999999990000, 0.1500000000000000800, 1.649999999924999000 ) ) ;
#992 = CARTESIAN_POINT ( 'NONE',  ( 1.350000000000001200, 1.049999999999999800, 1.649999999924999000 ) ) ;
#993 = ORIENTED_EDGE ( 'NONE', *, *, #6166, .F. ) ;
#994 = VERTEX_POINT ( 'NONE', #1812 ) ;
#995 = CARTESIAN_POINT ( 'NONE',  ( 1.200000000000000400, 1.139906666467845200, 1.258485669039686000 ) ) ;
#996 = VECTOR ( 'NONE', #5021, 1000.000000000000000 ) ;
#997 = AXIS2_PLACEMENT_3D ( 'NONE', #5689, #248, #4489 ) ;
#998 = VECTOR ( 'NONE', #860, 1000.000000000000000 ) ;
#999 = VERTEX_POINT ( 'NONE', #6044 ) ;
#1000 = DIRECTION ( 'NONE',  ( -1.000000000000000000, 0.0000000000000000000, -0.0000000000000000000 ) ) ;
#1001 = AXIS2_PLACEMENT_3D ( 'NONE', #7497, #3280, #3305 ) ;
#1002 = FACE_OUTER_BOUND ( 'NONE', #7906, .T. ) ;
#1003 = DIRECTION ( 'NONE',  ( 0.0000000000000000000, 0.0000000000000000000, 1.000000000000000000 ) ) ;
#1004 = EDGE_CURVE ( 'NONE', #7144, #4157, #4355, .T. ) ;
#1005 = CARTESIAN_POINT ( 'NONE',  ( 0.7275000000000000400, 0.0000000000000000000, -0.4000000001250000900 ) ) ;
#1006 = VERTEX_POINT ( 'NONE', #5416 ) ;
#1007 = CARTESIAN_POINT ( 'NONE',  ( -1.672499999999999700, 0.7499999999999998900, -0.0000000000000000000 ) ) ;
#1008 = DIRECTION ( 'NONE',  ( -0.0000000000000000000, 1.000000000000000000, -0.0000000000000000000 ) ) ;
#1009 = ORIENTED_EDGE ( 'NONE', *, *, #7520, .T. ) ;
#1010 = DIRECTION ( 'NONE',  ( 1.000000000000000000, 0.0000000000000000000, -2.130550946511894600E-015 ) ) ;
#1011 = VECTOR ( 'NONE', #946, 1000.000000000000000 ) ;
#1012 = CARTESIAN_POINT ( 'NONE',  ( -1.200000000000000400, 0.9499999999999936300, 1.224999999925000700 ) ) ;
#1013 = ORIENTED_EDGE ( 'NONE', *, *, #3007, .F. ) ;
#1014 = ORIENTED_EDGE ( 'NONE', *, *, #4704, .T. ) ;
#1015 = CARTESIAN_POINT ( 'NONE',  ( -2.366421356237310600, 1.200000000000000000, -0.2500000001249999500 ) ) ;
#1016 = EDGE_CURVE ( 'NONE', #1104, #690, #1741, .T. ) ;
#1017 = EDGE_CURVE ( 'NONE', #7542, #1674, #6355, .T. ) ;
#1018 = EDGE_CURVE ( 'NONE', #2080, #7381, #5701, .T. ) ;
#1019 = LINE ( 'NONE', #2325, #1412 ) ;
#1020 = ORIENTED_EDGE ( 'NONE', *, *, #3048, .F. ) ;
#1021 = CARTESIAN_POINT ( 'NONE',  ( 1.111611652351681000, 1.200000000000000000, -0.2866116524766807400 ) ) ;
#1022 = EDGE_LOOP ( 'NONE', ( #1182, #4720, #810, #3542, #6361, #3406, #3329 ) ) ;
#1023 = AXIS2_PLACEMENT_3D ( 'NONE', #4807, #4220, #1796 ) ;
#1024 = VECTOR ( 'NONE', #4927, 999.9999999999998900 ) ;
#1025 = ORIENTED_EDGE ( 'NONE', *, *, #4142, .F. ) ;
#1026 = PRESENTATION_STYLE_ASSIGNMENT (( #2461 ) ) ;
#1027 = DIRECTION ( 'NONE',  ( 3.571371615962089200E-015, 0.0000000000000000000, 1.000000000000000000 ) ) ;
#1028 = CARTESIAN_POINT ( 'NONE',  ( 0.0000000000000000000, 0.5999999999999999800, -0.7000000001249999700 ) ) ;
#1029 = DIRECTION ( 'NONE',  ( 1.000000000000000000, -0.0000000000000000000, -6.195440996141578300E-016 ) ) ;
#1030 = CARTESIAN_POINT ( 'NONE',  ( -0.8749999999999996700, 0.8499999999999996400, -0.2500000001250000700 ) ) ;
#1031 = VECTOR ( 'NONE', #809, 1000.000000000000200 ) ;
#1032 = ORIENTED_EDGE ( 'NONE', *, *, #5462, .F. ) ;
#1033 = LINE ( 'NONE', #534, #3855 ) ;
#1034 = CARTESIAN_POINT ( 'NONE',  ( -2.249999999999999100, 1.050000000000000000, 1.899999999924999000 ) ) ;
#1035 = CARTESIAN_POINT ( 'NONE',  ( 0.6000000000000006400, 0.5999999999999999800, 1.399999999924999000 ) ) ;
#1036 = DIRECTION ( 'NONE',  ( -1.000000000000000000, 0.0000000000000000000, 0.0000000000000000000 ) ) ;
#1037 = CARTESIAN_POINT ( 'NONE',  ( -1.672499999999999700, 0.0000000000000000000, -0.7000000001249999700 ) ) ;
#1038 = AXIS2_PLACEMENT_3D ( 'NONE', #2758, #1613, #6978 ) ;
#1039 = LINE ( 'NONE', #6677, #7487 ) ;
#1040 = CARTESIAN_POINT ( 'NONE',  ( 2.074999999999999300, 0.8500000000000014200, -0.2500000001250021800 ) ) ;
#1041 = CARTESIAN_POINT ( 'NONE',  ( 2.499999999999999600, 0.5000000000000000000, 0.6999999997749999400 ) ) ;
#1042 = LINE ( 'NONE', #3463, #4350 ) ;
#1043 = ORIENTED_EDGE ( 'NONE', *, *, #1208, .T. ) ;
#1044 = VERTEX_POINT ( 'NONE', #7258 ) ;
#1045 = DIRECTION ( 'NONE',  ( 1.000000000000000000, 0.0000000000000000000, 0.0000000000000000000 ) ) ;
#1046 = DIRECTION ( 'NONE',  ( 0.1299941854756612200, 0.0000000000000000000, 0.9915147561900020700 ) ) ;
#1047 = CARTESIAN_POINT ( 'NONE',  ( 2.749999999999998200, 0.4253461364713256300, -0.5499999999500014800 ) ) ;
#1048 = AXIS2_PLACEMENT_3D ( 'NONE', #7809, #2377, #1262 ) ;
#1049 = FACE_OUTER_BOUND ( 'NONE', #157, .T. ) ;
#1050 = EDGE_CURVE ( 'NONE', #4318, #3171, #7507, .T. ) ;
#1051 = CARTESIAN_POINT ( 'NONE',  ( -0.7999999999999997100, 0.7499999999999998900, -0.7000000001249999700 ) ) ;
#1052 = ORIENTED_EDGE ( 'NONE', *, *, #5945, .T. ) ;
#1053 = LINE ( 'NONE', #3523, #279 ) ;
#1054 = LINE ( 'NONE', #5273, #7502 ) ;
#1055 = VERTEX_POINT ( 'NONE', #1949 ) ;
#1056 = VECTOR ( 'NONE', #3811, 1000.000000000000000 ) ;
#1057 = CARTESIAN_POINT ( 'NONE',  ( 0.3249999999999996800, 0.7999999999999999300, -0.2500000001250003400 ) ) ;
#1058 = CARTESIAN_POINT ( 'NONE',  ( -2.500000000468749500, 0.2000000000000000900, -1.200000000149999500 ) ) ;
#1059 = CYLINDRICAL_SURFACE ( 'NONE', #6543, 0.2750000000000000800 ) ;
#1060 = CARTESIAN_POINT ( 'NONE',  ( -0.1499999999999990000, 0.1500000000000000800, 1.649999999924999000 ) ) ;
#1061 = LINE ( 'NONE', #470, #5315 ) ;
#1062 = VERTEX_POINT ( 'NONE', #7902 ) ;
#1063 = PLANE ( 'NONE',  #783 ) ;
#1064 = EDGE_CURVE ( 'NONE', #6552, #7067, #7790, .T. ) ;
#1065 = FACE_OUTER_BOUND ( 'NONE', #3273, .T. ) ;
#1066 = EDGE_CURVE ( 'NONE', #424, #2776, #4932, .T. ) ;
#1067 = EDGE_CURVE ( 'NONE', #4591, #587, #6153, .T. ) ;
#1068 = CARTESIAN_POINT ( 'NONE',  ( 0.7999999999999998200, 0.7999999999999999300, -0.5982233048283627200 ) ) ;
#1069 = DIRECTION ( 'NONE',  ( 0.0000000000000000000, 0.0000000000000000000, 1.000000000000000000 ) ) ;
#1070 = DIRECTION ( 'NONE',  ( 1.000000000000000000, -0.0000000000000000000, -0.0000000000000000000 ) ) ;
#1071 = ORIENTED_EDGE ( 'NONE', *, *, #5059, .T. ) ;
#1072 = LINE ( 'NONE', #805, #884 ) ;
#1073 = DIRECTION ( 'NONE',  ( -5.204170426954638800E-016, 0.0000000000000000000, -1.000000000000000000 ) ) ;
#1074 = ORIENTED_EDGE ( 'NONE', *, *, #6628, .F. ) ;
#1075 = FACE_OUTER_BOUND ( 'NONE', #3097, .T. ) ;
#1076 = ORIENTED_EDGE ( 'NONE', *, *, #4601, .F. ) ;
#1077 = EDGE_CURVE ( 'NONE', #5360, #5570, #7027, .T. ) ;
#1078 = DIRECTION ( 'NONE',  ( 1.000000000000000000, 0.0000000000000000000, 0.0000000000000000000 ) ) ;
#1079 = ORIENTED_EDGE ( 'NONE', *, *, #7266, .F. ) ;
#1080 = VERTEX_POINT ( 'NONE', #31 ) ;
#1081 = CARTESIAN_POINT ( 'NONE',  ( 1.525000000000001000, 0.5999999999999999800, 1.399999999924999000 ) ) ;
#1082 = ORIENTED_EDGE ( 'NONE', *, *, #4234, .T. ) ;
#1083 = LINE ( 'NONE', #3160, #4586 ) ;
#1084 = DIRECTION ( 'NONE',  ( -0.0000000000000000000, 1.000000000000000000, -0.0000000000000000000 ) ) ;
#1085 = CIRCLE ( 'NONE', #3636, 0.1250000000000000000 ) ;
#1086 = DIRECTION ( 'NONE',  ( 0.1299941854756607500, 0.0000000000000000000, -0.9915147561900021800 ) ) ;
#1087 = CARTESIAN_POINT ( 'NONE',  ( 0.0000000000000000000, 1.139906666467844100, 1.258485669039685100 ) ) ;
#1088 = ORIENTED_EDGE ( 'NONE', *, *, #7723, .F. ) ;
#1089 = DIRECTION ( 'NONE',  ( 0.0000000000000000000, 0.0000000000000000000, 1.000000000000000000 ) ) ;
#1090 = CARTESIAN_POINT ( 'NONE',  ( -2.500000000468749500, 1.200000000000000000, -1.200000000149999500 ) ) ;
#1091 = LINE ( 'NONE', #2245, #6495 ) ;
#1092 = ORIENTED_EDGE ( 'NONE', *, *, #3889, .F. ) ;
#1093 = EDGE_CURVE ( 'NONE', #1525, #1932, #2875, .T. ) ;
#1094 = EDGE_LOOP ( 'NONE', ( #6635, #592, #3528, #2718, #7709 ) ) ;
#1095 = DIRECTION ( 'NONE',  ( 0.0000000000000000000, 0.0000000000000000000, 1.000000000000000000 ) ) ;
#1096 = LINE ( 'NONE', #5751, #905 ) ;
#1097 = LINE ( 'NONE', #626, #3092 ) ;
#1098 = DIRECTION ( 'NONE',  ( 0.0000000000000000000, -1.000000000000000000, 0.0000000000000000000 ) ) ;
#1099 = ORIENTED_EDGE ( 'NONE', *, *, #1539, .T. ) ;
#1100 = ORIENTED_EDGE ( 'NONE', *, *, #4185, .F. ) ;
#1101 = EDGE_CURVE ( 'NONE', #3917, #462, #7136, .T. ) ;
#1102 = CARTESIAN_POINT ( 'NONE',  ( -2.600000000468750000, 0.5000000000000000000, 0.7999999997750000300 ) ) ;
#1103 = FACE_OUTER_BOUND ( 'NONE', #1461, .T. ) ;
#1104 = VERTEX_POINT ( 'NONE', #3091 ) ;
#1105 = CARTESIAN_POINT ( 'NONE',  ( -2.074999999999999700, 0.8500000000000013100, -0.2500000001249998400 ) ) ;
#1106 = DIRECTION ( 'NONE',  ( 0.0000000000000000000, 0.0000000000000000000, 1.000000000000000000 ) ) ;
#1107 = CARTESIAN_POINT ( 'NONE',  ( -1.348524156042775000, 0.9463208992064713300, 1.096047923129495100 ) ) ;
#1108 = CARTESIAN_POINT ( 'NONE',  ( 2.075000000000000600, 0.5999999999999999800, 1.649999999924999000 ) ) ;
#1109 = FACE_OUTER_BOUND ( 'NONE', #4723, .T. ) ;
#1110 = ORIENTED_EDGE ( 'NONE', *, *, #2443, .T. ) ;
#1111 = AXIS2_PLACEMENT_3D ( 'NONE', #6608, #1821, #7911 ) ;
#1112 = CARTESIAN_POINT ( 'NONE',  ( 0.7275000000000000400, 0.7499999999999998900, -0.7000000001249999700 ) ) ;
#1113 = EDGE_CURVE ( 'NONE', #3292, #7310, #2023, .T. ) ;
#1114 = ORIENTED_EDGE ( 'NONE', *, *, #637, .F. ) ;
#1115 = DIRECTION ( 'NONE',  ( -0.7071067811865489100, 0.0000000000000000000, -0.7071067811865462400 ) ) ;
#1116 = EDGE_CURVE ( 'NONE', #7590, #5423, #2685, .T. ) ;
#1117 = EDGE_CURVE ( 'NONE', #4467, #4668, #1241, .T. ) ;
#1118 = DIRECTION ( 'NONE',  ( 2.380914410641389900E-015, 0.0000000000000000000, 1.000000000000000000 ) ) ;
#1119 = VECTOR ( 'NONE', #5947, 1000.000000000000000 ) ;
#1120 = EDGE_LOOP ( 'NONE', ( #4131, #662, #2230, #315, #1999, #6252, #5091 ) ) ;
#1121 = VECTOR ( 'NONE', #154, 1000.000000000000000 ) ;
#1122 = ORIENTED_EDGE ( 'NONE', *, *, #5462, .T. ) ;
#1123 = CARTESIAN_POINT ( 'NONE',  ( 1.482685973610638600, 0.7999999999999999300, -0.2500000001250015600 ) ) ;
#1124 = AXIS2_PLACEMENT_3D ( 'NONE', #1394, #3232, #6772 ) ;
#1125 = VECTOR ( 'NONE', #6697, 1000.000000000000200 ) ;
#1126 = VERTEX_POINT ( 'NONE', #6123 ) ;
#1127 = DIRECTION ( 'NONE',  ( 0.9915147561900021800, 0.0000000000000000000, 0.1299941854756612200 ) ) ;
#1128 = DIRECTION ( 'NONE',  ( 7.047314121155794600E-015, 0.0000000000000000000, -1.000000000000000000 ) ) ;
#1129 = LINE ( 'NONE', #6657, #6429 ) ;
#1130 = ORIENTED_EDGE ( 'NONE', *, *, #3039, .F. ) ;
#1131 = VERTEX_POINT ( 'NONE', #1269 ) ;
#1132 = PLANE ( 'NONE',  #3951 ) ;
#1133 = PLANE ( 'NONE',  #4787 ) ;
#1134 = VECTOR ( 'NONE', #4065, 1000.000000000000000 ) ;
#1135 = PLANE ( 'NONE',  #2990 ) ;
#1136 = ORIENTED_EDGE ( 'NONE', *, *, #2103, .T. ) ;
#1137 = CIRCLE ( 'NONE', #5796, 0.1940817451771168800 ) ;
#1138 = CARTESIAN_POINT ( 'NONE',  ( -1.000000000281249500, 0.0000000000000000000, -1.799999999925000000 ) ) ;
#1139 = DIRECTION ( 'NONE',  ( -0.0000000000000000000, 1.000000000000000000, -0.0000000000000000000 ) ) ;
#1140 = DIRECTION ( 'NONE',  ( 1.000000000000000000, 0.0000000000000000000, -1.084202172553266800E-015 ) ) ;
#1141 = CARTESIAN_POINT ( 'NONE',  ( 2.175000000000000700, 1.050000000000000000, 1.649999999924999000 ) ) ;
#1142 = EDGE_LOOP ( 'NONE', ( #5976, #7545 ) ) ;
#1143 = DIRECTION ( 'NONE',  ( -7.047314121155794600E-015, 0.0000000000000000000, 1.000000000000000000 ) ) ;
#1144 = VECTOR ( 'NONE', #7671, 1000.000000000000000 ) ;
#1145 = ORIENTED_EDGE ( 'NONE', *, *, #5046, .F. ) ;
#1146 = AXIS2_PLACEMENT_3D ( 'NONE', #2709, #2097, #6305 ) ;
#1147 = CYLINDRICAL_SURFACE ( 'NONE', #1772, 0.09999999999999993600 ) ;
#1148 = VERTEX_POINT ( 'NONE', #664 ) ;
#1149 = CARTESIAN_POINT ( 'NONE',  ( -0.08838834764831850200, 0.7999999999999999300, -0.2866116524766816900 ) ) ;
#1150 = AXIS2_PLACEMENT_3D ( 'NONE', #2732, #3905, #6892 ) ;
#1151 = VECTOR ( 'NONE', #1069, 1000.000000000000000 ) ;
#1152 = EDGE_LOOP ( 'NONE', ( #5457, #3575, #4380, #7615, #3982, #6258, #1496, #503, #609, #779, #5880, #7399, #143, #1899, #3738, #3862, #3603, #6150, #3045, #4276, #2057, #3657, #4892, #2129, #6972, #5193, #1490, #231, #1810, #5110, #3067, #4572, #5626, #1411, #1389, #6517, #522, #6059, #7341, #3074, #832, #3609, #5711, #3813, #7820, #3505, #1122, #6443, #3303, #2308, #2155, #7832, #4609, #4041, #2238, #6581 ) ) ;
#1153 = DIRECTION ( 'NONE',  ( 0.09343174671670150000, 0.0000000000000000000, -0.9956256870458224400 ) ) ;
#1154 = VECTOR ( 'NONE', #6775, 1000.000000000000000 ) ;
#1155 = EDGE_CURVE ( 'NONE', #575, #2480, #7781, .T. ) ;
#1157 = LINE ( 'NONE', #876, #1751 ) ;
#1156 = CARTESIAN_POINT ( 'NONE',  ( 0.2250000000000009200, 1.050000000000000000, 1.899999999924999000 ) ) ;
#1158 = EDGE_CURVE ( 'NONE', #1834, #4990, #6144, .T. ) ;
#1159 = ORIENTED_EDGE ( 'NONE', *, *, #3156, .T. ) ;
#1160 = ORIENTED_EDGE ( 'NONE', *, *, #1050, .F. ) ;
#1161 = PLANE ( 'NONE',  #6449 ) ;
#1162 = AXIS2_PLACEMENT_3D ( 'NONE', #791, #3773, #4388 ) ;
#1163 = LINE ( 'NONE', #7563, #4084 ) ;
#1164 = DIRECTION ( 'NONE',  ( -0.0000000000000000000, -0.0000000000000000000, 1.000000000000000000 ) ) ;
#1165 = ORIENTED_EDGE ( 'NONE', *, *, #6166, .T. ) ;
#1166 = CARTESIAN_POINT ( 'NONE',  ( -1.950000000468749900, 1.149999999999999900, 1.674999999925000300 ) ) ;
#1167 = EDGE_CURVE ( 'NONE', #2203, #425, #5120, .T. ) ;
#1168 = VERTEX_POINT ( 'NONE', #4462 ) ;
#1169 = DIRECTION ( 'NONE',  ( 0.0000000000000000000, 0.0000000000000000000, -1.000000000000000000 ) ) ;
#1170 = PLANE ( 'NONE',  #5455 ) ;
#1171 = EDGE_CURVE ( 'NONE', #3276, #4092, #1922, .T. ) ;
#1172 = DIRECTION ( 'NONE',  ( -0.0000000000000000000, -0.0000000000000000000, 1.000000000000000000 ) ) ;
#1173 = DIRECTION ( 'NONE',  ( -0.0000000000000000000, 1.000000000000000000, -0.0000000000000000000 ) ) ;
#1174 = EDGE_CURVE ( 'NONE', #4445, #6309, #6446, .T. ) ;
#1175 = VERTEX_POINT ( 'NONE', #2690 ) ;
#1176 = PLANE ( 'NONE',  #5829 ) ;
#1177 = VERTEX_POINT ( 'NONE', #742 ) ;
#1178 = FACE_OUTER_BOUND ( 'NONE', #2125, .T. ) ;
#1179 = ORIENTED_EDGE ( 'NONE', *, *, #1265, .T. ) ;
#1180 = VECTOR ( 'NONE', #826, 1000.000000000000000 ) ;
#1181 = CARTESIAN_POINT ( 'NONE',  ( 0.3250000000000000100, 0.9499999999999936300, -0.2500000001249999500 ) ) ;
#1182 = ORIENTED_EDGE ( 'NONE', *, *, #542, .F. ) ;
#1183 = CARTESIAN_POINT ( 'NONE',  ( -0.9173140263893599900, 0.7999999999999999300, -0.2500000001250000700 ) ) ;
#1184 = VERTEX_POINT ( 'NONE', #1388 ) ;
#1185 = ORIENTED_EDGE ( 'NONE', *, *, #4, .F. ) ;
#1186 = DIRECTION ( 'NONE',  ( -0.7071067811865462400, -0.0000000000000000000, -0.7071067811865489100 ) ) ;
#1187 = LINE ( 'NONE', #4908, #803 ) ;
#1188 = LINE ( 'NONE', #560, #2634 ) ;
#1189 = DIRECTION ( 'NONE',  ( -1.000000000000000000, 0.0000000000000000000, -0.0000000000000000000 ) ) ;
#1190 = DIRECTION ( 'NONE',  ( 0.0000000000000000000, 0.0000000000000000000, 1.000000000000000000 ) ) ;
#1191 = PLANE ( 'NONE',  #4110 ) ;
#1192 = ORIENTED_EDGE ( 'NONE', *, *, #2491, .F. ) ;
#1193 = CARTESIAN_POINT ( 'NONE',  ( 2.749999999999997800, 0.4253461364713247400, -1.200000000150000400 ) ) ;
#1194 = CARTESIAN_POINT ( 'NONE',  ( -1.290387846052532600, 1.139906666467845000, 1.258485669039685700 ) ) ;
#1195 = FACE_OUTER_BOUND ( 'NONE', #7690, .T. ) ;
#1197 = AXIS2_PLACEMENT_3D ( 'NONE', #4374, #7331, #119 ) ;
#1196 = DIRECTION ( 'NONE',  ( -2.380914410641389900E-015, 0.0000000000000000000, -1.000000000000000000 ) ) ;
#1198 = DIRECTION ( 'NONE',  ( -7.589415207398791400E-015, 0.0000000000000000000, 1.000000000000000000 ) ) ;
#1199 = DIRECTION ( 'NONE',  ( -1.000000000000000000, -0.0000000000000000000, -0.0000000000000000000 ) ) ;
#1200 = CARTESIAN_POINT ( 'NONE',  ( 1.349999999687498500, 0.0000000000000000000, -1.500000000125000200 ) ) ;
#1201 = ORIENTED_EDGE ( 'NONE', *, *, #4853, .F. ) ;
#1202 = CARTESIAN_POINT ( 'NONE',  ( 2.175000000468748900, 0.8939695520413333300, 1.052119927031593500 ) ) ;
#1203 = EDGE_LOOP ( 'NONE', ( #7389, #924, #7817, #1569 ) ) ;
#1204 = ADVANCED_FACE ( 'NONE', ( #276 ), #4453, .T. ) ;
#1205 = CARTESIAN_POINT ( 'NONE',  ( -1.000000000281249200, 0.0000000000000000000, -1.799999999925000000 ) ) ;
#1206 = CARTESIAN_POINT ( 'NONE',  ( -1.599999999999999900, 0.7999999999999999300, -0.7000000001249999700 ) ) ;
#1207 = FACE_OUTER_BOUND ( 'NONE', #6061, .T. ) ;
#1208 = EDGE_CURVE ( 'NONE', #5585, #1785, #4533, .T. ) ;
#1209 = ORIENTED_EDGE ( 'NONE', *, *, #7119, .F. ) ;
#1210 = CARTESIAN_POINT ( 'NONE',  ( 1.007565085749781100, 1.200000000000000000, 1.100229498304994500 ) ) ;
#1211 = ORIENTED_EDGE ( 'NONE', *, *, #46, .T. ) ;
#1212 = CARTESIAN_POINT ( 'NONE',  ( -2.500000000468749900, 1.200000000000000000, 1.899999999925000300 ) ) ;
#1213 = DIRECTION ( 'NONE',  ( 0.9848077530122081300, -0.1736481776669305300, -6.833476515400357400E-016 ) ) ;
#1214 = ADVANCED_FACE ( 'NONE', ( #3135 ), #2741, .F. ) ;
#1215 = LINE ( 'NONE', #7059, #4136 ) ;
#1216 = ORIENTED_EDGE ( 'NONE', *, *, #6119, .T. ) ;
#1217 = EDGE_CURVE ( 'NONE', #799, #745, #59, .T. ) ;
#1218 = EDGE_CURVE ( 'NONE', #6736, #1525, #4068, .T. ) ;
#1219 = EDGE_CURVE ( 'NONE', #4013, #2287, #6534, .T. ) ;
#1220 = CARTESIAN_POINT ( 'NONE',  ( -2.249999999999999100, 0.1499999999999999700, 1.649999999924999000 ) ) ;
#1221 = LINE ( 'NONE', #857, #7187 ) ;
#1222 = VERTEX_POINT ( 'NONE', #6334 ) ;
#1223 = CARTESIAN_POINT ( 'NONE',  ( -0.9749999999999989800, 1.000000000000000000, 1.649999999924999000 ) ) ;
#1224 = DIRECTION ( 'NONE',  ( -1.000000000000000000, 0.0000000000000000000, 1.084202172180573300E-016 ) ) ;
#1225 = CARTESIAN_POINT ( 'NONE',  ( -1.424999999999998700, 1.050000000000000000, 1.649999999924999000 ) ) ;
#1226 = CARTESIAN_POINT ( 'NONE',  ( 0.9173140263893597700, 0.7999999999999999300, -0.2500000001250010100 ) ) ;
#1227 = AXIS2_PLACEMENT_3D ( 'NONE', #2681, #3962, #5649 ) ;
#1228 = VECTOR ( 'NONE', #7110, 1000.000000000000000 ) ;
#1229 = ORIENTED_EDGE ( 'NONE', *, *, #7826, .F. ) ;
#1230 = LINE ( 'NONE', #7261, #2667 ) ;
#1231 = EDGE_CURVE ( 'NONE', #3313, #5153, #3318, .T. ) ;
#1232 = ORIENTED_EDGE ( 'NONE', *, *, #1231, .F. ) ;
#1233 = PLANE ( 'NONE',  #1375 ) ;
#1234 = LINE ( 'NONE', #3784, #2471 ) ;
#1235 = CARTESIAN_POINT ( 'NONE',  ( -1.675000000468750000, 1.149999999999999900, 1.198686027843559200 ) ) ;
#1236 = ORIENTED_EDGE ( 'NONE', *, *, #7264, .F. ) ;
#1237 = VECTOR ( 'NONE', #5959, 1000.000000000000000 ) ;
#1238 = VERTEX_POINT ( 'NONE', #914 ) ;
#1239 = ORIENTED_EDGE ( 'NONE', *, *, #3250, .F. ) ;
#1240 = ADVANCED_FACE ( 'NONE', ( #5305 ), #3974, .F. ) ;
#1241 = LINE ( 'NONE', #1921, #2483 ) ;
#1242 = CARTESIAN_POINT ( 'NONE',  ( -0.7249999999999887600, 0.5999999999999999800, -1.600000000125003200 ) ) ;
#1243 = VERTEX_POINT ( 'NONE', #2822 ) ;
#1244 = LINE ( 'NONE', #2062, #7500 ) ;
#1245 = CARTESIAN_POINT ( 'NONE',  ( 2.600000000000000500, 0.7999999999999999300, -0.5499999999499998200 ) ) ;
#1246 = ORIENTED_EDGE ( 'NONE', *, *, #1833, .F. ) ;
#1247 = FACE_OUTER_BOUND ( 'NONE', #1919, .T. ) ;
#1248 = DIRECTION ( 'NONE',  ( 1.000000000000000000, 0.0000000000000000000, 0.0000000000000000000 ) ) ;
#1249 = DIRECTION ( 'NONE',  ( -0.0000000000000000000, -1.000000000000000000, -0.0000000000000000000 ) ) ;
#1250 = LINE ( 'NONE', #7135, #4543 ) ;
#1251 = ADVANCED_FACE ( 'NONE', ( #2868 ), #1735, .F. ) ;
#1252 = CARTESIAN_POINT ( 'NONE',  ( -0.3999999999999999700, 1.200000000000000000, -0.7000000001249999700 ) ) ;
#1253 = ORIENTED_EDGE ( 'NONE', *, *, #4373, .F. ) ;
#1254 = EDGE_CURVE ( 'NONE', #6244, #5404, #4825, .T. ) ;
#1255 = ORIENTED_EDGE ( 'NONE', *, *, #3643, .T. ) ;
#1256 = DIRECTION ( 'NONE',  ( -0.0000000000000000000, 1.000000000000000000, -0.0000000000000000000 ) ) ;
#1257 = VECTOR ( 'NONE', #2978, 1000.000000000000000 ) ;
#1258 = DIRECTION ( 'NONE',  ( -0.0000000000000000000, -0.0000000000000000000, 1.000000000000000000 ) ) ;
#1259 = CARTESIAN_POINT ( 'NONE',  ( -0.3250000000000000100, 0.7999999999999999300, -0.2500000001249999500 ) ) ;
#1260 = AXIS2_PLACEMENT_3D ( 'NONE', #6565, #3499, #7768 ) ;
#1261 = VERTEX_POINT ( 'NONE', #5154 ) ;
#1262 = DIRECTION ( 'NONE',  ( 0.0000000000000000000, 0.0000000000000000000, 1.000000000000000000 ) ) ;
#1263 = DIRECTION ( 'NONE',  ( 0.0000000000000000000, 0.0000000000000000000, 1.000000000000000000 ) ) ;
#1264 = VERTEX_POINT ( 'NONE', #1597 ) ;
#1265 = EDGE_CURVE ( 'NONE', #994, #4988, #6627, .T. ) ;
#1266 = EDGE_CURVE ( 'NONE', #1449, #5520, #2257, .T. ) ;
#1267 = CIRCLE ( 'NONE', #3362, 0.1500000000000001900 ) ;
#1268 = ORIENTED_EDGE ( 'NONE', *, *, #6213, .F. ) ;
#1269 = CARTESIAN_POINT ( 'NONE',  ( -1.349999999687499400, 0.0000000000000000000, -1.799999999925000000 ) ) ;
#1270 = VECTOR ( 'NONE', #781, 1000.000000000000000 ) ;
#1271 = ORIENTED_EDGE ( 'NONE', *, *, #638, .F. ) ;
#1272 = CARTESIAN_POINT ( 'NONE',  ( 2.350000000468748700, 1.139906666467844800, 1.258485669039685700 ) ) ;
#1273 = CARTESIAN_POINT ( 'NONE',  ( -1.599999999999999900, 1.200000000000000000, -0.7000000001249999700 ) ) ;
#1274 = EDGE_LOOP ( 'NONE', ( #7699, #2546, #2527, #1052 ) ) ;
#1275 = CARTESIAN_POINT ( 'NONE',  ( -0.9749999999999989800, 1.050000000000000000, 1.899999999924999000 ) ) ;
#1276 = CARTESIAN_POINT ( 'NONE',  ( 1.000000000281248400, 1.200000000000000000, -1.600000000125000300 ) ) ;
#1277 = ORIENTED_EDGE ( 'NONE', *, *, #4289, .F. ) ;
#1278 = EDGE_CURVE ( 'NONE', #5177, #335, #4257, .T. ) ;
#1279 = DIRECTION ( 'NONE',  ( 0.0000000000000000000, 0.0000000000000000000, -1.000000000000000000 ) ) ;
#1280 = ORIENTED_EDGE ( 'NONE', *, *, #3205, .T. ) ;
#1281 = EDGE_CURVE ( 'NONE', #4793, #7775, #4728, .T. ) ;
#1282 = DIRECTION ( 'NONE',  ( 0.1299941854756611900, -0.0000000000000000000, 0.9915147561900020700 ) ) ;
#1283 = EDGE_CURVE ( 'NONE', #7774, #3276, #6250, .T. ) ;
#1284 = VECTOR ( 'NONE', #754, 1000.000000000000000 ) ;
#1285 = FACE_OUTER_BOUND ( 'NONE', #536, .T. ) ;
#1286 = ADVANCED_FACE ( 'NONE', ( #5883 ), #7309, .T. ) ;
#1287 = CARTESIAN_POINT ( 'NONE',  ( -0.3999999999999999700, 0.7499999999999998900, -0.7000000001249999700 ) ) ;
#1288 = ORIENTED_EDGE ( 'NONE', *, *, #2139, .F. ) ;
#1289 = PRESENTATION_LAYER_ASSIGNMENT (  '', '', ( #1662 ) ) ;
#1290 = AXIS2_PLACEMENT_3D ( 'NONE', #2066, #6238, #3724 ) ;
#1291 = VECTOR ( 'NONE', #465, 1000.000000000000100 ) ;
#1292 = DIRECTION ( 'NONE',  ( 0.0000000000000000000, 0.0000000000000000000, -1.000000000000000000 ) ) ;
#1293 = APPLICATION_CONTEXT ( 'automotive_design' ) ;
#1294 = ORIENTED_EDGE ( 'NONE', *, *, #2430, .F. ) ;
#1295 = ADVANCED_FACE ( 'NONE', ( #2112 ), #5210, .T. ) ;
#1296 = ORIENTED_EDGE ( 'NONE', *, *, #7164, .T. ) ;
#1297 = EDGE_LOOP ( 'NONE', ( #2416, #2189, #3176, #1253 ) ) ;
#1298 = FACE_OUTER_BOUND ( 'NONE', #2487, .T. ) ;
#1299 = CARTESIAN_POINT ( 'NONE',  ( 1.000000000281247500, 1.099999999999999900, -1.899999999925000100 ) ) ;
#1300 = LINE ( 'NONE', #601, #23 ) ;
#1301 = VERTEX_POINT ( 'NONE', #7730 ) ;
#1302 = ORIENTED_EDGE ( 'NONE', *, *, #3458, .T. ) ;
#1303 = AXIS2_PLACEMENT_3D ( 'NONE', #5373, #5987, #77 ) ;
#1304 = CARTESIAN_POINT ( 'NONE',  ( -2.674999999999998900, 4.065758146820642200E-017, -0.5085786437126902400 ) ) ;
#1305 = DIRECTION ( 'NONE',  ( -0.0000000000000000000, -0.0000000000000000000, 1.000000000000000000 ) ) ;
#1306 = CARTESIAN_POINT ( 'NONE',  ( 0.7250000000000105200, 0.1000000000000000500, -1.500000000125000200 ) ) ;
#1307 = CARTESIAN_POINT ( 'NONE',  ( -1.200000000000000400, 0.9499999999999936300, 1.074999999925000600 ) ) ;
#1308 = DIRECTION ( 'NONE',  ( -0.0000000000000000000, 0.0000000000000000000, 1.000000000000000000 ) ) ;
#1309 = DIRECTION ( 'NONE',  ( 1.000000000000000000, 0.0000000000000000000, -5.204170426954639800E-016 ) ) ;
#1310 = CARTESIAN_POINT ( 'NONE',  ( -2.074999999999999700, 0.7499999999999998900, -0.2500000001249999500 ) ) ;
#1311 = VECTOR ( 'NONE', #4513, 999.9999999999998900 ) ;
#1312 = ORIENTED_EDGE ( 'NONE', *, *, #3053, .F. ) ;
#1313 = AXIS2_PLACEMENT_3D ( 'NONE', #73, #4332, #723 ) ;
#1314 = EDGE_CURVE ( 'NONE', #6011, #1222, #6060, .T. ) ;
#1315 = EDGE_CURVE ( 'NONE', #4582, #7727, #1528, .T. ) ;
#1316 = CARTESIAN_POINT ( 'NONE',  ( 0.3999999999999999700, 0.7499999999999998900, -0.7000000001249999700 ) ) ;
#1317 = FACE_OUTER_BOUND ( 'NONE', #6848, .T. ) ;
#1318 = VERTEX_POINT ( 'NONE', #1650 ) ;
#1319 = DIRECTION ( 'NONE',  ( 0.0000000000000000000, 1.000000000000000000, 0.0000000000000000000 ) ) ;
#1320 = CARTESIAN_POINT ( 'NONE',  ( 1.051272786571499500, 0.9444751167444145300, 1.094499127746349600 ) ) ;
#1321 = VERTEX_POINT ( 'NONE', #477 ) ;
#1322 = AXIS2_PLACEMENT_3D ( 'NONE', #934, #6411, #3432 ) ;
#1323 = LINE ( 'NONE', #1946, #838 ) ;
#1324 = ORIENTED_EDGE ( 'NONE', *, *, #6332, .F. ) ;
#1325 = ADVANCED_FACE ( 'NONE', ( #1049 ), #1859, .T. ) ;
#1326 = EDGE_CURVE ( 'NONE', #4385, #7153, #7125, .T. ) ;
#1327 = LINE ( 'NONE', #6582, #2367 ) ;
#1328 = EDGE_CURVE ( 'NONE', #405, #3172, #374, .T. ) ;
#1329 = EDGE_CURVE ( 'NONE', #7525, #513, #5498, .T. ) ;
#1330 = CARTESIAN_POINT ( 'NONE',  ( -1.950000000468749900, 1.200000000000000000, 1.674999999925000300 ) ) ;
#1331 = VECTOR ( 'NONE', #720, 1000.000000000000000 ) ;
#1332 = CARTESIAN_POINT ( 'NONE',  ( 0.0000000000000000000, 0.5999999999999999800, 0.0000000000000000000 ) ) ;
#1333 = ORIENTED_EDGE ( 'NONE', *, *, #6788, .F. ) ;
#1334 = CARTESIAN_POINT ( 'NONE',  ( -1.000000000281249200, 1.099999999999999900, -1.899999999925000100 ) ) ;
#1335 = ORIENTED_EDGE ( 'NONE', *, *, #1231, .T. ) ;
#1336 = CYLINDRICAL_SURFACE ( 'NONE', #4260, 0.2750000000000000200 ) ;
#1337 = CARTESIAN_POINT ( 'NONE',  ( 1.000000000281247500, 1.200000000000000000, -1.899999999925000100 ) ) ;
#1338 = ADVANCED_FACE ( 'NONE', ( #3597 ), #6520, .T. ) ;
#1339 = PLANE ( 'NONE',  #1549 ) ;
#1340 = PLANE ( 'NONE',  #3307 ) ;
#1341 = DIRECTION ( 'NONE',  ( -1.000000000000000000, -0.0000000000000000000, -0.0000000000000000000 ) ) ;
#1342 = VERTEX_POINT ( 'NONE', #7754 ) ;
#1343 = AXIS2_PLACEMENT_3D ( 'NONE', #175, #3783, #2021 ) ;
#1344 = DIRECTION ( 'NONE',  ( -0.0000000000000000000, 1.000000000000000000, 0.0000000000000000000 ) ) ;
#1345 = VECTOR ( 'NONE', #6930, 1000.000000000000000 ) ;
#1346 = ORIENTED_EDGE ( 'NONE', *, *, #7675, .T. ) ;
#1347 = LINE ( 'NONE', #4944, #5014 ) ;
#1348 = DIRECTION ( 'NONE',  ( 0.0000000000000000000, 1.000000000000000000, 0.0000000000000000000 ) ) ;
#1349 = EDGE_LOOP ( 'NONE', ( #5132, #5673, #7296, #1432 ) ) ;
#1350 = LINE ( 'NONE', #1051, #4735 ) ;
#1351 = ORIENTED_EDGE ( 'NONE', *, *, #4232, .T. ) ;
#1352 = DIRECTION ( 'NONE',  ( -1.000000000000000000, -0.0000000000000000000, -0.0000000000000000000 ) ) ;
#1353 = DIRECTION ( 'NONE',  ( -0.0000000000000000000, -1.000000000000000000, -0.0000000000000000000 ) ) ;
#1354 = DIRECTION ( 'NONE',  ( 0.0000000000000000000, 0.0000000000000000000, -1.000000000000000000 ) ) ;
#1355 = VECTOR ( 'NONE', #5310, 1000.000000000000000 ) ;
#1356 = DIRECTION ( 'NONE',  ( -0.0000000000000000000, -0.0000000000000000000, 1.000000000000000000 ) ) ;
#1357 = ORIENTED_EDGE ( 'NONE', *, *, #6885, .F. ) ;
#1358 = LINE ( 'NONE', #4073, #2211 ) ;
#1359 = ORIENTED_EDGE ( 'NONE', *, *, #2855, .F. ) ;
#1360 = LINE ( 'NONE', #6433, #7211 ) ;
#1361 = LINE ( 'NONE', #1252, #3525 ) ;
#1362 = ORIENTED_EDGE ( 'NONE', *, *, #5023, .T. ) ;
#1363 = DIRECTION ( 'NONE',  ( 0.0000000000000000000, 0.0000000000000000000, 1.000000000000000000 ) ) ;
#1364 = AXIS2_PLACEMENT_3D ( 'NONE', #5408, #6617, #7249 ) ;
#1365 = VERTEX_POINT ( 'NONE', #7124 ) ;
#1366 = CARTESIAN_POINT ( 'NONE',  ( 1.999999999999999600, 0.7499999999999998900, -0.5750000001249999700 ) ) ;
#1367 = CARTESIAN_POINT ( 'NONE',  ( 1.999999999999999600, 0.7999999999999999300, -0.5750000001249999700 ) ) ;
#1368 = CARTESIAN_POINT ( 'NONE',  ( -0.9749999999999989800, 1.000000000000000000, 1.899999999924999000 ) ) ;
#1369 = LINE ( 'NONE', #5370, #2882 ) ;
#1370 = ORIENTED_EDGE ( 'NONE', *, *, #5389, .T. ) ;
#1371 = ADVANCED_FACE ( 'NONE', ( #556, #861, #2295, #6924, #3690 ), #4685, .F. ) ;
#1372 = LINE ( 'NONE', #7802, #1950 ) ;
#1373 = ORIENTED_EDGE ( 'NONE', *, *, #6177, .T. ) ;
#1374 = DIRECTION ( 'NONE',  ( 0.09343174671670150000, 0.0000000000000000000, -0.9956256870458224400 ) ) ;
#1375 = AXIS2_PLACEMENT_3D ( 'NONE', #1967, #5485, #87 ) ;
#1376 = ORIENTED_EDGE ( 'NONE', *, *, #4395, .F. ) ;
#1377 = CARTESIAN_POINT ( 'NONE',  ( 0.1487272134285001200, 0.9499999999999936300, 1.094499127746349600 ) ) ;
#1378 = CARTESIAN_POINT ( 'NONE',  ( -1.424999999999998700, 1.000000000000000000, 1.899999999924999000 ) ) ;
#1379 = EDGE_LOOP ( 'NONE', ( #3709, #3650, #1721, #52 ) ) ;
#1380 = DIRECTION ( 'NONE',  ( 0.0000000000000000000, 0.0000000000000000000, 1.000000000000000000 ) ) ;
#1381 = VECTOR ( 'NONE', #1078, 1000.000000000000000 ) ;
#1382 = EDGE_CURVE ( 'NONE', #3309, #4138, #7397, .T. ) ;
#1383 = ORIENTED_EDGE ( 'NONE', *, *, #2953, .F. ) ;
#1384 = ADVANCED_FACE ( 'NONE', ( #7204 ), #4231, .F. ) ;
#1385 = DIRECTION ( 'NONE',  ( 1.000000000000000000, -0.0000000000000000000, 0.0000000000000000000 ) ) ;
#1386 = VECTOR ( 'NONE', #951, 1000.000000000000000 ) ;
#1387 = EDGE_LOOP ( 'NONE', ( #2362, #977, #2463, #777 ) ) ;
#1388 = CARTESIAN_POINT ( 'NONE',  ( 0.4750000000000034700, 0.0000000000000000000, -0.7000000001249999700 ) ) ;
#1389 = ORIENTED_EDGE ( 'NONE', *, *, #5072, .T. ) ;
#1390 = ORIENTED_EDGE ( 'NONE', *, *, #3886, .F. ) ;
#1391 = VECTOR ( 'NONE', #3618, 1000.000000000000000 ) ;
#1392 = CARTESIAN_POINT ( 'NONE',  ( 2.499999999999999600, 0.5000000000000000000, 0.7999999997750004700 ) ) ;
#1393 = LINE ( 'NONE', #1220, #5832 ) ;
#1394 = CARTESIAN_POINT ( 'NONE',  ( 1.800000000000000700, 0.5999999999999999800, 1.399999999924999000 ) ) ;
#1395 = CARTESIAN_POINT ( 'NONE',  ( 2.117139312097652900, 0.7999999999999999300, -0.2500000001250017900 ) ) ;
#1396 = PLANE ( 'NONE',  #1651 ) ;
#1397 = DIRECTION ( 'NONE',  ( -0.0000000000000000000, 1.000000000000000000, -0.0000000000000000000 ) ) ;
#1398 = EDGE_LOOP ( 'NONE', ( #2715, #2639, #7194, #3024 ) ) ;
#1399 = LINE ( 'NONE', #969, #3275 ) ;
#1400 = ORIENTED_EDGE ( 'NONE', *, *, #5643, .F. ) ;
#1401 = DIRECTION ( 'NONE',  ( -0.08397606092017094500, -0.7633385997021097100, -0.6405171374734277600 ) ) ;
#1402 = VERTEX_POINT ( 'NONE', #5304 ) ;
#1403 = DIRECTION ( 'NONE',  ( 2.891205793294681400E-015, 1.000000000000000000, 0.0000000000000000000 ) ) ;
#1404 = DIRECTION ( 'NONE',  ( 0.1299941854756611900, 0.0000000000000000000, -0.9915147561900020700 ) ) ;
#1405 = PRODUCT_CONTEXT ( 'NONE', #4080, 'mechanical' ) ;
#1406 = DIRECTION ( 'NONE',  ( 1.000000000000000000, 0.0000000000000000000, -0.0000000000000000000 ) ) ;
#1407 = VECTOR ( 'NONE', #6989, 1000.000000000000000 ) ;
#1408 = ORIENTED_EDGE ( 'NONE', *, *, #6899, .F. ) ;
#1409 = ADVANCED_FACE ( 'NONE', ( #3967 ), #7677, .F. ) ;
#1410 = DIRECTION ( 'NONE',  ( -0.0000000000000000000, -1.000000000000000000, -0.0000000000000000000 ) ) ;
#1411 = ORIENTED_EDGE ( 'NONE', *, *, #6420, .F. ) ;
#1412 = VECTOR ( 'NONE', #4148, 1000.000000000000000 ) ;
#1413 = ORIENTED_EDGE ( 'NONE', *, *, #183, .F. ) ;
#1414 = PLANE ( 'NONE',  #7479 ) ;
#1415 = DIRECTION ( 'NONE',  ( 0.0000000000000000000, 1.000000000000000000, 0.0000000000000000000 ) ) ;
#1416 = VERTEX_POINT ( 'NONE', #3084 ) ;
#1417 = CARTESIAN_POINT ( 'NONE',  ( -2.185264634401430600, 0.8939695520413333300, 0.9249999997749972500 ) ) ;
#1418 = ADVANCED_FACE ( 'NONE', ( #547 ), #6787, .F. ) ;
#1419 = DIRECTION ( 'NONE',  ( -0.9915147561900021800, 0.0000000000000000000, 0.1299941854756607500 ) ) ;
#1420 = FACE_OUTER_BOUND ( 'NONE', #5791, .T. ) ;
#1421 = ORIENTED_EDGE ( 'NONE', *, *, #699, .T. ) ;
#1422 = EDGE_CURVE ( 'NONE', #2201, #6206, #6241, .T. ) ;
#1423 = ORIENTED_EDGE ( 'NONE', *, *, #3695, .F. ) ;
#1424 = DIRECTION ( 'NONE',  ( 0.0000000000000000000, 0.0000000000000000000, 1.000000000000000000 ) ) ;
#1425 = EDGE_CURVE ( 'NONE', #5194, #3821, #1623, .T. ) ;
#1426 = CARTESIAN_POINT ( 'NONE',  ( 2.200656147411876400, 0.9499999999999936300, 1.089014761932505700 ) ) ;
#1427 = DIRECTION ( 'NONE',  ( -0.7071067811865468000, -0.0000000000000000000, -0.7071067811865483500 ) ) ;
#1428 = FACE_OUTER_BOUND ( 'NONE', #4759, .T. ) ;
#1429 = ORIENTED_EDGE ( 'NONE', *, *, #1944, .F. ) ;
#1430 = DIRECTION ( 'NONE',  ( -0.1299941854756607500, 0.0000000000000000000, 0.9915147561900021800 ) ) ;
#1431 = LINE ( 'NONE', #5583, #4523 ) ;
#1432 = ORIENTED_EDGE ( 'NONE', *, *, #1283, .T. ) ;
#1433 = CARTESIAN_POINT ( 'NONE',  ( -2.600000000468750000, 1.200000000000000000, 0.7999999997750000300 ) ) ;
#1434 = LINE ( 'NONE', #4027, #5197 ) ;
#1435 = EDGE_CURVE ( 'NONE', #462, #2942, #5964, .T. ) ;
#1436 = VERTEX_POINT ( 'NONE', #3680 ) ;
#1437 = VECTOR ( 'NONE', #6572, 1000.000000000000000 ) ;
#1438 = EDGE_CURVE ( 'NONE', #1104, #844, #5486, .T. ) ;
#1439 = EDGE_CURVE ( 'NONE', #7350, #4981, #4161, .T. ) ;
#1440 = ORIENTED_EDGE ( 'NONE', *, *, #3840, .F. ) ;
#1441 = ORIENTED_EDGE ( 'NONE', *, *, #4655, .F. ) ;
#1442 = VECTOR ( 'NONE', #7012, 1000.000000000000000 ) ;
#1443 = CARTESIAN_POINT ( 'NONE',  ( 1.050000000000000900, 0.1500000000000000800, 1.649999999924999000 ) ) ;
#1444 = CARTESIAN_POINT ( 'NONE',  ( 2.750000000000000000, 0.5000000000000000000, 0.6999999997749999400 ) ) ;
#1445 = ORIENTED_EDGE ( 'NONE', *, *, #3890, .F. ) ;
#1446 = FACE_OUTER_BOUND ( 'NONE', #4495, .T. ) ;
#1447 = CARTESIAN_POINT ( 'NONE',  ( 1.675000000000003600, 0.0000000000000000000, -0.7000000001249999700 ) ) ;
#1448 = VECTOR ( 'NONE', #5879, 1000.000000000000000 ) ;
#1449 = VERTEX_POINT ( 'NONE', #28 ) ;
#1450 = ADVANCED_FACE ( 'NONE', ( #4057 ), #6911, .F. ) ;
#1451 = CIRCLE ( 'NONE', #3653, 0.1000000000000001000 ) ;
#1452 = DIRECTION ( 'NONE',  ( -0.0000000000000000000, 1.000000000000000000, -0.0000000000000000000 ) ) ;
#1453 = VECTOR ( 'NONE', #7660, 1000.000000000000000 ) ;
#1454 = CARTESIAN_POINT ( 'NONE',  ( 2.749999999999998200, 0.4253461364713247400, -1.600000000125000300 ) ) ;
#1455 = VERTEX_POINT ( 'NONE', #712 ) ;
#1456 = CARTESIAN_POINT ( 'NONE',  ( 2.350000000468750000, 0.9499999999999936300, 1.224999999925000500 ) ) ;
#1457 = VERTEX_POINT ( 'NONE', #5487 ) ;
#1458 = CARTESIAN_POINT ( 'NONE',  ( -2.366421356237310200, 0.7999999999999999300, -0.3500000001249999900 ) ) ;
#1459 = ADVANCED_FACE ( 'NONE', ( #4443 ), #3115, .F. ) ;
#1460 = LINE ( 'NONE', #442, #5511 ) ;
#1461 = EDGE_LOOP ( 'NONE', ( #1696, #2140, #3032, #2178 ) ) ;
#1462 = LINE ( 'NONE', #5860, #4557 ) ;
#1463 = VERTEX_POINT ( 'NONE', #1943 ) ;
#1464 = FACE_OUTER_BOUND ( 'NONE', #4158, .T. ) ;
#1465 = ORIENTED_EDGE ( 'NONE', *, *, #1705, .T. ) ;
#1466 = VECTOR ( 'NONE', #3108, 1000.000000000000000 ) ;
#1467 = ORIENTED_EDGE ( 'NONE', *, *, #121, .T. ) ;
#1468 = DIRECTION ( 'NONE',  ( 0.7071067811865454600, 0.7071067811865495700, 0.0000000000000000000 ) ) ;
#1469 = DIRECTION ( 'NONE',  ( 0.0000000000000000000, 0.0000000000000000000, 1.000000000000000000 ) ) ;
#1470 = EDGE_CURVE ( 'NONE', #4017, #7656, #6903, .T. ) ;
#1471 = EDGE_CURVE ( 'NONE', #425, #5444, #2671, .T. ) ;
#1472 = ORIENTED_EDGE ( 'NONE', *, *, #3410, .T. ) ;
#1473 = VERTEX_POINT ( 'NONE', #4956 ) ;
#1474 = VERTEX_POINT ( 'NONE', #4341 ) ;
#1475 = CARTESIAN_POINT ( 'NONE',  ( 1.349999999687498300, 1.150000000000001000, -1.600000000125000300 ) ) ;
#1476 = AXIS2_PLACEMENT_3D ( 'NONE', #3934, #965, #6266 ) ;
#1477 = DIRECTION ( 'NONE',  ( 0.0000000000000000000, -0.1736481776669278300, 0.9848077530122085800 ) ) ;
#1478 = VECTOR ( 'NONE', #1415, 1000.000000000000000 ) ;
#1479 = DIRECTION ( 'NONE',  ( 0.0000000000000000000, 0.0000000000000000000, 1.000000000000000000 ) ) ;
#1480 = LINE ( 'NONE', #1803, #599 ) ;
#1481 = DIRECTION ( 'NONE',  ( -0.0000000000000000000, -1.000000000000000000, -0.0000000000000000000 ) ) ;
#1482 = EDGE_CURVE ( 'NONE', #7808, #2959, #1039, .T. ) ;
#1483 = ORIENTED_EDGE ( 'NONE', *, *, #3093, .F. ) ;
#1484 = EDGE_CURVE ( 'NONE', #1473, #7282, #743, .T. ) ;
#1485 = EDGE_CURVE ( 'NONE', #5868, #3642, #7018, .T. ) ;
#1486 = CYLINDRICAL_SURFACE ( 'NONE', #4637, 0.1499999999999999700 ) ;
#1487 = ADVANCED_FACE ( 'NONE', ( #5391 ), #3, .F. ) ;
#1488 = DIRECTION ( 'NONE',  ( 0.0000000000000000000, 0.0000000000000000000, 1.000000000000000000 ) ) ;
#1489 = ORIENTED_EDGE ( 'NONE', *, *, #18, .T. ) ;
#1490 = ORIENTED_EDGE ( 'NONE', *, *, #3555, .T. ) ;
#1491 = DIRECTION ( 'NONE',  ( -1.000000000000000000, -0.0000000000000000000, -0.0000000000000000000 ) ) ;
#1492 = VECTOR ( 'NONE', #1374, 1000.000000000000200 ) ;
#1493 = DIRECTION ( 'NONE',  ( -1.000000000000000000, -0.0000000000000000000, -0.0000000000000000000 ) ) ;
#1494 = CARTESIAN_POINT ( 'NONE',  ( 2.074999999999999700, 0.7499999999999998900, -0.2500000001249999500 ) ) ;
#1495 = VECTOR ( 'NONE', #6616, 1000.000000000000000 ) ;
#1496 = ORIENTED_EDGE ( 'NONE', *, *, #6271, .T. ) ;
#1497 = ORIENTED_EDGE ( 'NONE', *, *, #4657, .T. ) ;
#1498 = DIRECTION ( 'NONE',  ( -1.000000000000000000, -0.0000000000000000000, -0.0000000000000000000 ) ) ;
#1499 = VECTOR ( 'NONE', #4280, 1000.000000000000000 ) ;
#1500 = DIRECTION ( 'NONE',  ( -0.0000000000000000000, -0.0000000000000000000, 1.000000000000000000 ) ) ;
#1501 = ORIENTED_EDGE ( 'NONE', *, *, #151, .T. ) ;
#1502 = CARTESIAN_POINT ( 'NONE',  ( -1.200000000000000200, 0.7999999999999999300, -0.2500000001249999500 ) ) ;
#1503 = AXIS2_PLACEMENT_3D ( 'NONE', #5335, #4751, #1190 ) ;
#1504 = FACE_OUTER_BOUND ( 'NONE', #21, .T. ) ;
#1505 = ORIENTED_EDGE ( 'NONE', *, *, #7271, .F. ) ;
#1506 = DIRECTION ( 'NONE',  ( -0.0000000000000000000, 1.000000000000000000, -0.0000000000000000000 ) ) ;
#1507 = ORIENTED_EDGE ( 'NONE', *, *, #1281, .F. ) ;
#1508 = EDGE_CURVE ( 'NONE', #1626, #5017, #2575, .T. ) ;
#1509 = PLANE ( 'NONE',  #2370 ) ;
#1510 = LINE ( 'NONE', #6224, #1031 ) ;
#1511 = ORIENTED_EDGE ( 'NONE', *, *, #1844, .T. ) ;
#1512 = VECTOR ( 'NONE', #4282, 1000.000000000000000 ) ;
#1513 = DIRECTION ( 'NONE',  ( -0.0000000000000000000, 1.000000000000000000, -0.0000000000000000000 ) ) ;
#1514 = DIRECTION ( 'NONE',  ( -2.891205795222149400E-015, 0.0000000000000000000, 1.000000000000000000 ) ) ;
#1515 = PLANE ( 'NONE',  #2612 ) ;
#1516 = AXIS2_PLACEMENT_3D ( 'NONE', #156, #2006, #7613 ) ;
#1517 = ADVANCED_FACE ( 'NONE', ( #5593 ), #4403, .F. ) ;
#1518 = LINE ( 'NONE', #537, #735 ) ;
#1519 = ORIENTED_EDGE ( 'NONE', *, *, #6982, .F. ) ;
#1520 = ORIENTED_EDGE ( 'NONE', *, *, #4090, .T. ) ;
#1521 = EDGE_CURVE ( 'NONE', #5939, #3971, #3776, .T. ) ;
#1522 = FACE_OUTER_BOUND ( 'NONE', #6756, .T. ) ;
#1523 = CARTESIAN_POINT ( 'NONE',  ( -2.074999999999999700, 0.7499999999999998900, -0.5000000001250004500 ) ) ;
#1524 = CARTESIAN_POINT ( 'NONE',  ( 0.9173140263893597700, 0.7999999999999999300, -0.2500000001250010100 ) ) ;
#1525 = VERTEX_POINT ( 'NONE', #5038 ) ;
#1526 = ORIENTED_EDGE ( 'NONE', *, *, #1793, .F. ) ;
#1527 = DIRECTION ( 'NONE',  ( -1.000000000000000000, -0.0000000000000000000, -0.0000000000000000000 ) ) ;
#1528 = LINE ( 'NONE', #3435, #2947 ) ;
#1529 = ADVANCED_FACE ( 'NONE', ( #945 ), #2771, .F. ) ;
#1530 = VERTEX_POINT ( 'NONE', #5118 ) ;
#1531 = LINE ( 'NONE', #3557, #167 ) ;
#1532 = LINE ( 'NONE', #480, #4548 ) ;
#1533 = ORIENTED_EDGE ( 'NONE', *, *, #2548, .T. ) ;
#1534 = CARTESIAN_POINT ( 'NONE',  ( 2.201954402410123600, 0.9499999999999936300, 1.099135055248403600 ) ) ;
#1535 = AXIS2_PLACEMENT_3D ( 'NONE', #312, #4584, #5862 ) ;
#1536 = EDGE_CURVE ( 'NONE', #7405, #5423, #1234, .T. ) ;
#1537 = FACE_OUTER_BOUND ( 'NONE', #3843, .T. ) ;
#1538 = EDGE_CURVE ( 'NONE', #6367, #4445, #6618, .T. ) ;
#1539 = EDGE_CURVE ( 'NONE', #2094, #4977, #7302, .T. ) ;
#1540 = PLANE ( 'NONE',  #3940 ) ;
#1541 = ORIENTED_EDGE ( 'NONE', *, *, #3053, .T. ) ;
#1542 = ORIENTED_EDGE ( 'NONE', *, *, #4678, .T. ) ;
#1543 = LINE ( 'NONE', #2539, #2788 ) ;
#1544 = CARTESIAN_POINT ( 'NONE',  ( -0.1480455980586258500, 0.9499999999999936300, 1.099135055248403600 ) ) ;
#1545 = CARTESIAN_POINT ( 'NONE',  ( 0.09863722776662495200, 0.7999999999999999300, 1.153809306382565200 ) ) ;
#1546 = VECTOR ( 'NONE', #5536, 1000.000000000000000 ) ;
#1547 = CARTESIAN_POINT ( 'NONE',  ( -0.1924349142502187500, 1.200000000000000000, 1.100229498304994500 ) ) ;
#1548 = DIRECTION ( 'NONE',  ( -1.000000000000000000, 0.0000000000000000000, 0.0000000000000000000 ) ) ;
#1549 = AXIS2_PLACEMENT_3D ( 'NONE', #7345, #6696, #5478 ) ;
#1550 = ORIENTED_EDGE ( 'NONE', *, *, #4006, .T. ) ;
#1551 = VERTEX_POINT ( 'NONE', #4479 ) ;
#1552 = DIRECTION ( 'NONE',  ( -7.589415207398527900E-015, 0.0000000000000000000, 1.000000000000000000 ) ) ;
#1553 = CARTESIAN_POINT ( 'NONE',  ( 0.1500000000000009400, 0.1500000000000000800, 1.899999999924999000 ) ) ;
#1554 = VECTOR ( 'NONE', #3963, 1000.000000000000000 ) ;
#1555 = DIRECTION ( 'NONE',  ( 0.0000000000000000000, 0.9848077530122085800, 0.1736481776669277500 ) ) ;
#1556 = CARTESIAN_POINT ( 'NONE',  ( -2.175000000468748900, 0.8939695520413333300, 0.9249999997749972500 ) ) ;
#1557 = VERTEX_POINT ( 'NONE', #3884 ) ;
#1558 = CARTESIAN_POINT ( 'NONE',  ( -1.349999999999998800, 0.1499999999999999700, 1.649999999924999000 ) ) ;
#1559 = DIRECTION ( 'NONE',  ( 0.0000000000000000000, 1.000000000000000000, 0.0000000000000000000 ) ) ;
#1560 = DIRECTION ( 'NONE',  ( -1.000000000000000000, 0.0000000000000000000, 0.0000000000000000000 ) ) ;
#1561 = FACE_OUTER_BOUND ( 'NONE', #178, .T. ) ;
#1562 = ORIENTED_EDGE ( 'NONE', *, *, #812, .F. ) ;
#1563 = PLANE ( 'NONE',  #7771 ) ;
#1564 = ORIENTED_EDGE ( 'NONE', *, *, #1640, .F. ) ;
#1565 = ADVANCED_FACE ( 'NONE', ( #2011 ), #5012, .T. ) ;
#1566 = AXIS2_PLACEMENT_3D ( 'NONE', #2971, #6562, #6637 ) ;
#1567 = VERTEX_POINT ( 'NONE', #6843 ) ;
#1568 = LINE ( 'NONE', #5469, #4287 ) ;
#1569 = ORIENTED_EDGE ( 'NONE', *, *, #4373, .T. ) ;
#1570 = VECTOR ( 'NONE', #6804, 1000.000000000000000 ) ;
#1571 = CARTESIAN_POINT ( 'NONE',  ( -1.599999999999999900, 0.7499999999999998900, -0.7000000001249999700 ) ) ;
#1572 = AXIS2_PLACEMENT_3D ( 'NONE', #3832, #5727, #7510 ) ;
#1573 = ORIENTED_EDGE ( 'NONE', *, *, #3355, .T. ) ;
#1574 = DIRECTION ( 'NONE',  ( -0.0000000000000000000, 0.0000000000000000000, 1.000000000000000000 ) ) ;
#1575 = ADVANCED_FACE ( 'NONE', ( #4348 ), #262, .F. ) ;
#1576 = CARTESIAN_POINT ( 'NONE',  ( 1.299999999687506500, 1.200000000000000000, 0.7999999997749887000 ) ) ;
#1577 = EDGE_CURVE ( 'NONE', #1436, #3548, #5872, .T. ) ;
#1578 = ORIENTED_EDGE ( 'NONE', *, *, #3840, .T. ) ;
#1579 = CARTESIAN_POINT ( 'NONE',  ( -1.349999999687499400, 0.1000000000000000500, -1.799999999925000000 ) ) ;
#1580 = LINE ( 'NONE', #2242, #7828 ) ;
#1581 = LINE ( 'NONE', #6632, #7450 ) ;
#1582 = DIRECTION ( 'NONE',  ( -0.0000000000000000000, 0.0000000000000000000, 1.000000000000000000 ) ) ;
#1583 = AXIS2_PLACEMENT_3D ( 'NONE', #133, #2626, #3131 ) ;
#1584 = VERTEX_POINT ( 'NONE', #4502 ) ;
#1585 = DIRECTION ( 'NONE',  ( -1.000000000000000000, 0.0000000000000000000, 0.0000000000000000000 ) ) ;
#1586 = DIRECTION ( 'NONE',  ( -0.0000000000000000000, -0.0000000000000000000, 1.000000000000000000 ) ) ;
#1587 = CARTESIAN_POINT ( 'NONE',  ( -0.7249999999999975400, 0.0000000000000000000, -0.4000000001250330100 ) ) ;
#1588 = CARTESIAN_POINT ( 'NONE',  ( -1.924999999999997400, 0.5999999999999999800, -0.7000000001249999700 ) ) ;
#1589 = CIRCLE ( 'NONE', #2647, 0.2750000000000001900 ) ;
#1590 = CARTESIAN_POINT ( 'NONE',  ( 0.0000000000000000000, 0.9499999999999936300, 1.074999999925000400 ) ) ;
#1591 = EDGE_CURVE ( 'NONE', #7378, #165, #6434, .T. ) ;
#1592 = DIRECTION ( 'NONE',  ( -0.0000000000000000000, -0.0000000000000000000, 1.000000000000000000 ) ) ;
#1593 = EDGE_CURVE ( 'NONE', #2924, #2573, #365, .T. ) ;
#1594 = ORIENTED_EDGE ( 'NONE', *, *, #7871, .F. ) ;
#1595 = EDGE_CURVE ( 'NONE', #5320, #6220, #162, .T. ) ;
#1596 = ORIENTED_EDGE ( 'NONE', *, *, #5526, .T. ) ;
#1597 = CARTESIAN_POINT ( 'NONE',  ( 0.3250000000000000100, 0.7499999999999998900, -0.2500000001249999500 ) ) ;
#1598 = LINE ( 'NONE', #7390, #7559 ) ;
#1599 = ORIENTED_EDGE ( 'NONE', *, *, #7548, .F. ) ;
#1600 = AXIS2_PLACEMENT_3D ( 'NONE', #7123, #1677, #1046 ) ;
#1601 = DIRECTION ( 'NONE',  ( 0.0000000000000000000, 1.000000000000000000, 0.0000000000000000000 ) ) ;
#1602 = DIRECTION ( 'NONE',  ( 0.0000000000000000000, 0.0000000000000000000, -1.000000000000000000 ) ) ;
#1603 = DIRECTION ( 'NONE',  ( 0.0000000000000000000, 0.0000000000000000000, 1.000000000000000000 ) ) ;
#1604 = LINE ( 'NONE', #6056, #7852 ) ;
#1605 = ORIENTED_EDGE ( 'NONE', *, *, #396, .T. ) ;
#1606 = ORIENTED_EDGE ( 'NONE', *, *, #2713, .F. ) ;
#1607 = DIRECTION ( 'NONE',  ( 1.000000000000000000, 0.0000000000000000000, 0.0000000000000000000 ) ) ;
#1608 = DIRECTION ( 'NONE',  ( 0.0000000000000000000, -0.0000000000000000000, 1.000000000000000000 ) ) ;
#1609 = DIRECTION ( 'NONE',  ( 1.000000000000000000, 0.0000000000000000000, 0.0000000000000000000 ) ) ;
#1610 = CIRCLE ( 'NONE', #1048, 0.1000000000000001000 ) ;
#1611 = CARTESIAN_POINT ( 'NONE',  ( -0.2249999999999989500, 1.000000000000000000, 1.649999999924999000 ) ) ;
#1612 = EDGE_CURVE ( 'NONE', #4372, #999, #2102, .T. ) ;
#1613 = DIRECTION ( 'NONE',  ( 0.0000000000000000000, 1.000000000000000000, 0.0000000000000000000 ) ) ;
#1614 = VERTEX_POINT ( 'NONE', #336 ) ;
#1615 = PLANE ( 'NONE',  #7213 ) ;
#1616 = ORIENTED_EDGE ( 'NONE', *, *, #5107, .F. ) ;
#1617 = PLANE ( 'NONE',  #4815 ) ;
#1618 = DIRECTION ( 'NONE',  ( -1.000000000000000000, -0.0000000000000000000, -0.0000000000000000000 ) ) ;
#1619 = LINE ( 'NONE', #1868, #2763 ) ;
#1620 = VERTEX_POINT ( 'NONE', #1558 ) ;
#1621 = ORIENTED_EDGE ( 'NONE', *, *, #5512, .T. ) ;
#1622 = CARTESIAN_POINT ( 'NONE',  ( 2.600000000468750000, 1.200000000000000000, 0.6999999997749974900 ) ) ;
#1623 = CIRCLE ( 'NONE', #5664, 0.1940817451771168800 ) ;
#1624 = DIRECTION ( 'NONE',  ( 0.0000000000000000000, 0.7660444431189751300, 0.6427876096865429200 ) ) ;
#1625 = DIRECTION ( 'NONE',  ( -1.000000000000000000, 0.0000000000000000000, 0.0000000000000000000 ) ) ;
#1626 = VERTEX_POINT ( 'NONE', #6200 ) ;
#1627 = VECTOR ( 'NONE', #7225, 1000.000000000000000 ) ;
#1628 = CARTESIAN_POINT ( 'NONE',  ( -2.500000000468749500, 0.7999999999999999300, -0.5499999999499998200 ) ) ;
#1629 = DIRECTION ( 'NONE',  ( 0.0000000000000000000, 0.0000000000000000000, -1.000000000000000000 ) ) ;
#1630 = DIRECTION ( 'NONE',  ( 0.9764514191219237900, -0.1736481776669276700, 0.1280192817029381900 ) ) ;
#1631 =( BOUNDED_CURVE ( )  B_SPLINE_CURVE ( 3, ( #6385, #2228, #3378, #3346 ),
 .UNSPECIFIED., .F., .T. ) 
 B_SPLINE_CURVE_WITH_KNOTS ( ( 4, 4 ),
 ( 0.0000000000000000000, 1.621779413747545600 ),
 .UNSPECIFIED. ) 
 CURVE ( )  GEOMETRIC_REPRESENTATION_ITEM ( )  RATIONAL_B_SPLINE_CURVE ( ( 1.000000000000000000, 0.7925691712421014700, 0.7925691712421014700, 1.000000000000000000 ) ) 
 REPRESENTATION_ITEM ( '' )  );
#1632 = ORIENTED_EDGE ( 'NONE', *, *, #7299, .F. ) ;
#1633 = AXIS2_PLACEMENT_3D ( 'NONE', #7831, #4226, #2352 ) ;
#1634 = ORIENTED_EDGE ( 'NONE', *, *, #1471, .F. ) ;
#1635 = VECTOR ( 'NONE', #95, 1000.000000000000000 ) ;
#1636 = EDGE_CURVE ( 'NONE', #4107, #4757, #1434, .T. ) ;
#1637 = CARTESIAN_POINT ( 'NONE',  ( 1.200000000000000400, 1.200000000000000000, 1.074999999925000600 ) ) ;
#1638 = EDGE_LOOP ( 'NONE', ( #6281, #4708, #2794, #2511 ) ) ;
#1639 = VECTOR ( 'NONE', #7796, 1000.000000000000000 ) ;
#1640 = EDGE_CURVE ( 'NONE', #872, #958, #3411, .T. ) ;
#1641 = EDGE_CURVE ( 'NONE', #2034, #4352, #453, .T. ) ;
#1642 = DIRECTION ( 'NONE',  ( -0.7071067811865469100, 0.0000000000000000000, -0.7071067811865482400 ) ) ;
#1643 = VECTOR ( 'NONE', #1070, 1000.000000000000000 ) ;
#1644 = ORIENTED_EDGE ( 'NONE', *, *, #4553, .F. ) ;
#1645 = FACE_OUTER_BOUND ( 'NONE', #5228, .T. ) ;
#1646 = CARTESIAN_POINT ( 'NONE',  ( 1.040879432741016900, 0.8499999999999996400, 1.015225092130679800 ) ) ;
#1647 = LINE ( 'NONE', #790, #5141 ) ;
#1648 = ORIENTED_EDGE ( 'NONE', *, *, #3462, .T. ) ;
#1649 = DIRECTION ( 'NONE',  ( 0.0000000000000000000, 1.000000000000000000, 0.0000000000000000000 ) ) ;
#1650 = CARTESIAN_POINT ( 'NONE',  ( 0.1500000000000009400, 1.049999999999999800, 1.649999999924999000 ) ) ;
#1651 = AXIS2_PLACEMENT_3D ( 'NONE', #5618, #920, #1624 ) ;
#1652 = ORIENTED_EDGE ( 'NONE', *, *, #5108, .F. ) ;
#1653 = EDGE_CURVE ( 'NONE', #1184, #5644, #4628, .T. ) ;
#1654 = FACE_OUTER_BOUND ( 'NONE', #4867, .T. ) ;
#1655 = DIRECTION ( 'NONE',  ( -0.0000000000000000000, 1.000000000000000000, -0.0000000000000000000 ) ) ;
#1656 = ORIENTED_EDGE ( 'NONE', *, *, #3196, .T. ) ;
#1657 = CYLINDRICAL_SURFACE ( 'NONE', #3737, 0.1499999999999997400 ) ;
#1658 = ORIENTED_EDGE ( 'NONE', *, *, #7164, .F. ) ;
#1659 = CARTESIAN_POINT ( 'NONE',  ( -0.3250000000000000100, 0.7499999999999998900, -0.2500000001249999500 ) ) ;
#1660 = CARTESIAN_POINT ( 'NONE',  ( -1.950000000468749900, 1.149999999999999900, 1.674999999925000300 ) ) ;
#1661 = DIRECTION ( 'NONE',  ( -1.000000000000000000, 0.0000000000000000000, 0.0000000000000000000 ) ) ;
#1662 = STYLED_ITEM ( 'NONE', ( #1026 ), #5385 ) ;
#1663 = ORIENTED_EDGE ( 'NONE', *, *, #6631, .T. ) ;
#1664 = CARTESIAN_POINT ( 'NONE',  ( -0.2826859736106395700, 0.7999999999999999300, -0.2500000001250002900 ) ) ;
#1665 = EDGE_LOOP ( 'NONE', ( #4485, #7665, #4301, #1505, #6822, #1229, #507, #7634, #2120, #7483, #463, #5439 ) ) ;
#1666 = LINE ( 'NONE', #5209, #5821 ) ;
#1667 = ORIENTED_EDGE ( 'NONE', *, *, #5107, .T. ) ;
#1668 = DIRECTION ( 'NONE',  ( -0.6444403585348352800, -0.7646545784153083700, 0.0000000000000000000 ) ) ;
#1669 = PLANE ( 'NONE',  #938 ) ;
#1670 = DIRECTION ( 'NONE',  ( 2.168404344971007700E-015, 0.0000000000000000000, -1.000000000000000000 ) ) ;
#1671 = DIRECTION ( 'NONE',  ( -1.597913209883917700E-015, 0.0000000000000000000, 1.000000000000000000 ) ) ;
#1672 = ORIENTED_EDGE ( 'NONE', *, *, #7508, .T. ) ;
#1673 = DIRECTION ( 'NONE',  ( 1.000000000000000000, 0.0000000000000000000, -0.0000000000000000000 ) ) ;
#1674 = VERTEX_POINT ( 'NONE', #6432 ) ;
#1675 = EDGE_LOOP ( 'NONE', ( #4174, #7217, #5579, #1562, #1712 ) ) ;
#1676 = EDGE_CURVE ( 'NONE', #1261, #5753, #3858, .T. ) ;
#1677 = DIRECTION ( 'NONE',  ( -0.9764514191219240100, -0.1736481776669267200, 0.1280192817029382200 ) ) ;
#1678 = LINE ( 'NONE', #7663, #2991 ) ;
#1679 = LINE ( 'NONE', #3536, #6095 ) ;
#1680 = ORIENTED_EDGE ( 'NONE', *, *, #3873, .F. ) ;
#1681 = ORIENTED_EDGE ( 'NONE', *, *, #3133, .T. ) ;
#1682 = AXIS2_PLACEMENT_3D ( 'NONE', #3901, #5105, #2724 ) ;
#1683 = LINE ( 'NONE', #2949, #6102 ) ;
#1684 = CARTESIAN_POINT ( 'NONE',  ( -1.049999999999998900, 1.049999999999999800, 1.899999999924999000 ) ) ;
#1685 = DIRECTION ( 'NONE',  ( 1.000000000000000000, 0.0000000000000000000, 0.0000000000000000000 ) ) ;
#1686 = EDGE_CURVE ( 'NONE', #483, #7808, #640, .T. ) ;
#1687 = CARTESIAN_POINT ( 'NONE',  ( -2.156767229583731000, 1.200000000000000000, 1.093133396382724100 ) ) ;
#1688 = ORIENTED_EDGE ( 'NONE', *, *, #4810, .T. ) ;
#1689 = CARTESIAN_POINT ( 'NONE',  ( 0.8804038380510541600, 0.9196133561287388500, -0.2500000001250000700 ) ) ;
#1690 = EDGE_LOOP ( 'NONE', ( #3617, #5363, #5029, #7207 ) ) ;
#1691 = ADVANCED_FACE ( 'NONE', ( #7597 ), #2371, .F. ) ;
#1692 = VECTOR ( 'NONE', #7058, 1000.000000000000000 ) ;
#1693 = DIRECTION ( 'NONE',  ( 0.0000000000000000000, 0.0000000000000000000, -1.000000000000000000 ) ) ;
#1694 = VECTOR ( 'NONE', #2408, 1000.000000000000000 ) ;
#1695 = CARTESIAN_POINT ( 'NONE',  ( 0.0000000000000000000, 1.200000000000000000, -0.2500000001250000700 ) ) ;
#1696 = ORIENTED_EDGE ( 'NONE', *, *, #4315, .T. ) ;
#1697 = DIRECTION ( 'NONE',  ( 0.0000000000000000000, -1.000000000000000000, 0.0000000000000000000 ) ) ;
#1698 = DIRECTION ( 'NONE',  ( -0.0000000000000000000, 1.000000000000000000, -0.0000000000000000000 ) ) ;
#1699 = ORIENTED_EDGE ( 'NONE', *, *, #7312, .T. ) ;
#1700 = CARTESIAN_POINT ( 'NONE',  ( 0.8749999999999996700, 0.9499999999999936300, -0.2500000001249999500 ) ) ;
#1701 = CARTESIAN_POINT ( 'NONE',  ( 2.750000000000000000, 0.4253461364713306300, 0.6799965573306295800 ) ) ;
#1702 = EDGE_CURVE ( 'NONE', #89, #5143, #7875, .T. ) ;
#1703 = CARTESIAN_POINT ( 'NONE',  ( 1.199999999999999700, 0.7999999999999999300, -0.3750000001249989600 ) ) ;
#1704 = EDGE_CURVE ( 'NONE', #4035, #1104, #6136, .T. ) ;
#1705 = EDGE_CURVE ( 'NONE', #5434, #698, #4718, .T. ) ;
#1706 = LINE ( 'NONE', #7267, #5752 ) ;
#1707 = CARTESIAN_POINT ( 'NONE',  ( -0.7999999999999998200, 1.200000000000000000, -0.5982233048283627200 ) ) ;
#1708 = ORIENTED_EDGE ( 'NONE', *, *, #1595, .T. ) ;
#1709 = CARTESIAN_POINT ( 'NONE',  ( 0.0000000000000000000, 0.5999999999999999800, 0.0000000000000000000 ) ) ;
#1710 = PLANE ( 'NONE',  #3087 ) ;
#1711 = AXIS2_PLACEMENT_3D ( 'NONE', #6210, #5557, #194 ) ;
#1712 = ORIENTED_EDGE ( 'NONE', *, *, #1329, .F. ) ;
#1713 = DIRECTION ( 'NONE',  ( 1.000000000000000000, 0.0000000000000000000, 0.0000000000000000000 ) ) ;
#1714 = DIRECTION ( 'NONE',  ( -1.000000000000000000, 0.0000000000000000000, 0.0000000000000000000 ) ) ;
#1715 = DIRECTION ( 'NONE',  ( 0.0000000000000000000, 0.9848077530122083500, 0.1736481776669286400 ) ) ;
#1716 = ORIENTED_EDGE ( 'NONE', *, *, #3397, .F. ) ;
#1717 = VECTOR ( 'NONE', #5797, 1000.000000000000100 ) ;
#1718 = ORIENTED_EDGE ( 'NONE', *, *, #5061, .F. ) ;
#1719 = CARTESIAN_POINT ( 'NONE',  ( 2.175000000468748900, 0.7999999999999999300, 0.8499999997749972900 ) ) ;
#1720 = LINE ( 'NONE', #3771, #7298 ) ;
#1721 = ORIENTED_EDGE ( 'NONE', *, *, #1895, .T. ) ;
#1722 = CARTESIAN_POINT ( 'NONE',  ( -2.682303702682174300, 0.04142135623730932400, -1.600000000124999900 ) ) ;
#1723 = PLANE ( 'NONE',  #2512 ) ;
#1724 = CARTESIAN_POINT ( 'NONE',  ( -2.500000000468749900, 0.7999999999999999300, 0.7999999997750006900 ) ) ;
#1725 = VECTOR ( 'NONE', #6316, 1000.000000000000000 ) ;
#1726 = VERTEX_POINT ( 'NONE', #3933 ) ;
#1727 = CARTESIAN_POINT ( 'NONE',  ( -0.3249999999999992900, 0.5999999999999999800, 1.399999999924999000 ) ) ;
#1728 = ORIENTED_EDGE ( 'NONE', *, *, #2491, .T. ) ;
#1729 = VECTOR ( 'NONE', #3474, 1000.000000000000000 ) ;
#1730 = ORIENTED_EDGE ( 'NONE', *, *, #7778, .F. ) ;
#1731 = ORIENTED_EDGE ( 'NONE', *, *, #4249, .T. ) ;
#1732 = CARTESIAN_POINT ( 'NONE',  ( 0.3250000000000000100, 0.7499999999999998900, -0.2500000001249999500 ) ) ;
#1733 = DIRECTION ( 'NONE',  ( 0.0000000000000000000, 0.0000000000000000000, -1.000000000000000000 ) ) ;
#1734 = AXIS2_PLACEMENT_3D ( 'NONE', #2459, #3660, #1153 ) ;
#1735 = CYLINDRICAL_SURFACE ( 'NONE', #7184, 0.1500000000000001900 ) ;
#1736 = ORIENTED_EDGE ( 'NONE', *, *, #6345, .T. ) ;
#1737 = EDGE_CURVE ( 'NONE', #4308, #5534, #1631, .T. ) ;
#1738 = LINE ( 'NONE', #3647, #6538 ) ;
#1739 = LINE ( 'NONE', #4405, #4167 ) ;
#1740 = ORIENTED_EDGE ( 'NONE', *, *, #7102, .T. ) ;
#1741 = LINE ( 'NONE', #2439, #6735 ) ;
#1742 = CARTESIAN_POINT ( 'NONE',  ( 1.051272786571499500, 0.7999999999999999300, 1.094499127746349600 ) ) ;
#1743 = AXIS2_PLACEMENT_3D ( 'NONE', #947, #5804, #2775 ) ;
#1744 = DIRECTION ( 'NONE',  ( 0.0000000000000000000, 0.0000000000000000000, -1.000000000000000000 ) ) ;
#1745 = VERTEX_POINT ( 'NONE', #7036 ) ;
#1746 = DIRECTION ( 'NONE',  ( 0.6444403585348307300, -0.7646545784153122600, -6.607612516567450500E-016 ) ) ;
#1747 = DIRECTION ( 'NONE',  ( -0.0000000000000000000, 1.000000000000000000, -0.0000000000000000000 ) ) ;
#1748 = EDGE_LOOP ( 'NONE', ( #6401, #4821, #6784, #4719 ) ) ;
#1749 = EDGE_CURVE ( 'NONE', #2573, #2924, #4340, .T. ) ;
#1750 = CARTESIAN_POINT ( 'NONE',  ( -1.200000000000000200, 0.7999999999999999300, -0.3750000001249999500 ) ) ;
#1751 = VECTOR ( 'NONE', #5106, 1000.000000000000000 ) ;
#1752 = EDGE_CURVE ( 'NONE', #310, #6842, #3123, .T. ) ;
#1753 = EDGE_CURVE ( 'NONE', #1584, #6243, #2188, .T. ) ;
#1754 = CARTESIAN_POINT ( 'NONE',  ( 0.7999999999999997100, 0.7499999999999998900, -0.7000000001249999700 ) ) ;
#1755 = VERTEX_POINT ( 'NONE', #1447 ) ;
#1756 = LINE ( 'NONE', #2173, #6076 ) ;
#1757 = ORIENTED_EDGE ( 'NONE', *, *, #1831, .T. ) ;
#1758 = PLANE ( 'NONE',  #292 ) ;
#1759 = ORIENTED_EDGE ( 'NONE', *, *, #2603, .T. ) ;
#1760 = ORIENTED_EDGE ( 'NONE', *, *, #5266, .T. ) ;
#1761 = VECTOR ( 'NONE', #7374, 1000.000000000000000 ) ;
#1762 = ORIENTED_EDGE ( 'NONE', *, *, #394, .F. ) ;
#1763 = ORIENTED_EDGE ( 'NONE', *, *, #6073, .F. ) ;
#1764 = ORIENTED_EDGE ( 'NONE', *, *, #4393, .F. ) ;
#1765 = CARTESIAN_POINT ( 'NONE',  ( 2.175000000000000700, 1.050000000000000000, 1.899999999924999000 ) ) ;
#1766 = ORIENTED_EDGE ( 'NONE', *, *, #2240, .T. ) ;
#1767 = DIRECTION ( 'NONE',  ( 0.0000000000000000000, 1.000000000000000000, -0.0000000000000000000 ) ) ;
#1768 = CYLINDRICAL_SURFACE ( 'NONE', #1787, 0.09999999999999993600 ) ;
#1769 = CARTESIAN_POINT ( 'NONE',  ( 2.175000000000000700, 1.000000000000000000, 1.649999999924999000 ) ) ;
#1770 = ORIENTED_EDGE ( 'NONE', *, *, #4851, .T. ) ;
#1771 = EDGE_CURVE ( 'NONE', #2967, #7114, #7678, .T. ) ;
#1772 = AXIS2_PLACEMENT_3D ( 'NONE', #6529, #5927, #2922 ) ;
#1773 = PLANE ( 'NONE',  #7017 ) ;
#1774 = CARTESIAN_POINT ( 'NONE',  ( 0.4750000000000114100, 0.5999999999999999800, -1.600000000124983200 ) ) ;
#1775 = ORIENTED_EDGE ( 'NONE', *, *, #7761, .T. ) ;
#1776 = CARTESIAN_POINT ( 'NONE',  ( -1.348045598058626600, 0.9499999999999936300, 1.099135055248403600 ) ) ;
#1777 = PLANE ( 'NONE',  #4312 ) ;
#1778 = VECTOR ( 'NONE', #304, 1000.000000000000000 ) ;
#1779 = AXIS2_PLACEMENT_3D ( 'NONE', #3882, #6302, #2707 ) ;
#1780 = LINE ( 'NONE', #5341, #6392 ) ;
#1781 = ORIENTED_EDGE ( 'NONE', *, *, #7913, .F. ) ;
#1782 = CARTESIAN_POINT ( 'NONE',  ( -1.672499999999999700, 0.0000000000000000000, -0.7000000001249999700 ) ) ;
#1783 = VECTOR ( 'NONE', #5598, 1000.000000000000000 ) ;
#1784 = DIRECTION ( 'NONE',  ( 0.0000000000000000000, -0.0000000000000000000, 1.000000000000000000 ) ) ;
#1785 = VERTEX_POINT ( 'NONE', #7668 ) ;
#1786 = DIRECTION ( 'NONE',  ( 0.0000000000000000000, -0.0000000000000000000, 1.000000000000000000 ) ) ;
#1787 = AXIS2_PLACEMENT_3D ( 'NONE', #3388, #5231, #1629 ) ;
#1788 = ORIENTED_EDGE ( 'NONE', *, *, #4840, .F. ) ;
#1789 = CARTESIAN_POINT ( 'NONE',  ( 0.3250000000000000100, 0.7999999999999999300, -0.2500000001249999500 ) ) ;
#1790 = EDGE_CURVE ( 'NONE', #5353, #5599, #4620, .T. ) ;
#1791 = VECTOR ( 'NONE', #2772, 1000.000000000000000 ) ;
#1792 = ORIENTED_EDGE ( 'NONE', *, *, #6180, .T. ) ;
#1793 = EDGE_CURVE ( 'NONE', #903, #7740, #541, .T. ) ;
#1794 = PLANE ( 'NONE',  #3243 ) ;
#1795 = CARTESIAN_POINT ( 'NONE',  ( 1.925000000000010700, 0.0000000000000000000, -1.500000000125000200 ) ) ;
#1796 = DIRECTION ( 'NONE',  ( 0.0000000000000000000, 0.0000000000000000000, -1.000000000000000000 ) ) ;
#1797 = DIRECTION ( 'NONE',  ( 1.301042606982603800E-013, 0.0000000000000000000, -1.000000000000000000 ) ) ;
#1798 = CARTESIAN_POINT ( 'NONE',  ( -1.927499999999999800, 0.0000000000000000000, 0.0000000000000000000 ) ) ;
#1799 = CIRCLE ( 'NONE', #2428, 0.2750000000000000200 ) ;
#1800 = VERTEX_POINT ( 'NONE', #4688 ) ;
#1801 = AXIS2_PLACEMENT_3D ( 'NONE', #4741, #5915, #571 ) ;
#1802 = CARTESIAN_POINT ( 'NONE',  ( 0.7275000000000000400, 0.0000000000000000000, 0.0000000000000000000 ) ) ;
#1803 = CARTESIAN_POINT ( 'NONE',  ( -1.599999999999999900, 1.200000000000000000, -0.7000000001249999700 ) ) ;
#1804 = VERTEX_POINT ( 'NONE', #3633 ) ;
#1805 = EDGE_CURVE ( 'NONE', #57, #3142, #6809, .T. ) ;
#1806 = CARTESIAN_POINT ( 'NONE',  ( 0.3250000000000000100, 0.9499999999999936300, -0.2500000001249999500 ) ) ;
#1807 = VECTOR ( 'NONE', #3808, 1000.000000000000000 ) ;
#1808 = ORIENTED_EDGE ( 'NONE', *, *, #2857, .T. ) ;
#1809 = LINE ( 'NONE', #2160, #7481 ) ;
#1810 = ORIENTED_EDGE ( 'NONE', *, *, #7631, .T. ) ;
#1811 = ADVANCED_FACE ( 'NONE', ( #939 ), #1133, .T. ) ;
#1812 = CARTESIAN_POINT ( 'NONE',  ( 1.925000000000011400, 0.5999999999999999800, -1.600000000125011000 ) ) ;
#1813 = VERTEX_POINT ( 'NONE', #5364 ) ;
#1814 = LINE ( 'NONE', #1007, #5112 ) ;
#1815 = CARTESIAN_POINT ( 'NONE',  ( -1.042011618257584900, 0.8602915151931415100, 1.023860698733500600 ) ) ;
#1816 = DIRECTION ( 'NONE',  ( 1.000000000000000000, 0.0000000000000000000, 0.0000000000000000000 ) ) ;
#1817 = ORIENTED_EDGE ( 'NONE', *, *, #5220, .F. ) ;
#1818 = VECTOR ( 'NONE', #6492, 1000.000000000000000 ) ;
#1819 = CARTESIAN_POINT ( 'NONE',  ( 1.999999999999999600, 0.7999999999999999300, -0.7000000001249999700 ) ) ;
#1820 = ORIENTED_EDGE ( 'NONE', *, *, #5714, .F. ) ;
#1821 = DIRECTION ( 'NONE',  ( 0.0000000000000000000, 0.0000000000000000000, 1.000000000000000000 ) ) ;
#1822 = LINE ( 'NONE', #813, #281 ) ;
#1823 = ORIENTED_EDGE ( 'NONE', *, *, #907, .F. ) ;
#1824 = VECTOR ( 'NONE', #3317, 1000.000000000000000 ) ;
#1825 = CARTESIAN_POINT ( 'NONE',  ( -2.750000000000000000, 0.4253461364713256300, 0.6999999997749999400 ) ) ;
#1826 = VERTEX_POINT ( 'NONE', #5955 ) ;
#1827 = FACE_OUTER_BOUND ( 'NONE', #7516, .T. ) ;
#1828 = VECTOR ( 'NONE', #5260, 1000.000000000000000 ) ;
#1829 = ORIENTED_EDGE ( 'NONE', *, *, #4912, .F. ) ;
#1830 = VECTOR ( 'NONE', #1258, 1000.000000000000000 ) ;
#1831 = EDGE_CURVE ( 'NONE', #3172, #308, #3028, .T. ) ;
#1832 = VECTOR ( 'NONE', #2801, 1000.000000000000000 ) ;
#1833 = EDGE_CURVE ( 'NONE', #6427, #2717, #3580, .T. ) ;
#1834 = VERTEX_POINT ( 'NONE', #7289 ) ;
#1835 = DIRECTION ( 'NONE',  ( -0.0000000000000000000, 1.000000000000000000, -0.0000000000000000000 ) ) ;
#1836 = CARTESIAN_POINT ( 'NONE',  ( -0.2249999999999989500, 1.000000000000000000, 1.899999999924999000 ) ) ;
#1837 = LINE ( 'NONE', #5838, #5809 ) ;
#1838 = DIRECTION ( 'NONE',  ( 0.0000000000000000000, 0.0000000000000000000, -1.000000000000000000 ) ) ;
#1839 = VERTEX_POINT ( 'NONE', #2391 ) ;
#1840 = VECTOR ( 'NONE', #3704, 1000.000000000000000 ) ;
#1841 = EDGE_CURVE ( 'NONE', #89, #2791, #4527, .T. ) ;
#1842 = ORIENTED_EDGE ( 'NONE', *, *, #2195, .T. ) ;
#1843 = CARTESIAN_POINT ( 'NONE',  ( -0.4749999999999887600, 0.5999999999999999800, -1.600000000125001400 ) ) ;
#1844 = EDGE_CURVE ( 'NONE', #2328, #2984, #1518, .T. ) ;
#1845 = CARTESIAN_POINT ( 'NONE',  ( 1.524999999999999900, 0.7999999999999999300, -0.2500000001249999500 ) ) ;
#1846 = EDGE_CURVE ( 'NONE', #6656, #6797, #3217, .T. ) ;
#1847 = CARTESIAN_POINT ( 'NONE',  ( 1.349999999687498300, 1.200000000000000000, -1.600000000125000300 ) ) ;
#1848 = DIRECTION ( 'NONE',  ( 0.0000000000000000000, 0.0000000000000000000, -1.000000000000000000 ) ) ;
#1849 = LINE ( 'NONE', #4983, #200 ) ;
#1850 = ORIENTED_EDGE ( 'NONE', *, *, #6837, .F. ) ;
#1851 = ADVANCED_FACE ( 'NONE', ( #2850 ), #7874, .F. ) ;
#1852 = CIRCLE ( 'NONE', #56, 0.1000000000000000500 ) ;
#1853 = ORIENTED_EDGE ( 'NONE', *, *, #391, .F. ) ;
#1854 = AXIS2_PLACEMENT_3D ( 'NONE', #4763, #1139, #6006 ) ;
#1855 = VERTEX_POINT ( 'NONE', #5447 ) ;
#1856 = CARTESIAN_POINT ( 'NONE',  ( -1.200000000000000200, 0.7999999999999999300, -0.2500000001249999500 ) ) ;
#1857 = ORIENTED_EDGE ( 'NONE', *, *, #2301, .T. ) ;
#1858 = EDGE_CURVE ( 'NONE', #5914, #3009, #5581, .T. ) ;
#1859 = PLANE ( 'NONE',  #6097 ) ;
#1860 = VERTEX_POINT ( 'NONE', #1795 ) ;
#1861 = VECTOR ( 'NONE', #6728, 1000.000000000000000 ) ;
#1862 = FACE_OUTER_BOUND ( 'NONE', #5687, .T. ) ;
#1863 = CARTESIAN_POINT ( 'NONE',  ( -1.999999999999999600, 0.7999999999999999300, -0.7000000001249999700 ) ) ;
#1864 = DIRECTION ( 'NONE',  ( -0.0000000000000000000, -0.0000000000000000000, 1.000000000000000000 ) ) ;
#1865 = ORIENTED_EDGE ( 'NONE', *, *, #4896, .F. ) ;
#1866 = DIRECTION ( 'NONE',  ( 0.0000000000000000000, -1.000000000000000000, 0.0000000000000000000 ) ) ;
#1867 = VECTOR ( 'NONE', #3050, 1000.000000000000000 ) ;
#1868 = CARTESIAN_POINT ( 'NONE',  ( -1.674999999999988500, 0.5999999999999999800, -1.600000000125009900 ) ) ;
#1869 = CARTESIAN_POINT ( 'NONE',  ( -2.175000000468748900, 0.8939695520413333300, 0.9249999997749972500 ) ) ;
#1870 = DIRECTION ( 'NONE',  ( -1.000000000000000000, -0.0000000000000000000, -0.0000000000000000000 ) ) ;
#1871 = CARTESIAN_POINT ( 'NONE',  ( -0.1865093667213664500, 0.7999999999999999300, 0.4835753100480352800 ) ) ;
#1872 = ORIENTED_EDGE ( 'NONE', *, *, #3161, .F. ) ;
#1873 = CARTESIAN_POINT ( 'NONE',  ( -1.524999999999999900, 0.7499999999999998900, -0.2500000001249999500 ) ) ;
#1874 = CARTESIAN_POINT ( 'NONE',  ( -1.051954401941374200, 0.9499999999999936300, 1.099135055248403600 ) ) ;
#1875 =( BOUNDED_CURVE ( )  B_SPLINE_CURVE ( 3, ( #7087, #419, #5297, #2303 ),
 .UNSPECIFIED., .F., .F. ) 
 B_SPLINE_CURVE_WITH_KNOTS ( ( 4, 4 ),
 ( 4.712388980384695900, 6.283185307179586200 ),
 .UNSPECIFIED. ) 
 CURVE ( )  GEOMETRIC_REPRESENTATION_ITEM ( )  RATIONAL_B_SPLINE_CURVE ( ( 1.000000000000000000, 0.8047378541243663800, 0.8047378541243663800, 1.000000000000000000 ) ) 
 REPRESENTATION_ITEM ( '' )  );
#1876 = CARTESIAN_POINT ( 'NONE',  ( -2.710265396141692500, 0.2000000000000000400, -1.200000000149999500 ) ) ;
#1877 = EDGE_LOOP ( 'NONE', ( #531, #5923, #1255, #6323, #5375, #83, #692, #5352, #6141, #6015, #1652, #3310 ) ) ;
#1878 = LINE ( 'NONE', #6916, #516 ) ;
#1879 = CARTESIAN_POINT ( 'NONE',  ( 0.0000000000000000000, 0.9499999999999936300, 1.074999999925000400 ) ) ;
#1880 = EDGE_CURVE ( 'NONE', #5242, #3345, #3765, .T. ) ;
#1881 = CIRCLE ( 'NONE', #3328, 0.07499999999999998300 ) ;
#1882 = EDGE_CURVE ( 'NONE', #1342, #2509, #354, .T. ) ;
#1883 = VERTEX_POINT ( 'NONE', #6603 ) ;
#1884 = DIRECTION ( 'NONE',  ( 1.000000000000000000, -0.0000000000000000000, -0.0000000000000000000 ) ) ;
#1885 = EDGE_LOOP ( 'NONE', ( #3312, #4616, #5122, #3508, #6811 ) ) ;
#1886 = ORIENTED_EDGE ( 'NONE', *, *, #1093, .T. ) ;
#1887 = DIRECTION ( 'NONE',  ( -0.0000000000000000000, -1.000000000000000000, 0.0000000000000000000 ) ) ;
#1888 = PLANE ( 'NONE',  #2792 ) ;
#1889 = AXIS2_PLACEMENT_3D ( 'NONE', #529, #3663, #5412 ) ;
#1890 = CIRCLE ( 'NONE', #7854, 0.2749999999999996300 ) ;
#1891 = ORIENTED_EDGE ( 'NONE', *, *, #2816, .F. ) ;
#1892 = ADVANCED_FACE ( 'NONE', ( #1428 ), #5390, .F. ) ;
#1893 = EDGE_CURVE ( 'NONE', #4506, #3768, #3954, .T. ) ;
#1894 = DIRECTION ( 'NONE',  ( 1.548860246062135700E-016, -0.0000000000000000000, 1.000000000000000000 ) ) ;
#1895 = EDGE_CURVE ( 'NONE', #5910, #5641, #5769, .T. ) ;
#1896 = EDGE_CURVE ( 'NONE', #7381, #7625, #1619, .T. ) ;
#1897 = PLANE ( 'NONE',  #2043 ) ;
#1898 = FACE_OUTER_BOUND ( 'NONE', #5407, .T. ) ;
#1899 = ORIENTED_EDGE ( 'NONE', *, *, #3830, .F. ) ;
#1900 = DIRECTION ( 'NONE',  ( -0.0000000000000000000, -1.000000000000000000, 0.0000000000000000000 ) ) ;
#1901 = DIRECTION ( 'NONE',  ( 1.000000000000000000, 0.0000000000000000000, 0.0000000000000000000 ) ) ;
#1902 = ORIENTED_EDGE ( 'NONE', *, *, #3799, .T. ) ;
#1903 = DIRECTION ( 'NONE',  ( -1.000000000000000000, 0.0000000000000000000, 2.891205795222149400E-015 ) ) ;
#1904 = ADVANCED_FACE ( 'NONE', ( #4437 ), #3669, .F. ) ;
#1905 = DIRECTION ( 'NONE',  ( -0.0000000000000000000, -0.0000000000000000000, -1.000000000000000000 ) ) ;
#1906 = LINE ( 'NONE', #1986, #2756 ) ;
#1907 = ORIENTED_EDGE ( 'NONE', *, *, #6850, .F. ) ;
#1908 = EDGE_CURVE ( 'NONE', #6255, #6917, #153, .T. ) ;
#1909 = ORIENTED_EDGE ( 'NONE', *, *, #1954, .T. ) ;
#1910 = CARTESIAN_POINT ( 'NONE',  ( 1.675000000000011600, 0.0000000000000000000, -1.500000000125000200 ) ) ;
#1911 = CARTESIAN_POINT ( 'NONE',  ( -2.500000000468749500, 1.200000000000000000, -1.200000000149999500 ) ) ;
#1912 = DIRECTION ( 'NONE',  ( 1.000000000000000000, 0.0000000000000000000, 0.0000000000000000000 ) ) ;
#1913 = VECTOR ( 'NONE', #399, 1000.000000000000200 ) ;
#1914 = CARTESIAN_POINT ( 'NONE',  ( -1.200000000000000400, 1.200000000000000000, 1.074999999925000600 ) ) ;
#1915 = ORIENTED_EDGE ( 'NONE', *, *, #1882, .F. ) ;
#1916 = VERTEX_POINT ( 'NONE', #4857 ) ;
#1917 = VECTOR ( 'NONE', #6607, 1000.000000000000200 ) ;
#1918 = VERTEX_POINT ( 'NONE', #4243 ) ;
#1919 = EDGE_LOOP ( 'NONE', ( #6913, #282, #2327, #2838, #4635, #6124, #3180, #5226, #6487 ) ) ;
#1920 = EDGE_CURVE ( 'NONE', #7273, #6064, #5006, .T. ) ;
#1921 = CARTESIAN_POINT ( 'NONE',  ( -2.500000000468749900, 0.7999999999999999300, 0.9732701105718156700 ) ) ;
#1922 = LINE ( 'NONE', #6175, #7887 ) ;
#1923 = VERTEX_POINT ( 'NONE', #69 ) ;
#1924 = LINE ( 'NONE', #4082, #5968 ) ;
#1925 = VERTEX_POINT ( 'NONE', #5580 ) ;
#1926 = DIRECTION ( 'NONE',  ( -1.000000000000000000, 0.0000000000000000000, 0.0000000000000000000 ) ) ;
#1927 = DIRECTION ( 'NONE',  ( -0.1736481776669326300, 0.9848077530122075800, 2.689567591894467500E-017 ) ) ;
#1928 = LINE ( 'NONE', #5851, #3327 ) ;
#1929 = DIRECTION ( 'NONE',  ( -9.974659986866621900E-015, 0.0000000000000000000, 1.000000000000000000 ) ) ;
#1930 = PLANE ( 'NONE',  #2880 ) ;
#1931 = CARTESIAN_POINT ( 'NONE',  ( 0.1500000000000009400, 0.1500000000000000800, 1.649999999924999000 ) ) ;
#1932 = VERTEX_POINT ( 'NONE', #1977 ) ;
#1933 = ADVANCED_FACE ( 'NONE', ( #7583 ), #4353, .F. ) ;
#1934 = VECTOR ( 'NONE', #3054, 1000.000000000000100 ) ;
#1935 = DIRECTION ( 'NONE',  ( 0.0000000000000000000, 0.0000000000000000000, 1.000000000000000000 ) ) ;
#1936 = AXIS2_PLACEMENT_3D ( 'NONE', #4472, #2649, #6888 ) ;
#1937 = ORIENTED_EDGE ( 'NONE', *, *, #4854, .T. ) ;
#1938 = CARTESIAN_POINT ( 'NONE',  ( 0.1487272134285001200, 0.7999999999999999300, 1.094499127746349600 ) ) ;
#1939 = APPLICATION_PROTOCOL_DEFINITION ( 'draft international standard', 'automotive_design', 1998, #1293 ) ;
#1940 = DIRECTION ( 'NONE',  ( -1.000000000000000000, 0.0000000000000000000, -7.047314121155794600E-015 ) ) ;
#1941 = LINE ( 'NONE', #3987, #5613 ) ;
#1942 = ORIENTED_EDGE ( 'NONE', *, *, #3206, .F. ) ;
#1943 = CARTESIAN_POINT ( 'NONE',  ( -2.175000000468748900, 0.7999999999999999300, 0.9732701105718156700 ) ) ;
#1944 = EDGE_CURVE ( 'NONE', #515, #6790, #2004, .T. ) ;
#1945 = ADVANCED_FACE ( 'NONE', ( #4811 ), #817, .F. ) ;
#1946 = CARTESIAN_POINT ( 'NONE',  ( 2.749999999999999100, 0.6500000000000016900, 0.6999999997749998300 ) ) ;
#1947 = LINE ( 'NONE', #3710, #4091 ) ;
#1948 = ORIENTED_EDGE ( 'NONE', *, *, #1018, .F. ) ;
#1949 = CARTESIAN_POINT ( 'NONE',  ( 1.349999999687498300, 0.1000000000000000500, -1.600000000125000300 ) ) ;
#1950 = VECTOR ( 'NONE', #446, 1000.000000000000000 ) ;
#1951 = ORIENTED_EDGE ( 'NONE', *, *, #3544, .F. ) ;
#1952 = ORIENTED_EDGE ( 'NONE', *, *, #4441, .T. ) ;
#1953 = ORIENTED_EDGE ( 'NONE', *, *, #4300, .F. ) ;
#1954 = EDGE_CURVE ( 'NONE', #4981, #707, #6335, .T. ) ;
#1955 = DIRECTION ( 'NONE',  ( -1.000000000000000000, 0.0000000000000000000, 0.0000000000000000000 ) ) ;
#1956 = VERTEX_POINT ( 'NONE', #752 ) ;
#1957 = EDGE_CURVE ( 'NONE', #2942, #7429, #5960, .T. ) ;
#1958 = DIRECTION ( 'NONE',  ( 0.0000000000000000000, 0.9659258262890680900, 0.2588190451025214600 ) ) ;
#1959 = CARTESIAN_POINT ( 'NONE',  ( -0.8749999999999996700, 0.7999999999999999300, -0.2500000001249999500 ) ) ;
#1960 = LINE ( 'NONE', #3105, #1180 ) ;
#1961 = ORIENTED_EDGE ( 'NONE', *, *, #60, .T. ) ;
#1962 = CARTESIAN_POINT ( 'NONE',  ( 1.051272786571499500, 0.8499999999999996400, 1.094499127746349600 ) ) ;
#1963 = VERTEX_POINT ( 'NONE', #1392 ) ;
#1964 = CARTESIAN_POINT ( 'NONE',  ( 2.674999999999998500, 0.0000000000000000000, -0.4499999999500014500 ) ) ;
#1965 = LINE ( 'NONE', #4279, #4679 ) ;
#1966 = PLANE ( 'NONE',  #1343 ) ;
#1967 = CARTESIAN_POINT ( 'NONE',  ( 0.0000000000000000000, 0.0000000000000000000, 1.649999999924999000 ) ) ;
#1968 = FACE_OUTER_BOUND ( 'NONE', #1379, .T. ) ;
#1969 = DIRECTION ( 'NONE',  ( -1.000000000000000000, 0.0000000000000000000, -7.047314121155785900E-015 ) ) ;
#1970 = DIRECTION ( 'NONE',  ( 0.0000000000000000000, 0.0000000000000000000, -1.000000000000000000 ) ) ;
#1971 = EDGE_LOOP ( 'NONE', ( #912, #5950, #2578, #2609, #6075 ) ) ;
#1972 = VECTOR ( 'NONE', #7434, 1000.000000000000000 ) ;
#1973 = ADVANCED_FACE ( 'NONE', ( #7385 ), #6825, .F. ) ;
#1974 = ORIENTED_EDGE ( 'NONE', *, *, #496, .F. ) ;
#1975 = ORIENTED_EDGE ( 'NONE', *, *, #1882, .T. ) ;
#1977 = CARTESIAN_POINT ( 'NONE',  ( -1.299999999687500500, 1.200000000000000000, -1.799999999925000500 ) ) ;
#1976 = AXIS2_PLACEMENT_3D ( 'NONE', #6857, #3795, #782 ) ;
#1978 = CARTESIAN_POINT ( 'NONE',  ( 1.348727213428500700, 0.9499999999999936300, 1.094499127746349600 ) ) ;
#1979 = DIRECTION ( 'NONE',  ( -0.9764514191219240100, -0.1736481776669275300, 0.1280192817029377500 ) ) ;
#1980 = CARTESIAN_POINT ( 'NONE',  ( -1.349999999999998800, 1.050000000000000000, 1.899999999924999000 ) ) ;
#1981 = ADVANCED_FACE ( 'NONE', ( #2568 ), #3503, .T. ) ;
#1982 = LINE ( 'NONE', #2747, #333 ) ;
#1984 = PLANE ( 'NONE',  #6998 ) ;
#1983 = CARTESIAN_POINT ( 'NONE',  ( 1.348045598058626600, 0.9499999999999936300, 1.099135055248403600 ) ) ;
#1985 = ORIENTED_EDGE ( 'NONE', *, *, #5992, .F. ) ;
#1986 = CARTESIAN_POINT ( 'NONE',  ( 2.674999999999999400, 0.0000000000000000000, 0.6999999997749973800 ) ) ;
#1987 = EDGE_CURVE ( 'NONE', #5570, #1530, #1809, .T. ) ;
#1988 = DIRECTION ( 'NONE',  ( 1.000000000000000000, -0.0000000000000000000, -0.0000000000000000000 ) ) ;
#1989 = FACE_OUTER_BOUND ( 'NONE', #7858, .T. ) ;
#1990 = CARTESIAN_POINT ( 'NONE',  ( -0.3999999999999998000, 1.200000000000000000, -0.5982233048283635000 ) ) ;
#1991 = EDGE_LOOP ( 'NONE', ( #2104, #4653, #2111, #2872, #910, #3659, #7343 ) ) ;
#1992 = DIRECTION ( 'NONE',  ( 2.457524924300473800E-014, 0.0000000000000000000, -1.000000000000000000 ) ) ;
#1993 = DIRECTION ( 'NONE',  ( -0.9764514191219237900, -0.1736481776669277200, 0.1280192817029381600 ) ) ;
#1994 = CARTESIAN_POINT ( 'NONE',  ( 1.051475843957225600, 0.9463208992064708900, 1.096047923129494600 ) ) ;
#1995 = EDGE_LOOP ( 'NONE', ( #3437, #2910, #3757, #2542 ) ) ;
#1996 = DIRECTION ( 'NONE',  ( 6.938893905433791600E-016, 0.0000000000000000000, 1.000000000000000000 ) ) ;
#1997 = AXIS2_PLACEMENT_3D ( 'NONE', #4310, #5025, #702 ) ;
#1998 = VECTOR ( 'NONE', #1655, 1000.000000000000000 ) ;
#1999 = ORIENTED_EDGE ( 'NONE', *, *, #3639, .T. ) ;
#2000 = EDGE_CURVE ( 'NONE', #3756, #6881, #6526, .T. ) ;
#2001 = VERTEX_POINT ( 'NONE', #5159 ) ;
#2002 = EDGE_CURVE ( 'NONE', #1177, #1813, #5376, .T. ) ;
#2003 = EDGE_CURVE ( 'NONE', #3009, #4126, #7103, .T. ) ;
#2004 = LINE ( 'NONE', #215, #3308 ) ;
#2005 = EDGE_LOOP ( 'NONE', ( #6654, #2506, #456, #244 ) ) ;
#2006 = DIRECTION ( 'NONE',  ( 1.000000000000000000, 0.0000000000000000000, -1.548860246062135700E-016 ) ) ;
#2007 = VERTEX_POINT ( 'NONE', #3360 ) ;
#2008 = DIRECTION ( 'NONE',  ( 0.0000000000000000000, 0.0000000000000000000, 1.000000000000000000 ) ) ;
#2009 = PLANE ( 'NONE',  #1711 ) ;
#2010 = ADVANCED_FACE ( 'NONE', ( #6425 ), #7606, .F. ) ;
#2011 = FACE_OUTER_BOUND ( 'NONE', #7860, .T. ) ;
#2012 = EDGE_CURVE ( 'NONE', #1674, #3969, #4053, .T. ) ;
#2013 = ORIENTED_EDGE ( 'NONE', *, *, #2852, .F. ) ;
#2014 = VECTOR ( 'NONE', #3649, 1000.000000000000000 ) ;
#2015 = CARTESIAN_POINT ( 'NONE',  ( 2.682303702682172600, 0.04142135623730958100, -0.5499999999500013700 ) ) ;
#2016 = VERTEX_POINT ( 'NONE', #1571 ) ;
#2017 = FACE_OUTER_BOUND ( 'NONE', #7054, .T. ) ;
#2018 = ORIENTED_EDGE ( 'NONE', *, *, #2253, .F. ) ;
#2019 = DIRECTION ( 'NONE',  ( 0.0000000000000000000, 0.0000000000000000000, -1.000000000000000000 ) ) ;
#2020 = DIRECTION ( 'NONE',  ( 0.0000000000000000000, 0.0000000000000000000, -1.000000000000000000 ) ) ;
#2021 = DIRECTION ( 'NONE',  ( -1.000000000000000000, 0.0000000000000000000, -0.0000000000000000000 ) ) ;
#2022 = DIRECTION ( 'NONE',  ( 0.0000000000000000000, 0.0000000000000000000, 1.000000000000000000 ) ) ;
#2023 = LINE ( 'NONE', #2547, #1635 ) ;
#2024 = ADVANCED_FACE ( 'NONE', ( #633 ), #1509, .F. ) ;
#2025 =( BOUNDED_CURVE ( )  B_SPLINE_CURVE ( 3, ( #7162, #7765, #4329, #4968 ),
 .UNSPECIFIED., .F., .F. ) 
 B_SPLINE_CURVE_WITH_KNOTS ( ( 4, 4 ),
 ( 4.174940550513806400, 4.601498140830952500 ),
 .UNSPECIFIED. ) 
 CURVE ( )  GEOMETRIC_REPRESENTATION_ITEM ( )  RATIONAL_B_SPLINE_CURVE ( ( 1.000000000000000000, 0.9848947743223970300, 0.9848947743223970300, 1.000000000000000000 ) ) 
 REPRESENTATION_ITEM ( '' )  );
#2026 = CARTESIAN_POINT ( 'NONE',  ( -1.424999999999998700, 1.000000000000000000, 1.649999999924999000 ) ) ;
#2027 = EDGE_LOOP ( 'NONE', ( #5899, #4170, #3297, #889 ) ) ;
#2028 = LINE ( 'NONE', #4145, #4071 ) ;
#2029 = LINE ( 'NONE', #3667, #7130 ) ;
#2030 = ORIENTED_EDGE ( 'NONE', *, *, #732, .T. ) ;
#2031 = VECTOR ( 'NONE', #7646, 1000.000000000000000 ) ;
#2032 = LINE ( 'NONE', #131, #3152 ) ;
#2033 = ORIENTED_EDGE ( 'NONE', *, *, #7662, .F. ) ;
#2034 = VERTEX_POINT ( 'NONE', #5849 ) ;
#2035 = CARTESIAN_POINT ( 'NONE',  ( 2.749999999999998200, 0.4253461364713247400, -1.600000000125000300 ) ) ;
#2036 = CARTESIAN_POINT ( 'NONE',  ( 2.366421356237310200, 0.7999999999999999300, -0.3500000001249999900 ) ) ;
#2037 = CARTESIAN_POINT ( 'NONE',  ( 1.524999999999999900, 0.7999999999999999300, -0.2500000001249999500 ) ) ;
#2038 = CIRCLE ( 'NONE', #6343, 0.1250000000000000000 ) ;
#2039 = EDGE_CURVE ( 'NONE', #4623, #7882, #5290, .T. ) ;
#2040 = ORIENTED_EDGE ( 'NONE', *, *, #7520, .F. ) ;
#2041 = FACE_OUTER_BOUND ( 'NONE', #3661, .T. ) ;
#2042 = ORIENTED_EDGE ( 'NONE', *, *, #1326, .T. ) ;
#2043 = AXIS2_PLACEMENT_3D ( 'NONE', #6101, #4171, #533 ) ;
#2044 = ORIENTED_EDGE ( 'NONE', *, *, #2281, .T. ) ;
#2045 = CARTESIAN_POINT ( 'NONE',  ( 0.0000000000000000000, 0.0000000000000000000, -0.7000000001249999700 ) ) ;
#2046 = ORIENTED_EDGE ( 'NONE', *, *, #1908, .T. ) ;
#2047 = DIRECTION ( 'NONE',  ( -0.0000000000000000000, -1.000000000000000000, -0.0000000000000000000 ) ) ;
#2048 = DIRECTION ( 'NONE',  ( -1.000000000000000000, 0.0000000000000000000, 0.0000000000000000000 ) ) ;
#2049 = LINE ( 'NONE', #6845, #4850 ) ;
#2050 = EDGE_CURVE ( 'NONE', #2315, #1126, #3302, .T. ) ;
#2051 = ORIENTED_EDGE ( 'NONE', *, *, #2250, .F. ) ;
#2052 = EDGE_CURVE ( 'NONE', #5474, #4467, #4236, .T. ) ;
#2053 = LINE ( 'NONE', #5852, #4389 ) ;
#2054 = EDGE_CURVE ( 'NONE', #683, #710, #6805, .T. ) ;
#2055 = ORIENTED_EDGE ( 'NONE', *, *, #5417, .F. ) ;
#2056 = ADVANCED_FACE ( 'NONE', ( #5952 ), #3468, .F. ) ;
#2057 = ORIENTED_EDGE ( 'NONE', *, *, #6488, .T. ) ;
#2058 = LINE ( 'NONE', #2507, #1861 ) ;
#2059 = AXIS2_PLACEMENT_3D ( 'NONE', #6464, #7066, #3347 ) ;
#2060 = LINE ( 'NONE', #774, #4864 ) ;
#2061 = AXIS2_PLACEMENT_3D ( 'NONE', #6785, #85, #49 ) ;
#2062 = CARTESIAN_POINT ( 'NONE',  ( -2.174999999999998900, 1.050000000000000000, 1.649999999924999000 ) ) ;
#2063 = EDGE_CURVE ( 'NONE', #5507, #3939, #6708, .T. ) ;
#2064 = CARTESIAN_POINT ( 'NONE',  ( 0.7999999999999998200, 1.200000000000000000, -0.5982233048283627200 ) ) ;
#2065 = ADVANCED_FACE ( 'NONE', ( #7764 ), #4822, .T. ) ;
#2066 = CARTESIAN_POINT ( 'NONE',  ( -0.3249999999999995700, 0.7499999999999998900, -0.5232233048283631000 ) ) ;
#2067 = DIRECTION ( 'NONE',  ( 0.7626935249879681600, -0.6427876096865380300, 0.07157287038322912600 ) ) ;
#2068 = ORIENTED_EDGE ( 'NONE', *, *, #1508, .F. ) ;
#2069 = VECTOR ( 'NONE', #495, 1000.000000000000000 ) ;
#2070 = CARTESIAN_POINT ( 'NONE',  ( 0.0000000000000000000, 0.0000000000000000000, -0.7000000001249999700 ) ) ;
#2071 = ORIENTED_EDGE ( 'NONE', *, *, #7825, .F. ) ;
#2072 = CARTESIAN_POINT ( 'NONE',  ( -1.049999999999998900, 0.1500000000000000800, 1.649999999924999000 ) ) ;
#2073 = EDGE_LOOP ( 'NONE', ( #5015, #1288, #438, #3820 ) ) ;
#2074 = DIRECTION ( 'NONE',  ( 6.956963940115489500E-015, 0.0000000000000000000, -1.000000000000000000 ) ) ;
#2075 = LINE ( 'NONE', #708, #3558 ) ;
#2076 = AXIS2_PLACEMENT_3D ( 'NONE', #1798, #7236, #6722 ) ;
#2077 = DIRECTION ( 'NONE',  ( 0.0000000000000000000, 0.0000000000000000000, 1.000000000000000000 ) ) ;
#2078 = LINE ( 'NONE', #7917, #3480 ) ;
#2079 = ORIENTED_EDGE ( 'NONE', *, *, #4103, .F. ) ;
#2080 = VERTEX_POINT ( 'NONE', #6595 ) ;
#2081 = VERTEX_POINT ( 'NONE', #5463 ) ;
#2082 = VECTOR ( 'NONE', #2754, 1000.000000000000000 ) ;
#2083 = ORIENTED_EDGE ( 'NONE', *, *, #4104, .F. ) ;
#2084 = DIRECTION ( 'NONE',  ( 0.1299941854756611900, 0.0000000000000000000, 0.9915147561900020700 ) ) ;
#2085 = CARTESIAN_POINT ( 'NONE',  ( 0.4750000000000114100, 0.5999999999999999800, -1.600000000124983200 ) ) ;
#2086 = DIRECTION ( 'NONE',  ( 1.000000000000000000, 0.0000000000000000000, 9.974659986866621900E-015 ) ) ;
#2087 = PLANE ( 'NONE',  #4327 ) ;
#2088 = DIRECTION ( 'NONE',  ( 0.09343174671670150000, 0.0000000000000000000, -0.9956256870458224400 ) ) ;
#2089 = AXIS2_PLACEMENT_3D ( 'NONE', #2284, #4565, #5181 ) ;
#2090 = VECTOR ( 'NONE', #6946, 1000.000000000000200 ) ;
#2091 = VERTEX_POINT ( 'NONE', #4166 ) ;
#2092 = ADVANCED_FACE ( 'NONE', ( #7295 ), #1888, .F. ) ;
#2093 = PLANE ( 'NONE',  #5929 ) ;
#2094 = VERTEX_POINT ( 'NONE', #4795 ) ;
#2095 = EDGE_CURVE ( 'NONE', #5913, #1301, #535, .T. ) ;
#2096 = LINE ( 'NONE', #2026, #5575 ) ;
#2097 = DIRECTION ( 'NONE',  ( 0.0000000000000000000, 0.0000000000000000000, 1.000000000000000000 ) ) ;
#2098 = VERTEX_POINT ( 'NONE', #2465 ) ;
#2099 = LINE ( 'NONE', #7386, #2853 ) ;
#2100 = ADVANCED_FACE ( 'NONE', ( #6601 ), #7899, .F. ) ;
#2101 = DIRECTION ( 'NONE',  ( 0.0000000000000000000, 1.000000000000000000, 0.0000000000000000000 ) ) ;
#2102 = LINE ( 'NONE', #5173, #3036 ) ;
#2103 = EDGE_CURVE ( 'NONE', #7878, #628, #5866, .T. ) ;
#2104 = ORIENTED_EDGE ( 'NONE', *, *, #6678, .T. ) ;
#2105 = VERTEX_POINT ( 'NONE', #3579 ) ;
#2106 = VECTOR ( 'NONE', #6071, 1000.000000000000000 ) ;
#2107 = EDGE_CURVE ( 'NONE', #3642, #5716, #3495, .T. ) ;
#2108 = EDGE_CURVE ( 'NONE', #4337, #499, #3852, .T. ) ;
#2109 = EDGE_LOOP ( 'NONE', ( #272, #900, #740, #3226, #3761, #2349, #3790 ) ) ;
#2110 = CARTESIAN_POINT ( 'NONE',  ( 1.397417447183719300, 0.6992431899031478200, -0.2500000001250015600 ) ) ;
#2111 = ORIENTED_EDGE ( 'NONE', *, *, #2392, .T. ) ;
#2112 = FACE_OUTER_BOUND ( 'NONE', #189, .T. ) ;
#2113 = DIRECTION ( 'NONE',  ( 0.0000000000000000000, -1.000000000000000000, 0.0000000000000000000 ) ) ;
#2114 = DIRECTION ( 'NONE',  ( -1.000000000000000000, 0.0000000000000000000, -2.891205795222149400E-015 ) ) ;
#2115 = CARTESIAN_POINT ( 'NONE',  ( 2.500000000468749900, 0.7999999999999999300, -0.3500000001250008200 ) ) ;
#2116 = ORIENTED_EDGE ( 'NONE', *, *, #2700, .T. ) ;
#2117 = FACE_OUTER_BOUND ( 'NONE', #2945, .T. ) ;
#2118 = ORIENTED_EDGE ( 'NONE', *, *, #4195, .T. ) ;
#2119 = FACE_OUTER_BOUND ( 'NONE', #5155, .T. ) ;
#2120 = ORIENTED_EDGE ( 'NONE', *, *, #1841, .F. ) ;
#2121 = DIRECTION ( 'NONE',  ( -0.0000000000000000000, -0.0000000000000000000, 1.000000000000000000 ) ) ;
#2122 = ORIENTED_EDGE ( 'NONE', *, *, #6991, .T. ) ;
#2123 = DIRECTION ( 'NONE',  ( 0.0000000000000000000, 0.0000000000000000000, 1.000000000000000000 ) ) ;
#2124 = LINE ( 'NONE', #4996, #5219 ) ;
#2125 = EDGE_LOOP ( 'NONE', ( #7704, #4066, #3538, #4429 ) ) ;
#2126 = ADVANCED_FACE ( 'NONE', ( #3574 ), #6904, .F. ) ;
#2127 = DIRECTION ( 'NONE',  ( -1.000000000000000000, -0.0000000000000000000, -0.0000000000000000000 ) ) ;
#2128 = AXIS2_PLACEMENT_3D ( 'NONE', #190, #4436, #5047 ) ;
#2129 = ORIENTED_EDGE ( 'NONE', *, *, #2392, .F. ) ;
#2131 = ORIENTED_EDGE ( 'NONE', *, *, #2502, .F. ) ;
#2130 = CARTESIAN_POINT ( 'NONE',  ( -0.3999999999999999700, 0.7999999999999999300, -0.7000000001249999700 ) ) ;
#2132 = ORIENTED_EDGE ( 'NONE', *, *, #7119, .T. ) ;
#2133 = VECTOR ( 'NONE', #4421, 1000.000000000000200 ) ;
#2134 = ORIENTED_EDGE ( 'NONE', *, *, #4044, .F. ) ;
#2135 = CARTESIAN_POINT ( 'NONE',  ( -0.1487272134285000900, 0.7999999999999999300, 1.094499127746349600 ) ) ;
#2136 = ADVANCED_FACE ( 'NONE', ( #2466 ), #3736, .F. ) ;
#2137 = DIRECTION ( 'NONE',  ( 0.0000000000000000000, -1.000000000000000000, 0.0000000000000000000 ) ) ;
#2138 = EDGE_CURVE ( 'NONE', #3610, #515, #3759, .T. ) ;
#2139 = EDGE_CURVE ( 'NONE', #1168, #3219, #1323, .T. ) ;
#2140 = ORIENTED_EDGE ( 'NONE', *, *, #744, .F. ) ;
#2141 = ORIENTED_EDGE ( 'NONE', *, *, #508, .T. ) ;
#2142 = CARTESIAN_POINT ( 'NONE',  ( 1.524999999999999900, 0.9499999999999936300, -0.2500000001249999500 ) ) ;
#2143 = ORIENTED_EDGE ( 'NONE', *, *, #3986, .T. ) ;
#2144 = DIRECTION ( 'NONE',  ( -0.0000000000000000000, -0.0000000000000000000, 1.000000000000000000 ) ) ;
#2145 = DIRECTION ( 'NONE',  ( 1.000000000000000000, -0.0000000000000000000, -1.548860246062135700E-016 ) ) ;
#2146 = CIRCLE ( 'NONE', #7756, 0.09999999999999993600 ) ;
#2147 = DIRECTION ( 'NONE',  ( -1.000000000000000000, 0.0000000000000000000, 0.0000000000000000000 ) ) ;
#2148 = CARTESIAN_POINT ( 'NONE',  ( -2.074999999999999700, 0.9499999999999938500, -0.2500000001249999500 ) ) ;
#2149 = ORIENTED_EDGE ( 'NONE', *, *, #3446, .F. ) ;
#2150 = CARTESIAN_POINT ( 'NONE',  ( -1.324999999687500600, 1.175000000000000500, -1.600000000124999900 ) ) ;
#2151 = EDGE_CURVE ( 'NONE', #1044, #4750, #2096, .T. ) ;
#2152 = VERTEX_POINT ( 'NONE', #3687 ) ;
#2153 = EDGE_CURVE ( 'NONE', #1813, #57, #5676, .T. ) ;
#2154 = EDGE_CURVE ( 'NONE', #7626, #6552, #1510, .T. ) ;
#2155 = ORIENTED_EDGE ( 'NONE', *, *, #2753, .T. ) ;
#2156 = FACE_OUTER_BOUND ( 'NONE', #4474, .T. ) ;
#2157 = EDGE_LOOP ( 'NONE', ( #7026, #5835, #4633, #2654, #5051 ) ) ;
#2158 = CARTESIAN_POINT ( 'NONE',  ( -1.700709290704813300E-016, 0.7499999999999998900, -0.4000000001250003100 ) ) ;
#2159 = ORIENTED_EDGE ( 'NONE', *, *, #109, .T. ) ;
#2160 = CARTESIAN_POINT ( 'NONE',  ( 0.7999999999999997100, 0.7499999999999998900, -0.7000000001249999700 ) ) ;
#2161 = LINE ( 'NONE', #3730, #5550 ) ;
#2162 = PLANE ( 'NONE',  #1001 ) ;
#2163 = CIRCLE ( 'NONE', #4532, 0.07499999999999998300 ) ;
#2164 = DIRECTION ( 'NONE',  ( 2.168404344971007700E-015, 0.0000000000000000000, -1.000000000000000000 ) ) ;
#2165 = DIRECTION ( 'NONE',  ( 0.0000000000000000000, 0.0000000000000000000, 1.000000000000000000 ) ) ;
#2166 = ORIENTED_EDGE ( 'NONE', *, *, #3916, .T. ) ;
#2167 = ORIENTED_EDGE ( 'NONE', *, *, #4249, .F. ) ;
#2168 = ADVANCED_FACE ( 'NONE', ( #450 ), #7486, .F. ) ;
#2169 = DIRECTION ( 'NONE',  ( -1.000000000000000000, 0.0000000000000000000, 0.0000000000000000000 ) ) ;
#2170 = CARTESIAN_POINT ( 'NONE',  ( -1.599999999999999900, 0.7999999999999999300, -0.7000000001249999700 ) ) ;
#2171 = CARTESIAN_POINT ( 'NONE',  ( -2.500000000468749900, 0.7999999999999999300, -0.3500000001250008800 ) ) ;
#2172 = ORIENTED_EDGE ( 'NONE', *, *, #3354, .F. ) ;
#2173 = CARTESIAN_POINT ( 'NONE',  ( -0.3249999999999995700, 0.7999999999999999300, -0.5232233048283631000 ) ) ;
#2174 = ORIENTED_EDGE ( 'NONE', *, *, #242, .T. ) ;
#2175 = AXIS2_PLACEMENT_3D ( 'NONE', #7518, #1410, #210 ) ;
#2176 = ADVANCED_FACE ( 'NONE', ( #729 ), #177, .F. ) ;
#2177 = VECTOR ( 'NONE', #2952, 1000.000000000000000 ) ;
#2178 = ORIENTED_EDGE ( 'NONE', *, *, #1077, .T. ) ;
#2179 = CARTESIAN_POINT ( 'NONE',  ( 2.400000000468749800, 0.7999999999999999300, -0.3500000001249999300 ) ) ;
#2180 = ORIENTED_EDGE ( 'NONE', *, *, #3839, .T. ) ;
#2181 = DIRECTION ( 'NONE',  ( -0.7071067811865562300, -0.0000000000000000000, 0.7071067811865388000 ) ) ;
#2182 = LINE ( 'NONE', #207, #261 ) ;
#2183 = ORIENTED_EDGE ( 'NONE', *, *, #240, .T. ) ;
#2184 = CARTESIAN_POINT ( 'NONE',  ( -1.288388347648318700, 0.7999999999999999300, -0.2866116524766816900 ) ) ;
#2185 = DIRECTION ( 'NONE',  ( -1.000000000000000000, 0.0000000000000000000, -0.0000000000000000000 ) ) ;
#2186 = PLANE ( 'NONE',  #7197 ) ;
#2187 = CARTESIAN_POINT ( 'NONE',  ( -2.175000000468748900, 0.8939695520413333300, 1.052119927031593500 ) ) ;
#2188 = LINE ( 'NONE', #991, #4903 ) ;
#2189 = ORIENTED_EDGE ( 'NONE', *, *, #744, .T. ) ;
#2190 = ORIENTED_EDGE ( 'NONE', *, *, #5125, .F. ) ;
#2191 = EDGE_CURVE ( 'NONE', #1620, #5726, #6521, .T. ) ;
#2192 = VECTOR ( 'NONE', #7052, 999.9999999999998900 ) ;
#2193 = CARTESIAN_POINT ( 'NONE',  ( 2.075000000000000600, 0.5999999999999999800, 1.399999999924999000 ) ) ;
#2194 = DIRECTION ( 'NONE',  ( 1.000000000000000000, 0.0000000000000000000, 0.0000000000000000000 ) ) ;
#2195 = EDGE_CURVE ( 'NONE', #7882, #1963, #5188, .T. ) ;
#2196 = DIRECTION ( 'NONE',  ( 1.000000000000000000, 0.0000000000000000000, 0.0000000000000000000 ) ) ;
#2197 = CARTESIAN_POINT ( 'NONE',  ( 1.599999999999999900, 0.7499999999999998900, -0.7000000001249999700 ) ) ;
#2198 = VECTOR ( 'NONE', #2047, 1000.000000000000000 ) ;
#2199 = VERTEX_POINT ( 'NONE', #6251 ) ;
#2200 = LINE ( 'NONE', #5909, #3040 ) ;
#2201 = VERTEX_POINT ( 'NONE', #6306 ) ;
#2202 = FACE_OUTER_BOUND ( 'NONE', #2848, .T. ) ;
#2203 = VERTEX_POINT ( 'NONE', #5562 ) ;
#2204 = AXIS2_PLACEMENT_3D ( 'NONE', #1579, #4538, #2164 ) ;
#2205 = EDGE_CURVE ( 'NONE', #7433, #7727, #2182, .T. ) ;
#2206 = VECTOR ( 'NONE', #1715, 1000.000000000000100 ) ;
#2207 = EDGE_CURVE ( 'NONE', #7190, #2152, #1906, .T. ) ;
#2208 = CARTESIAN_POINT ( 'NONE',  ( 0.1480455980586258500, 0.9499999999999936300, 1.099135055248403600 ) ) ;
#2209 = ORIENTED_EDGE ( 'NONE', *, *, #1641, .F. ) ;
#2210 = LINE ( 'NONE', #3670, #5213 ) ;
#2211 = VECTOR ( 'NONE', #5938, 1000.000000000000100 ) ;
#2212 = ORIENTED_EDGE ( 'NONE', *, *, #1117, .T. ) ;
#2213 = VECTOR ( 'NONE', #2169, 1000.000000000000000 ) ;
#2214 = CARTESIAN_POINT ( 'NONE',  ( 2.400000000468749400, 1.200000000000000000, -0.2500000001249999500 ) ) ;
#2215 = ADVANCED_FACE ( 'NONE', ( #5102 ), #798, .F. ) ;
#2216 = CARTESIAN_POINT ( 'NONE',  ( 1.007565085749781100, 1.200000000000000000, 1.100229498304994500 ) ) ;
#2217 = LINE ( 'NONE', #219, #565 ) ;
#2218 = DIRECTION ( 'NONE',  ( 1.000000000000000000, 0.0000000000000000000, 0.0000000000000000000 ) ) ;
#2219 = PLANE ( 'NONE',  #5719 ) ;
#2220 = PRODUCT_DEFINITION ( 'UNKNOWN', '', #7640, #875 ) ;
#2221 = DIRECTION ( 'NONE',  ( 0.0000000000000000000, 0.0000000000000000000, 1.000000000000000000 ) ) ;
#2222 = ORIENTED_EDGE ( 'NONE', *, *, #2000, .F. ) ;
#2223 = ORIENTED_EDGE ( 'NONE', *, *, #1880, .F. ) ;
#2224 = CARTESIAN_POINT ( 'NONE',  ( 0.9932124473696567500, 0.7999999999999999300, 0.3289059263064135200 ) ) ;
#2225 = FACE_OUTER_BOUND ( 'NONE', #6699, .T. ) ;
#2226 = DIRECTION ( 'NONE',  ( 0.1299941854756607500, 0.0000000000000000000, 0.9915147561900021800 ) ) ;
#2227 = ORIENTED_EDGE ( 'NONE', *, *, #1281, .T. ) ;
#2228 = CARTESIAN_POINT ( 'NONE',  ( -2.259612154416217800, 1.139906666467844800, 1.258485669039685700 ) ) ;
#2229 = LINE ( 'NONE', #3236, #491 ) ;
#2230 = ORIENTED_EDGE ( 'NONE', *, *, #7254, .T. ) ;
#2231 = VECTOR ( 'NONE', #6065, 999.9999999999998900 ) ;
#2232 = DIRECTION ( 'NONE',  ( 0.0000000000000000000, -0.0000000000000000000, 1.000000000000000000 ) ) ;
#2233 = CARTESIAN_POINT ( 'NONE',  ( 2.200656147411876400, 0.8939695520413333300, 1.089014761932505700 ) ) ;
#2234 = ORIENTED_EDGE ( 'NONE', *, *, #5365, .F. ) ;
#2235 = LINE ( 'NONE', #7447, #5236 ) ;
#2236 = ORIENTED_EDGE ( 'NONE', *, *, #5756, .T. ) ;
#2237 = AXIS2_PLACEMENT_3D ( 'NONE', #392, #1582, #440 ) ;
#2238 = ORIENTED_EDGE ( 'NONE', *, *, #5893, .F. ) ;
#2239 = DIRECTION ( 'NONE',  ( -0.0000000000000000000, 1.000000000000000000, -0.0000000000000000000 ) ) ;
#2240 = EDGE_CURVE ( 'NONE', #2646, #763, #7380, .T. ) ;
#2241 = ORIENTED_EDGE ( 'NONE', *, *, #4691, .T. ) ;
#2242 = CARTESIAN_POINT ( 'NONE',  ( -2.600000000468750000, 1.200000000000000000, 1.269081745102117200 ) ) ;
#2243 = VECTOR ( 'NONE', #6078, 1000.000000000000000 ) ;
#2244 = FACE_OUTER_BOUND ( 'NONE', #4413, .T. ) ;
#2245 = CARTESIAN_POINT ( 'NONE',  ( -1.451537864945401600, 1.200000000000000000, 0.6494289680026934500 ) ) ;
#2246 = ORIENTED_EDGE ( 'NONE', *, *, #7661, .T. ) ;
#2247 = CARTESIAN_POINT ( 'NONE',  ( -1.924999999999988700, 0.0000000000000000000, -1.500000000124999800 ) ) ;
#2248 = CARTESIAN_POINT ( 'NONE',  ( -2.117139312097653400, 0.7999999999999999300, -0.2500000001249999500 ) ) ;
#2249 = CARTESIAN_POINT ( 'NONE',  ( 2.200656147411876400, 0.9379391040826652300, 1.089014761932505700 ) ) ;
#2250 = EDGE_CURVE ( 'NONE', #499, #4293, #6326, .T. ) ;
#2251 = EDGE_CURVE ( 'NONE', #3367, #6752, #42, .T. ) ;
#2252 = ORIENTED_EDGE ( 'NONE', *, *, #6679, .F. ) ;
#2253 = EDGE_CURVE ( 'NONE', #1301, #5610, #3118, .T. ) ;
#2254 = ORIENTED_EDGE ( 'NONE', *, *, #7326, .T. ) ;
#2255 = DIRECTION ( 'NONE',  ( 1.000000000000000000, -0.0000000000000000000, -1.025325684379887300E-015 ) ) ;
#2256 = CARTESIAN_POINT ( 'NONE',  ( 2.749999999999997800, 0.2000000000000000900, -1.400000000150000400 ) ) ;
#2257 =( BOUNDED_CURVE ( )  B_SPLINE_CURVE ( 3, ( #1534, #7603, #317, #937 ),
 .UNSPECIFIED., .F., .F. ) 
 B_SPLINE_CURVE_WITH_KNOTS ( ( 4, 4 ),
 ( 1.409193486633856700, 1.477228108026400000 ),
 .UNSPECIFIED. ) 
 CURVE ( )  GEOMETRIC_REPRESENTATION_ITEM ( )  RATIONAL_B_SPLINE_CURVE ( ( 1.000000000000000000, 0.9996143113856629200, 0.9996143113856629200, 1.000000000000000000 ) ) 
 REPRESENTATION_ITEM ( '' )  );
#2258 = LINE ( 'NONE', #4641, #611 ) ;
#2259 = CARTESIAN_POINT ( 'NONE',  ( -2.295710678118655100, 1.200000000000000000, -0.2792893220063453800 ) ) ;
#2260 = CARTESIAN_POINT ( 'NONE',  ( 0.2315495155154653200, 0.1916241327089959800, 0.4627821447107718900 ) ) ;
#2261 = EDGE_LOOP ( 'NONE', ( #5715, #6058, #7277, #1246, #7275, #2912, #5749, #6945, #2046, #3278, #3460, #1762 ) ) ;
#2262 = CARTESIAN_POINT ( 'NONE',  ( -1.999999999999999600, 0.7499999999999998900, -0.5750000001249999700 ) ) ;
#2263 = PLANE ( 'NONE',  #4190 ) ;
#2264 = CARTESIAN_POINT ( 'NONE',  ( 1.927500000000000200, 0.7499999999999998900, 0.0000000000000000000 ) ) ;
#2265 = ORIENTED_EDGE ( 'NONE', *, *, #3515, .F. ) ;
#2266 = CARTESIAN_POINT ( 'NONE',  ( 0.3999999999999999700, 1.200000000000000000, -0.7000000001249999700 ) ) ;
#2267 = DIRECTION ( 'NONE',  ( -6.956963940115488700E-015, 0.0000000000000000000, 1.000000000000000000 ) ) ;
#2268 = LINE ( 'NONE', #6971, #4047 ) ;
#2269 = DIRECTION ( 'NONE',  ( -0.0000000000000000000, -0.0000000000000000000, 1.000000000000000000 ) ) ;
#2270 = ORIENTED_EDGE ( 'NONE', *, *, #4818, .F. ) ;
#2271 = AXIS2_PLACEMENT_3D ( 'NONE', #4430, #3856, #238 ) ;
#2272 = CARTESIAN_POINT ( 'NONE',  ( -1.000000000281249500, 0.1000000000000000500, -1.799999999925000000 ) ) ;
#2273 = DIRECTION ( 'NONE',  ( 1.000000000000000000, 0.0000000000000000000, 0.0000000000000000000 ) ) ;
#2274 = ORIENTED_EDGE ( 'NONE', *, *, #7871, .T. ) ;
#2275 = CARTESIAN_POINT ( 'NONE',  ( 1.672500000000000100, 0.0000000000000000000, -0.7000000001249999700 ) ) ;
#2276 = DIRECTION ( 'NONE',  ( -1.000000000000000000, 0.0000000000000000000, 0.0000000000000000000 ) ) ;
#2277 = AXIS2_PLACEMENT_3D ( 'NONE', #6919, #1500, #4450 ) ;
#2278 = VECTOR ( 'NONE', #482, 1000.000000000000000 ) ;
#2279 = ORIENTED_EDGE ( 'NONE', *, *, #4965, .F. ) ;
#2280 = VECTOR ( 'NONE', #6207, 1000.000000000000000 ) ;
#2281 = EDGE_CURVE ( 'NONE', #3199, #2552, #2561, .T. ) ;
#2282 = EDGE_CURVE ( 'NONE', #3367, #1243, #7193, .T. ) ;
#2283 = VECTOR ( 'NONE', #7651, 1000.000000000000200 ) ;
#2284 = CARTESIAN_POINT ( 'NONE',  ( 0.9750000000000009800, 1.050000000000000000, 1.649999999924999000 ) ) ;
#2285 = VERTEX_POINT ( 'NONE', #4394 ) ;
#2286 = CARTESIAN_POINT ( 'NONE',  ( -2.674999999999999400, 0.0000000000000000000, -1.500000000124999600 ) ) ;
#2287 = VERTEX_POINT ( 'NONE', #3215 ) ;
#2288 = FACE_OUTER_BOUND ( 'NONE', #6994, .T. ) ;
#2289 = CARTESIAN_POINT ( 'NONE',  ( 1.050000000000000900, 0.1500000000000000800, 1.899999999924999000 ) ) ;
#2290 = DIRECTION ( 'NONE',  ( 0.6459985930362537300, 0.7633385997021116000, 1.103627668089699200E-016 ) ) ;
#2291 = ORIENTED_EDGE ( 'NONE', *, *, #4459, .T. ) ;
#2292 = ORIENTED_EDGE ( 'NONE', *, *, #1771, .T. ) ;
#2293 = DIRECTION ( 'NONE',  ( -2.891205795222149400E-015, 0.0000000000000000000, -1.000000000000000000 ) ) ;
#2294 = DIRECTION ( 'NONE',  ( -0.0000000000000000000, -1.000000000000000000, -0.0000000000000000000 ) ) ;
#2295 = FACE_BOUND ( 'NONE', #4201, .T. ) ;
#2296 = EDGE_CURVE ( 'NONE', #680, #5111, #6702, .T. ) ;
#2297 = DIRECTION ( 'NONE',  ( 1.000000000000000000, 0.0000000000000000000, 0.0000000000000000000 ) ) ;
#2298 = ORIENTED_EDGE ( 'NONE', *, *, #3037, .F. ) ;
#2299 = LINE ( 'NONE', #590, #653 ) ;
#2300 = EDGE_CURVE ( 'NONE', #7270, #5716, #3212, .T. ) ;
#2301 = EDGE_CURVE ( 'NONE', #3126, #475, #674, .T. ) ;
#2302 = DIRECTION ( 'NONE',  ( 0.0000000000000000000, 1.000000000000000000, 0.0000000000000000000 ) ) ;
#2303 = CARTESIAN_POINT ( 'NONE',  ( 2.674999999999998500, 0.0000000000000000000, -1.400000000150000400 ) ) ;
#2304 = FACE_OUTER_BOUND ( 'NONE', #3209, .T. ) ;
#2305 = ORIENTED_EDGE ( 'NONE', *, *, #1676, .T. ) ;
#2306 = VECTOR ( 'NONE', #3445, 1000.000000000000000 ) ;
#2307 = CARTESIAN_POINT ( 'NONE',  ( 2.295710678118655100, 1.200000000000000000, -0.2792893220063453800 ) ) ;
#2308 = ORIENTED_EDGE ( 'NONE', *, *, #4998, .T. ) ;
#2309 = DIRECTION ( 'NONE',  ( -7.047314121155794600E-015, 0.0000000000000000000, 1.000000000000000000 ) ) ;
#2310 = ORIENTED_EDGE ( 'NONE', *, *, #2819, .F. ) ;
#2311 = LINE ( 'NONE', #5668, #6741 ) ;
#2312 = CARTESIAN_POINT ( 'NONE',  ( 1.524999999999999900, 0.7999999999999999300, -0.2500000001249999500 ) ) ;
#2313 = ORIENTED_EDGE ( 'NONE', *, *, #3515, .T. ) ;
#2314 = VECTOR ( 'NONE', #7033, 1000.000000000000000 ) ;
#2315 = VERTEX_POINT ( 'NONE', #226 ) ;
#2316 = DIRECTION ( 'NONE',  ( 0.0000000000000000000, 0.0000000000000000000, -1.000000000000000000 ) ) ;
#2317 = DIRECTION ( 'NONE',  ( 0.0000000000000000000, 0.0000000000000000000, 1.000000000000000000 ) ) ;
#2318 = CYLINDRICAL_SURFACE ( 'NONE', #2866, 0.1000000000000000500 ) ;
#2319 = ORIENTED_EDGE ( 'NONE', *, *, #792, .T. ) ;
#2321 = AXIS2_PLACEMENT_3D ( 'NONE', #3173, #1969, #3714 ) ;
#2320 = DIRECTION ( 'NONE',  ( 0.0000000000000000000, 0.0000000000000000000, -1.000000000000000000 ) ) ;
#2322 = FACE_OUTER_BOUND ( 'NONE', #7093, .T. ) ;
#2323 = EDGE_LOOP ( 'NONE', ( #3335, #3955, #985, #5889 ) ) ;
#2324 = DIRECTION ( 'NONE',  ( -0.0000000000000000000, -0.0000000000000000000, 1.000000000000000000 ) ) ;
#2325 = CARTESIAN_POINT ( 'NONE',  ( 1.350000000000001200, 1.049999999999999800, 1.649999999924999000 ) ) ;
#2326 = CARTESIAN_POINT ( 'NONE',  ( -2.074999999999999300, 0.5999999999999999800, 1.649999999924999000 ) ) ;
#2327 = ORIENTED_EDGE ( 'NONE', *, *, #4234, .F. ) ;
#2328 = VERTEX_POINT ( 'NONE', #6298 ) ;
#2329 = ADVANCED_FACE ( 'NONE', ( #7669 ), #5807, .F. ) ;
#2330 = ORIENTED_EDGE ( 'NONE', *, *, #6259, .T. ) ;
#2331 = CARTESIAN_POINT ( 'NONE',  ( 0.0000000000000000000, 1.200000000000000000, 1.269081745102116800 ) ) ;
#2332 = LINE ( 'NONE', #7189, #4014 ) ;
#2333 = CARTESIAN_POINT ( 'NONE',  ( -1.349999999687500100, 0.1000000000000000500, -1.500000000124999800 ) ) ;
#2334 = VERTEX_POINT ( 'NONE', #7398 ) ;
#2335 = EDGE_LOOP ( 'NONE', ( #2437, #368, #4345, #984 ) ) ;
#2336 = CARTESIAN_POINT ( 'NONE',  ( -1.999999999999999600, 1.200000000000000000, -0.7000000001249999700 ) ) ;
#2337 = AXIS2_PLACEMENT_3D ( 'NONE', #1060, #5289, #6559 ) ;
#2338 = LINE ( 'NONE', #7618, #7075 ) ;
#2339 = DIRECTION ( 'NONE',  ( -1.000000000000000000, 2.891205793294681400E-015, -0.0000000000000000000 ) ) ;
#2340 = EDGE_CURVE ( 'NONE', #1620, #5855, #5097, .T. ) ;
#2341 = VERTEX_POINT ( 'NONE', #5771 ) ;
#2342 = CARTESIAN_POINT ( 'NONE',  ( -1.927499999999999800, 0.7499999999999998900, -0.7000000001249999700 ) ) ;
#2343 = ORIENTED_EDGE ( 'NONE', *, *, #6332, .T. ) ;
#2344 = CARTESIAN_POINT ( 'NONE',  ( -2.249999999999999100, 0.1499999999999999700, 1.649999999924999000 ) ) ;
#2345 = VECTOR ( 'NONE', #5267, 1000.000000000000000 ) ;
#2346 = CARTESIAN_POINT ( 'NONE',  ( 1.278359041857648700, 0.7999999999999999300, 1.308478690124185200 ) ) ;
#2347 = LINE ( 'NONE', #6088, #4122 ) ;
#2348 = CARTESIAN_POINT ( 'NONE',  ( -1.924999999999996300, 0.0000000000000000000, -0.7000000001249999700 ) ) ;
#2349 = ORIENTED_EDGE ( 'NONE', *, *, #4454, .T. ) ;
#2350 = ORIENTED_EDGE ( 'NONE', *, *, #5011, .T. ) ;
#2351 = CARTESIAN_POINT ( 'NONE',  ( 2.500000000468747700, 0.1000000000000000500, -0.5499999999500010400 ) ) ;
#2352 = DIRECTION ( 'NONE',  ( -1.084202172553266800E-015, 0.0000000000000000000, -1.000000000000000000 ) ) ;
#2353 = EDGE_CURVE ( 'NONE', #5644, #1813, #7857, .T. ) ;
#2354 = UNCERTAINTY_MEASURE_WITH_UNIT (LENGTH_MEASURE( 1.000000000000000100E-005 ), #403, 'distance_accuracy_value', 'NONE');
#2355 = FACE_OUTER_BOUND ( 'NONE', #4116, .T. ) ;
#2356 = DIRECTION ( 'NONE',  ( 0.7071067811865456900, -0.7071067811865493500, -1.226634735646635100E-015 ) ) ;
#2357 = ORIENTED_EDGE ( 'NONE', *, *, #3830, .T. ) ;
#2358 = AXIS2_PLACEMENT_3D ( 'NONE', #2529, #700, #6156 ) ;
#2359 = LINE ( 'NONE', #3568, #6412 ) ;
#2360 = ORIENTED_EDGE ( 'NONE', *, *, #2039, .F. ) ;
#2361 = DIRECTION ( 'NONE',  ( -0.7071067811865483500, -0.0000000000000000000, 0.7071067811865468000 ) ) ;
#2362 = ORIENTED_EDGE ( 'NONE', *, *, #1484, .F. ) ;
#2363 = DIRECTION ( 'NONE',  ( -1.000000000000000000, 0.0000000000000000000, -0.0000000000000000000 ) ) ;
#2364 = VECTOR ( 'NONE', #6368, 1000.000000000000000 ) ;
#2365 = VERTEX_POINT ( 'NONE', #851 ) ;
#2366 = CARTESIAN_POINT ( 'NONE',  ( 1.675000000000011600, 0.5999999999999999800, -1.600000000124974800 ) ) ;
#2367 = VECTOR ( 'NONE', #4802, 1000.000000000000000 ) ;
#2368 = DIRECTION ( 'NONE',  ( 1.000000000000000000, 0.0000000000000000000, 0.0000000000000000000 ) ) ;
#2369 = DIRECTION ( 'NONE',  ( -0.0000000000000000000, 1.000000000000000000, -0.0000000000000000000 ) ) ;
#2370 = AXIS2_PLACEMENT_3D ( 'NONE', #7046, #1000, #2746 ) ;
#2371 = CONICAL_SURFACE ( 'NONE', #1038, 0.1499999999999999700, 0.1745329251994307000 ) ;
#2372 = ORIENTED_EDGE ( 'NONE', *, *, #1422, .T. ) ;
#2373 = PLANE ( 'NONE',  #4747 ) ;
#2374 = VERTEX_POINT ( 'NONE', #5086 ) ;
#2375 = LINE ( 'NONE', #11, #6139 ) ;
#2376 = ORIENTED_EDGE ( 'NONE', *, *, #1218, .T. ) ;
#2377 = DIRECTION ( 'NONE',  ( -0.0000000000000000000, -1.000000000000000000, -0.0000000000000000000 ) ) ;
#2378 = VECTOR ( 'NONE', #4320, 999.9999999999998900 ) ;
#2379 = EDGE_CURVE ( 'NONE', #6532, #7774, #4803, .T. ) ;
#2380 = ORIENTED_EDGE ( 'NONE', *, *, #4950, .F. ) ;
#2381 = LINE ( 'NONE', #476, #3227 ) ;
#2382 = VECTOR ( 'NONE', #7095, 1000.000000000000000 ) ;
#2383 = ORIENTED_EDGE ( 'NONE', *, *, #2282, .F. ) ;
#2384 = CARTESIAN_POINT ( 'NONE',  ( 0.6000000000000006400, 0.5999999999999999800, 1.399999999924999000 ) ) ;
#2385 = VECTOR ( 'NONE', #3718, 1000.000000000000000 ) ;
#2386 = ORIENTED_EDGE ( 'NONE', *, *, #4963, .F. ) ;
#2387 = CARTESIAN_POINT ( 'NONE',  ( 1.348296932440513900, 0.9481626767409745400, 1.097593357979407500 ) ) ;
#2388 = CARTESIAN_POINT ( 'NONE',  ( -0.9749999999999989800, 1.050000000000000000, 1.649999999924999000 ) ) ;
#2389 = ORIENTED_EDGE ( 'NONE', *, *, #1265, .F. ) ;
#2390 = LINE ( 'NONE', #7588, #7609 ) ;
#2391 = CARTESIAN_POINT ( 'NONE',  ( 1.599999999999999600, 1.200000000000000000, -0.5982233048283637200 ) ) ;
#2392 = EDGE_CURVE ( 'NONE', #2892, #3116, #5671, .T. ) ;
#2393 = CARTESIAN_POINT ( 'NONE',  ( -0.8749999999999992200, 0.5999999999999999800, 1.399999999924999000 ) ) ;
#2394 = CARTESIAN_POINT ( 'NONE',  ( -1.349999999687499200, 0.1000000000000000500, -1.899999999925000100 ) ) ;
#2395 = LINE ( 'NONE', #5139, #5031 ) ;
#2396 = EDGE_CURVE ( 'NONE', #3804, #5534, #5493, .T. ) ;
#2397 = CARTESIAN_POINT ( 'NONE',  ( -2.674999999999998900, 3.184506972593005800E-017, -1.282842712624618700 ) ) ;
#2398 = CARTESIAN_POINT ( 'NONE',  ( -1.674999999999988500, 0.5999999999999999800, -1.600000000125009900 ) ) ;
#2399 = EDGE_CURVE ( 'NONE', #1826, #6552, #2268, .T. ) ;
#2400 = CARTESIAN_POINT ( 'NONE',  ( -1.524999999999999900, 0.7999999999999999300, -0.5232233048283632100 ) ) ;
#2401 = ORIENTED_EDGE ( 'NONE', *, *, #6329, .T. ) ;
#2402 = FACE_OUTER_BOUND ( 'NONE', #5651, .T. ) ;
#2403 = ORIENTED_EDGE ( 'NONE', *, *, #568, .T. ) ;
#2404 = ADVANCED_FACE ( 'NONE', ( #1898 ), #4699, .F. ) ;
#2405 = DIRECTION ( 'NONE',  ( -0.0000000000000000000, -1.000000000000000000, -0.0000000000000000000 ) ) ;
#2406 = CARTESIAN_POINT ( 'NONE',  ( 1.524999999999999900, 0.7499999999999998900, -0.2500000001249999500 ) ) ;
#2407 = VECTOR ( 'NONE', #1089, 1000.000000000000000 ) ;
#2408 = DIRECTION ( 'NONE',  ( -0.0000000000000000000, -0.0000000000000000000, 1.000000000000000000 ) ) ;
#2409 = DIRECTION ( 'NONE',  ( 1.734723479229412300E-015, -0.0000000000000000000, 1.000000000000000000 ) ) ;
#2410 = LINE ( 'NONE', #759, #1840 ) ;
#2411 = ORIENTED_EDGE ( 'NONE', *, *, #1017, .T. ) ;
#2412 = CARTESIAN_POINT ( 'NONE',  ( 1.000000000281247500, 0.1000000000000000500, -1.899999999925000100 ) ) ;
#2413 = CYLINDRICAL_SURFACE ( 'NONE', #3257, 0.1500000000000001900 ) ;
#2414 = ORIENTED_EDGE ( 'NONE', *, *, #1219, .T. ) ;
#2415 = DIRECTION ( 'NONE',  ( -1.000000000000000000, -0.0000000000000000000, -0.0000000000000000000 ) ) ;
#2416 = ORIENTED_EDGE ( 'NONE', *, *, #1004, .T. ) ;
#2417 = VECTOR ( 'NONE', #4313, 1000.000000000000000 ) ;
#2418 = CARTESIAN_POINT ( 'NONE',  ( -1.200000000000000400, 1.139906666467845200, 1.258485669039686000 ) ) ;
#2419 = AXIS2_PLACEMENT_3D ( 'NONE', #2384, #3563, #7226 ) ;
#2420 = CARTESIAN_POINT ( 'NONE',  ( -1.674999999999988500, 0.1000000000000000500, -1.600000000124999900 ) ) ;
#2421 = DIRECTION ( 'NONE',  ( -0.1299941854756611900, 0.0000000000000000000, 0.9915147561900020700 ) ) ;
#2422 = ORIENTED_EDGE ( 'NONE', *, *, #2550, .T. ) ;
#2423 = CARTESIAN_POINT ( 'NONE',  ( -1.924999999999988700, 0.0000000000000000000, -1.600000000124999900 ) ) ;
#2424 = DIRECTION ( 'NONE',  ( 0.0000000000000000000, -0.0000000000000000000, -1.000000000000000000 ) ) ;
#2425 = CARTESIAN_POINT ( 'NONE',  ( -1.999999999999999600, 0.7499999999999998900, -0.7000000001249999700 ) ) ;
#2426 = ORIENTED_EDGE ( 'NONE', *, *, #5460, .F. ) ;
#2427 = CYLINDRICAL_SURFACE ( 'NONE', #5967, 0.09999999999999999200 ) ;
#2428 = AXIS2_PLACEMENT_3D ( 'NONE', #395, #6975, #6358 ) ;
#2429 = LINE ( 'NONE', #5402, #5254 ) ;
#2430 = EDGE_CURVE ( 'NONE', #6315, #1963, #5755, .T. ) ;
#2431 = ORIENTED_EDGE ( 'NONE', *, *, #6177, .F. ) ;
#2432 = CARTESIAN_POINT ( 'NONE',  ( -0.8749999999999996700, 1.200000000000000000, -0.2500000001249999500 ) ) ;
#2433 = VECTOR ( 'NONE', #7877, 1000.000000000000000 ) ;
#2434 = CARTESIAN_POINT ( 'NONE',  ( 1.000000000281248400, 1.200000000000000000, -1.600000000125000300 ) ) ;
#2435 = ORIENTED_EDGE ( 'NONE', *, *, #4232, .F. ) ;
#2436 = CARTESIAN_POINT ( 'NONE',  ( -1.599999999999999600, 1.200000000000000000, -0.5982233048283637200 ) ) ;
#2437 = ORIENTED_EDGE ( 'NONE', *, *, #2250, .T. ) ;
#2438 = ADVANCED_FACE ( 'NONE', ( #6226 ), #1063, .F. ) ;
#2439 = CARTESIAN_POINT ( 'NONE',  ( -2.499999999999999600, 0.0000000000000000000, 0.5660254035594382000 ) ) ;
#2440 = EDGE_CURVE ( 'NONE', #7315, #1745, #6039, .T. ) ;
#2441 = SURFACE_SIDE_STYLE ('',( #7776 ) ) ;
#2442 = CONICAL_SURFACE ( 'NONE', #3189, 0.1500000000000001900, 0.1745329251994303400 ) ;
#2443 = EDGE_CURVE ( 'NONE', #4894, #6011, #6516, .T. ) ;
#2444 = VERTEX_POINT ( 'NONE', #5235 ) ;
#2445 = EDGE_CURVE ( 'NONE', #7067, #6522, #148, .T. ) ;
#2446 = CARTESIAN_POINT ( 'NONE',  ( -0.7274999999999998100, 0.0000000000000000000, 0.0000000000000000000 ) ) ;
#2447 = CARTESIAN_POINT ( 'NONE',  ( 0.7250000000000104100, 0.0000000000000000000, -1.500000000125000200 ) ) ;
#2448 = DIRECTION ( 'NONE',  ( -0.0000000000000000000, -1.000000000000000000, -0.0000000000000000000 ) ) ;
#2449 = ADVANCED_FACE ( 'NONE', ( #4431 ), #7163, .F. ) ;
#2450 = CARTESIAN_POINT ( 'NONE',  ( -2.074999999999999700, 0.7499999999999998900, -0.2500000001249999500 ) ) ;
#2451 =( BOUNDED_CURVE ( )  B_SPLINE_CURVE ( 3, ( #6519, #5844, #7092, #371 ),
 .UNSPECIFIED., .F., .F. ) 
 B_SPLINE_CURVE_WITH_KNOTS ( ( 4, 4 ),
 ( 1.570796326794896600, 2.715035063272647000 ),
 .UNSPECIFIED. ) 
 CURVE ( )  GEOMETRIC_REPRESENTATION_ITEM ( )  RATIONAL_B_SPLINE_CURVE ( ( 1.000000000000000000, 0.8938369374679588900, 0.8938369374679588900, 1.000000000000000000 ) ) 
 REPRESENTATION_ITEM ( '' )  );
#2452 = FACE_OUTER_BOUND ( 'NONE', #2261, .T. ) ;
#2453 = CARTESIAN_POINT ( 'NONE',  ( 2.500000000468747700, 0.0000000000000000000, -1.200000000150000400 ) ) ;
#2454 = ORIENTED_EDGE ( 'NONE', *, *, #6907, .F. ) ;
#2455 = AXIS2_PLACEMENT_3D ( 'NONE', #5357, #2987, #4266 ) ;
#2456 = ORIENTED_EDGE ( 'NONE', *, *, #4866, .T. ) ;
#2457 = DIRECTION ( 'NONE',  ( 1.000000000000000000, 0.0000000000000000000, 0.0000000000000000000 ) ) ;
#2458 = VECTOR ( 'NONE', #2903, 1000.000000000000100 ) ;
#2459 = CARTESIAN_POINT ( 'NONE',  ( -2.200656147411876400, 0.9499999999999936300, 1.089014761932505700 ) ) ;
#2460 = ORIENTED_EDGE ( 'NONE', *, *, #6934, .T. ) ;
#2461 = SURFACE_STYLE_USAGE ( .BOTH. , #3035 ) ;
#2462 = CARTESIAN_POINT ( 'NONE',  ( -1.049999999999998900, 0.1500000000000000800, 1.649999999924999000 ) ) ;
#2463 = ORIENTED_EDGE ( 'NONE', *, *, #909, .T. ) ;
#2464 = CARTESIAN_POINT ( 'NONE',  ( -1.799999999999999200, 0.5999999999999999800, 1.399999999924999000 ) ) ;
#2465 = CARTESIAN_POINT ( 'NONE',  ( 0.2250000000000009200, 1.000000000000000000, 1.649999999924999000 ) ) ;
#2466 = FACE_OUTER_BOUND ( 'NONE', #7339, .T. ) ;
#2467 = ORIENTED_EDGE ( 'NONE', *, *, #7414, .T. ) ;
#2468 = CARTESIAN_POINT ( 'NONE',  ( -2.600000000468750000, 1.200000000000000000, -1.799999999925000300 ) ) ;
#2469 = LINE ( 'NONE', #4358, #7767 ) ;
#2470 = CARTESIAN_POINT ( 'NONE',  ( 2.175000000000000700, 1.050000000000000000, 1.649999999924999000 ) ) ;
#2471 = VECTOR ( 'NONE', #7482, 1000.000000000000100 ) ;
#2472 = CARTESIAN_POINT ( 'NONE',  ( 2.749999999999998200, 0.4253461364713247400, -1.600000000125000300 ) ) ;
#2473 = ORIENTED_EDGE ( 'NONE', *, *, #1066, .T. ) ;
#2474 = CARTESIAN_POINT ( 'NONE',  ( 0.1223071182643031800, 0.7999999999999999300, 0.9732701105718156700 ) ) ;
#2475 = ORIENTED_EDGE ( 'NONE', *, *, #3458, .F. ) ;
#2476 = LINE ( 'NONE', #7235, #7599 ) ;
#2477 = CARTESIAN_POINT ( 'NONE',  ( -1.927499999999999800, 0.0000000000000000000, -0.4000000001249999800 ) ) ;
#2478 = CARTESIAN_POINT ( 'NONE',  ( 2.201954402410123600, 0.9499999999999936300, 1.099135055248403600 ) ) ;
#2479 = CARTESIAN_POINT ( 'NONE',  ( -1.927499999999999800, 0.7499999999999998900, -0.4000000001249999800 ) ) ;
#2480 = VERTEX_POINT ( 'NONE', #2336 ) ;
#2481 = ORIENTED_EDGE ( 'NONE', *, *, #1508, .T. ) ;
#2482 = ADVANCED_FACE ( 'NONE', ( #4229 ), #5068, .F. ) ;
#2483 = VECTOR ( 'NONE', #6711, 1000.000000000000000 ) ;
#2484 = ORIENTED_EDGE ( 'NONE', *, *, #3410, .F. ) ;
#2485 = VECTOR ( 'NONE', #5544, 1000.000000000000200 ) ;
#2486 = LINE ( 'NONE', #2110, #5502 ) ;
#2487 = EDGE_LOOP ( 'NONE', ( #3434, #3908, #7543, #7244 ) ) ;
#2488 = CARTESIAN_POINT ( 'NONE',  ( 1.000000000281247500, 0.1000000000000000500, -1.899999999925000100 ) ) ;
#2489 = CIRCLE ( 'NONE', #2419, 0.2750000000000001900 ) ;
#2490 = CARTESIAN_POINT ( 'NONE',  ( -1.700709290704815200E-016, 0.7499999999999998900, -0.4000000001250007500 ) ) ;
#2491 = EDGE_CURVE ( 'NONE', #3246, #6388, #1610, .T. ) ;
#2492 = ADVANCED_FACE ( 'NONE', ( #1317 ), #4774, .F. ) ;
#2493 = VERTEX_POINT ( 'NONE', #1782 ) ;
#2494 = EDGE_LOOP ( 'NONE', ( #1757, #3894, #4717, #6567 ) ) ;
#2495 = CARTESIAN_POINT ( 'NONE',  ( -2.750000000000000000, 1.200000000000000000, -0.5499999999499998200 ) ) ;
#2496 = VECTOR ( 'NONE', #3999, 1000.000000000000000 ) ;
#2497 = DIRECTION ( 'NONE',  ( 0.0000000000000000000, 0.0000000000000000000, -1.000000000000000000 ) ) ;
#2498 = ORIENTED_EDGE ( 'NONE', *, *, #5218, .T. ) ;
#2499 = ORIENTED_EDGE ( 'NONE', *, *, #6956, .F. ) ;
#2500 = CARTESIAN_POINT ( 'NONE',  ( -2.117139312097653400, 0.7999999999999999300, -0.2500000001249999500 ) ) ;
#2501 = DIRECTION ( 'NONE',  ( 0.0000000000000000000, 1.000000000000000000, -0.0000000000000000000 ) ) ;
#2502 = EDGE_CURVE ( 'NONE', #5994, #6889, #7570, .T. ) ;
#2503 = CARTESIAN_POINT ( 'NONE',  ( -2.674999999999999400, 0.0000000000000000000, -1.400000000149999500 ) ) ;
#2504 = EDGE_CURVE ( 'NONE', #1916, #1473, #6901, .T. ) ;
#2505 = VECTOR ( 'NONE', #1353, 1000.000000000000000 ) ;
#2506 = ORIENTED_EDGE ( 'NONE', *, *, #2063, .T. ) ;
#2507 = CARTESIAN_POINT ( 'NONE',  ( 0.7275000000000000400, 0.7499999999999998900, 0.0000000000000000000 ) ) ;
#2508 = VECTOR ( 'NONE', #6476, 1000.000000000000100 ) ;
#2509 = VERTEX_POINT ( 'NONE', #573 ) ;
#2510 = CARTESIAN_POINT ( 'NONE',  ( -2.175000000468748900, 0.8189695520413333700, 0.9249999997749972500 ) ) ;
#2511 = ORIENTED_EDGE ( 'NONE', *, *, #2052, .F. ) ;
#2512 = AXIS2_PLACEMENT_3D ( 'NONE', #2926, #2954, #5908 ) ;
#2513 = CARTESIAN_POINT ( 'NONE',  ( 1.051703067559486700, 0.9481626767409745400, 1.097593357979407500 ) ) ;
#2514 = ORIENTED_EDGE ( 'NONE', *, *, #6823, .F. ) ;
#2515 = DIRECTION ( 'NONE',  ( -0.0000000000000000000, -0.6427876096865429200, 0.7660444431189750200 ) ) ;
#2516 = FACE_OUTER_BOUND ( 'NONE', #5386, .T. ) ;
#2517 = EDGE_LOOP ( 'NONE', ( #7476, #5592, #550, #5440 ) ) ;
#2518 = ADVANCED_FACE ( 'NONE', ( #7475 ), #5438, .F. ) ;
#2519 = DIRECTION ( 'NONE',  ( -0.0000000000000000000, -1.000000000000000000, -0.0000000000000000000 ) ) ;
#2520 = DIRECTION ( 'NONE',  ( 0.6459985930362575100, -0.7633385997021083800, -7.725393676627937200E-016 ) ) ;
#2521 = EDGE_LOOP ( 'NONE', ( #7580, #5877, #3124, #584 ) ) ;
#2522 = ORIENTED_EDGE ( 'NONE', *, *, #6899, .T. ) ;
#2523 = DIRECTION ( 'NONE',  ( 0.0000000000000000000, 0.0000000000000000000, -1.000000000000000000 ) ) ;
#2524 = LINE ( 'NONE', #4146, #510 ) ;
#2525 = CARTESIAN_POINT ( 'NONE',  ( -2.674999999999999800, 0.1000000000000000500, -0.5499999999499998200 ) ) ;
#2526 = DIRECTION ( 'NONE',  ( 1.000000000000000000, 0.0000000000000000000, 0.0000000000000000000 ) ) ;
#2527 = ORIENTED_EDGE ( 'NONE', *, *, #3037, .T. ) ;
#2528 = ADVANCED_FACE ( 'NONE', ( #1109 ), #6040, .F. ) ;
#2529 = CARTESIAN_POINT ( 'NONE',  ( 1.199999999999999700, 0.7999999999999999300, -0.3750000001249989600 ) ) ;
#2530 = DIRECTION ( 'NONE',  ( 1.000000000000000000, -0.0000000000000000000, -1.195883978681411600E-015 ) ) ;
#2531 = CARTESIAN_POINT ( 'NONE',  ( 0.0000000000000000000, 0.5999999999999999800, -0.7000000001249999700 ) ) ;
#2532 = VERTEX_POINT ( 'NONE', #4842 ) ;
#2533 = AXIS2_PLACEMENT_3D ( 'NONE', #4577, #1608, #2194 ) ;
#2534 = CARTESIAN_POINT ( 'NONE',  ( 0.0000000000000000000, 0.7499999999999998900, 0.0000000000000000000 ) ) ;
#2535 = VECTOR ( 'NONE', #5144, 1000.000000000000000 ) ;
#2536 = PLANE ( 'NONE',  #2544 ) ;
#2537 = LINE ( 'NONE', #4291, #908 ) ;
#2538 = EDGE_CURVE ( 'NONE', #2080, #1923, #2660, .T. ) ;
#2539 = CARTESIAN_POINT ( 'NONE',  ( -0.2249999999999989500, 1.050000000000000000, 1.899999999924999000 ) ) ;
#2540 = VERTEX_POINT ( 'NONE', #657 ) ;
#2541 = CARTESIAN_POINT ( 'NONE',  ( 2.674999999999998900, 7.791418606037336000E-017, -0.5085786437126919000 ) ) ;
#2542 = ORIENTED_EDGE ( 'NONE', *, *, #4601, .T. ) ;
#2543 = DIRECTION ( 'NONE',  ( 0.0000000000000000000, 0.0000000000000000000, 1.000000000000000000 ) ) ;
#2544 = AXIS2_PLACEMENT_3D ( 'NONE', #6758, #608, #5246 ) ;
#2545 = VECTOR ( 'NONE', #7578, 1000.000000000000000 ) ;
#2546 = ORIENTED_EDGE ( 'NONE', *, *, #850, .F. ) ;
#2547 = CARTESIAN_POINT ( 'NONE',  ( -0.3249999999999995700, 0.7499999999999998900, -0.5232233048283631000 ) ) ;
#2548 = EDGE_CURVE ( 'NONE', #4361, #5587, #627, .T. ) ;
#2549 = DIRECTION ( 'NONE',  ( 1.000000000000000000, 0.0000000000000000000, 0.0000000000000000000 ) ) ;
#2550 = EDGE_CURVE ( 'NONE', #5843, #7727, #3666, .T. ) ;
#2551 = EDGE_CURVE ( 'NONE', #6887, #3126, #443, .T. ) ;
#2552 = VERTEX_POINT ( 'NONE', #1911 ) ;
#2553 = CARTESIAN_POINT ( 'NONE',  ( 2.140602280312973200, 0.7721602382106426100, -0.2500000001250022300 ) ) ;
#2554 = DIRECTION ( 'NONE',  ( 0.0000000000000000000, 0.0000000000000000000, 1.000000000000000000 ) ) ;
#2555 = CARTESIAN_POINT ( 'NONE',  ( -1.524999999999999900, 0.7499999999999998900, -0.2500000001249999500 ) ) ;
#2556 = ORIENTED_EDGE ( 'NONE', *, *, #5627, .F. ) ;
#2557 = CARTESIAN_POINT ( 'NONE',  ( -0.9749999999999989800, 1.050000000000000000, 1.649999999924999000 ) ) ;
#2558 = CARTESIAN_POINT ( 'NONE',  ( 2.499999999999999600, 0.0000000000000000000, 0.5660254035594382000 ) ) ;
#2559 = CARTESIAN_POINT ( 'NONE',  ( -0.8749999999999996700, 0.7499999999999998900, -0.5232233048283629900 ) ) ;
#2560 =( NAMED_UNIT ( * ) PLANE_ANGLE_UNIT ( ) SI_UNIT ( $, .RADIAN. ) );
#2561 = LINE ( 'NONE', #2595, #929 ) ;
#2562 = ORIENTED_EDGE ( 'NONE', *, *, #6944, .T. ) ;
#2563 = ADVANCED_FACE ( 'NONE', ( #4514 ), #711, .F. ) ;
#2564 = VERTEX_POINT ( 'NONE', #2599 ) ;
#2565 = DIRECTION ( 'NONE',  ( 2.891205793294676800E-014, 0.0000000000000000000, -1.000000000000000000 ) ) ;
#2566 = CARTESIAN_POINT ( 'NONE',  ( -1.400000000468749600, 1.200000000000000000, 1.674999999925000300 ) ) ;
#2567 = DIRECTION ( 'NONE',  ( -0.0000000000000000000, -0.0000000000000000000, 1.000000000000000000 ) ) ;
#2568 = FACE_OUTER_BOUND ( 'NONE', #3167, .T. ) ;
#2569 = ORIENTED_EDGE ( 'NONE', *, *, #6693, .T. ) ;
#2570 = ORIENTED_EDGE ( 'NONE', *, *, #3554, .T. ) ;
#2571 = LINE ( 'NONE', #74, #942 ) ;
#2572 = ADVANCED_FACE ( 'NONE', ( #1420 ), #2631, .F. ) ;
#2573 = VERTEX_POINT ( 'NONE', #6247 ) ;
#2574 = CARTESIAN_POINT ( 'NONE',  ( -1.599999999999999600, 0.7499999999999998900, -0.5982233048283637200 ) ) ;
#2575 = CIRCLE ( 'NONE', #933, 0.1000000000000000500 ) ;
#2576 = EDGE_LOOP ( 'NONE', ( #6866, #2030, #269, #7443, #5247 ) ) ;
#2577 = FACE_OUTER_BOUND ( 'NONE', #567, .T. ) ;
#2578 = ORIENTED_EDGE ( 'NONE', *, *, #3585, .T. ) ;
#2579 = LINE ( 'NONE', #7755, #3141 ) ;
#2580 = VERTEX_POINT ( 'NONE', #172 ) ;
#2581 = CARTESIAN_POINT ( 'NONE',  ( 2.074999999999999700, 0.7499999999999998900, -0.2500000001249999500 ) ) ;
#2582 = AXIS2_PLACEMENT_3D ( 'NONE', #7667, #988, #5778 ) ;
#2583 = CARTESIAN_POINT ( 'NONE',  ( 1.350000000000001200, 0.1500000000000000800, 1.649999999924999000 ) ) ;
#2584 = CARTESIAN_POINT ( 'NONE',  ( 2.175000000000000700, 1.000000000000000000, 1.899999999924999000 ) ) ;
#2585 = VECTOR ( 'NONE', #411, 1000.000000000000000 ) ;
#2586 = DIRECTION ( 'NONE',  ( -1.000000000000000000, 0.0000000000000000000, -7.589415207398791400E-015 ) ) ;
#2587 = DIRECTION ( 'NONE',  ( -1.000000000000000000, 0.0000000000000000000, 0.0000000000000000000 ) ) ;
#2588 = CARTESIAN_POINT ( 'NONE',  ( 2.499999999999999600, 0.0000000000000000000, 0.5660254035594382000 ) ) ;
#2589 = DIRECTION ( 'NONE',  ( -0.4912631695488090500, 0.6672332842540741300, 0.5598752027268041300 ) ) ;
#2590 = VERTEX_POINT ( 'NONE', #6870 ) ;
#2591 = EDGE_CURVE ( 'NONE', #3094, #525, #6322, .T. ) ;
#2592 = VECTOR ( 'NONE', #303, 1000.000000000000000 ) ;
#2593 = ORIENTED_EDGE ( 'NONE', *, *, #3502, .T. ) ;
#2594 = CIRCLE ( 'NONE', #3255, 0.1250000000000000000 ) ;
#2595 = CARTESIAN_POINT ( 'NONE',  ( -2.749999999999999600, 1.200000000000000000, -1.200000000149999500 ) ) ;
#2596 = LINE ( 'NONE', #3921, #968 ) ;
#2597 = CARTESIAN_POINT ( 'NONE',  ( 2.692632698070844800, 0.1000000000000000500, -0.5499999999500013700 ) ) ;
#2598 = ORIENTED_EDGE ( 'NONE', *, *, #2153, .F. ) ;
#2599 = CARTESIAN_POINT ( 'NONE',  ( -2.366421356237310600, 0.7999999999999999300, -0.2500000001249999500 ) ) ;
#2600 = FACE_OUTER_BOUND ( 'NONE', #4558, .T. ) ;
#2601 = ORIENTED_EDGE ( 'NONE', *, *, #5932, .T. ) ;
#2602 = CARTESIAN_POINT ( 'NONE',  ( 1.349999999687497600, 0.1000000000000000500, -1.799999999925000300 ) ) ;
#2603 = EDGE_CURVE ( 'NONE', #2935, #7047, #5285, .T. ) ;
#2604 = CYLINDRICAL_SURFACE ( 'NONE', #7575, 0.2750000000000001900 ) ;
#2605 = EDGE_CURVE ( 'NONE', #7310, #715, #3491, .T. ) ;
#2606 = ORIENTED_EDGE ( 'NONE', *, *, #4, .T. ) ;
#2607 = ADVANCED_FACE ( 'NONE', ( #254 ), #5146, .F. ) ;
#2608 = VECTOR ( 'NONE', #4980, 1000.000000000000000 ) ;
#2609 = ORIENTED_EDGE ( 'NONE', *, *, #2205, .T. ) ;
#2610 = ORIENTED_EDGE ( 'NONE', *, *, #4441, .F. ) ;
#2611 = CARTESIAN_POINT ( 'NONE',  ( 1.050000000000000900, 0.1500000000000000800, 1.649999999924999000 ) ) ;
#2612 = AXIS2_PLACEMENT_3D ( 'NONE', #5204, #7582, #6421 ) ;
#2613 = CARTESIAN_POINT ( 'NONE',  ( -0.3250000000000000100, 0.7999999999999999300, -0.2500000001249999500 ) ) ;
#2614 = ORIENTED_EDGE ( 'NONE', *, *, #5369, .T. ) ;
#2615 = EDGE_CURVE ( 'NONE', #1923, #2532, #3296, .T. ) ;
#2616 = CARTESIAN_POINT ( 'NONE',  ( 0.8305410094485076200, 1.200000000000000000, -0.2500000001249999500 ) ) ;
#2617 = CARTESIAN_POINT ( 'NONE',  ( 0.0000000000000000000, 1.200000000000000000, -0.3750000001249999500 ) ) ;
#2618 = CARTESIAN_POINT ( 'NONE',  ( -0.7999999999999997100, 1.200000000000000000, -0.7000000001249999700 ) ) ;
#2619 = LINE ( 'NONE', #4275, #7915 ) ;
#2620 = ORIENTED_EDGE ( 'NONE', *, *, #895, .F. ) ;
#2621 = EDGE_CURVE ( 'NONE', #7438, #525, #3111, .T. ) ;
#2622 = DIRECTION ( 'NONE',  ( 1.000000000000000000, 0.0000000000000000000, 0.0000000000000000000 ) ) ;
#2623 = ADVANCED_FACE ( 'NONE', ( #2750 ), #4999, .F. ) ;
#2624 = CARTESIAN_POINT ( 'NONE',  ( -0.3999999999999999700, 0.7499999999999998900, -0.7000000001249999700 ) ) ;
#2625 = DIRECTION ( 'NONE',  ( -0.0000000000000000000, -0.9659258262890680900, -0.2588190451025214600 ) ) ;
#2626 = DIRECTION ( 'NONE',  ( 0.0000000000000000000, -0.0000000000000000000, 1.000000000000000000 ) ) ;
#2627 = LINE ( 'NONE', #4879, #408 ) ;
#2628 = ORIENTED_EDGE ( 'NONE', *, *, #1116, .F. ) ;
#2629 = DIRECTION ( 'NONE',  ( 0.9915147561900021800, 0.0000000000000000000, 0.1299941854756612400 ) ) ;
#2630 = ORIENTED_EDGE ( 'NONE', *, *, #2993, .T. ) ;
#2631 = PLANE ( 'NONE',  #3866 ) ;
#2632 = VECTOR ( 'NONE', #3448, 1000.000000000000200 ) ;
#2633 = CARTESIAN_POINT ( 'NONE',  ( -2.749999999999999600, 0.4253461364713248000, -1.200000000149999500 ) ) ;
#2634 = VECTOR ( 'NONE', #4480, 1000.000000000000000 ) ;
#2635 = DIRECTION ( 'NONE',  ( 0.0000000000000000000, 0.0000000000000000000, 1.000000000000000000 ) ) ;
#2636 = DIRECTION ( 'NONE',  ( 1.000000000000000000, -0.0000000000000000000, -2.891205795222149400E-015 ) ) ;
#2637 = ORIENTED_EDGE ( 'NONE', *, *, #2538, .T. ) ;
#2638 = LINE ( 'NONE', #643, #814 ) ;
#2639 = ORIENTED_EDGE ( 'NONE', *, *, #5072, .F. ) ;
#2640 = EDGE_CURVE ( 'NONE', #6863, #5896, #4615, .T. ) ;
#2641 = ORIENTED_EDGE ( 'NONE', *, *, #6575, .T. ) ;
#2642 = CARTESIAN_POINT ( 'NONE',  ( -0.3999999999999999700, 0.7999999999999999300, -0.7000000001249999700 ) ) ;
#2643 = CARTESIAN_POINT ( 'NONE',  ( 0.09863722776662495200, 0.7999999999999999300, 1.153809306382565200 ) ) ;
#2644 = CARTESIAN_POINT ( 'NONE',  ( 2.500000000468749000, 1.200000000000000000, 1.269081745102117200 ) ) ;
#2645 = LINE ( 'NONE', #2214, #1011 ) ;
#2646 = VERTEX_POINT ( 'NONE', #5090 ) ;
#2647 = AXIS2_PLACEMENT_3D ( 'NONE', #3139, #1935, #3755 ) ;
#2648 = ADVANCED_FACE ( 'NONE', ( #4707 ), #5704, .F. ) ;
#2649 = DIRECTION ( 'NONE',  ( -0.0000000000000000000, -1.000000000000000000, -0.0000000000000000000 ) ) ;
#2650 = EDGE_CURVE ( 'NONE', #2943, #6018, #7377, .T. ) ;
#2651 = EDGE_CURVE ( 'NONE', #6570, #5331, #1221, .T. ) ;
#2652 = VECTOR ( 'NONE', #7850, 1000.000000000000100 ) ;
#2653 = CARTESIAN_POINT ( 'NONE',  ( 0.3250000000000004600, 0.5999999999999999800, 1.399999999924999000 ) ) ;
#2654 = ORIENTED_EDGE ( 'NONE', *, *, #5640, .T. ) ;
#2655 = CARTESIAN_POINT ( 'NONE',  ( -0.3999999999999998000, 0.7999999999999999300, -0.5982233048283635000 ) ) ;
#2656 = CARTESIAN_POINT ( 'NONE',  ( -1.200000000000000200, 1.200000000000000000, -0.3750000001249999500 ) ) ;
#2657 = EDGE_LOOP ( 'NONE', ( #3652, #3169, #7536, #5261 ) ) ;
#2658 = CARTESIAN_POINT ( 'NONE',  ( -2.074999999999999700, 0.7499999999999998900, -0.2500000001249999500 ) ) ;
#2659 = CARTESIAN_POINT ( 'NONE',  ( -1.482685973610638800, 0.7999999999999999300, -0.2500000001250000700 ) ) ;
#2660 = LINE ( 'NONE', #4816, #3847 ) ;
#2661 = EDGE_LOOP ( 'NONE', ( #2610, #5842, #5116, #4165 ) ) ;
#2662 = EDGE_CURVE ( 'NONE', #1126, #4318, #6509, .T. ) ;
#2663 = EDGE_CURVE ( 'NONE', #6239, #5175, #245, .T. ) ;
#2664 = EDGE_CURVE ( 'NONE', #815, #2098, #1215, .T. ) ;
#2665 = VECTOR ( 'NONE', #7514, 1000.000000000000000 ) ;
#2666 = ORIENTED_EDGE ( 'NONE', *, *, #6768, .F. ) ;
#2667 = VECTOR ( 'NONE', #5388, 1000.000000000000000 ) ;
#2668 = CARTESIAN_POINT ( 'NONE',  ( 2.749999999999999100, 0.6500000000000016900, 0.6999999997749973800 ) ) ;
#2669 = CARTESIAN_POINT ( 'NONE',  ( -1.524999999999999900, 0.7999999999999999300, -0.2500000001249999500 ) ) ;
#2670 = STYLED_ITEM ( 'NONE', ( #3685 ), #7491 ) ;
#2671 = LINE ( 'NONE', #6137, #4244 ) ;
#2672 = CARTESIAN_POINT ( 'NONE',  ( 0.1500000000000009400, 1.049999999999999800, 1.649999999924999000 ) ) ;
#2673 = CARTESIAN_POINT ( 'NONE',  ( -0.7249999999999887600, 0.1000000000000000500, -1.600000000125003200 ) ) ;
#2674 = DIRECTION ( 'NONE',  ( 0.0000000000000000000, 1.000000000000000000, 0.0000000000000000000 ) ) ;
#2675 = ORIENTED_EDGE ( 'NONE', *, *, #3331, .T. ) ;
#2676 = LINE ( 'NONE', #7728, #1437 ) ;
#2677 = DIRECTION ( 'NONE',  ( 1.000000000000000000, 0.0000000000000000000, 0.0000000000000000000 ) ) ;
#2678 = ORIENTED_EDGE ( 'NONE', *, *, #7266, .T. ) ;
#2679 = ORIENTED_EDGE ( 'NONE', *, *, #5972, .F. ) ;
#2680 = CARTESIAN_POINT ( 'NONE',  ( -0.3999999999999998000, 0.7499999999999998900, -0.5982233048283635000 ) ) ;
#2681 = CARTESIAN_POINT ( 'NONE',  ( 1.800000000000000700, 0.5999999999999999800, 1.399999999924999000 ) ) ;
#2682 = CARTESIAN_POINT ( 'NONE',  ( 0.08838834764831846000, 0.7999999999999999300, -0.2866116524766816900 ) ) ;
#2683 = DIRECTION ( 'NONE',  ( 6.938893905433791600E-016, 0.0000000000000000000, 1.000000000000000000 ) ) ;
#2684 = CARTESIAN_POINT ( 'NONE',  ( 2.499999999999999600, 0.5000000000000000000, 0.7999999997750004700 ) ) ;
#2685 = LINE ( 'NONE', #2495, #7692 ) ;
#2686 = VERTEX_POINT ( 'NONE', #3291 ) ;
#2687 = VECTOR ( 'NONE', #5020, 1000.000000000000000 ) ;
#2688 = ORIENTED_EDGE ( 'NONE', *, *, #1805, .T. ) ;
#2689 = ADVANCED_FACE ( 'NONE', ( #6596 ), #7031, .F. ) ;
#2690 = CARTESIAN_POINT ( 'NONE',  ( -1.675000000468750000, 1.200000000000000000, 1.198686027843559200 ) ) ;
#2691 = FACE_OUTER_BOUND ( 'NONE', #2752, .T. ) ;
#2692 = LINE ( 'NONE', #4667, #5130 ) ;
#2693 = ORIENTED_EDGE ( 'NONE', *, *, #1896, .F. ) ;
#2694 = ORIENTED_EDGE ( 'NONE', *, *, #2662, .T. ) ;
#2695 = DIRECTION ( 'NONE',  ( 0.0000000000000000000, 0.0000000000000000000, -1.000000000000000000 ) ) ;
#2696 = DIRECTION ( 'NONE',  ( -0.7071067811865462400, 0.0000000000000000000, -0.7071067811865489100 ) ) ;
#2697 = EDGE_CURVE ( 'NONE', #958, #5996, #528, .T. ) ;
#2698 = CARTESIAN_POINT ( 'NONE',  ( 2.674999999999998000, 0.2000000000000000900, -1.200000000150000400 ) ) ;
#2699 = LINE ( 'NONE', #3703, #7327 ) ;
#2700 = EDGE_CURVE ( 'NONE', #5076, #6839, #1799, .T. ) ;
#2701 = VERTEX_POINT ( 'NONE', #3342 ) ;
#2702 = VECTOR ( 'NONE', #3283, 1000.000000000000000 ) ;
#2703 = ORIENTED_EDGE ( 'NONE', *, *, #6087, .F. ) ;
#2704 = CARTESIAN_POINT ( 'NONE',  ( 0.0000000000000000000, 0.7999999999999999300, -0.3750000001249999500 ) ) ;
#2705 = UNCERTAINTY_MEASURE_WITH_UNIT (LENGTH_MEASURE( 1.000000000000000100E-005 ), #7278, 'distance_accuracy_value', 'NONE');
#2706 = CONICAL_SURFACE ( 'NONE', #3513, 0.1499999999999997400, 0.1745329251994302000 ) ;
#2707 = DIRECTION ( 'NONE',  ( -0.0000000000000000000, 0.0000000000000000000, 1.000000000000000000 ) ) ;
#2708 = CARTESIAN_POINT ( 'NONE',  ( 0.08838834764831846000, 0.7999999999999999300, -0.2866116524766816900 ) ) ;
#2709 = CARTESIAN_POINT ( 'NONE',  ( -0.5999999999999993100, 0.5999999999999999800, 1.649999999924999000 ) ) ;
#2710 = LINE ( 'NONE', #1330, #1270 ) ;
#2711 = EDGE_CURVE ( 'NONE', #5153, #4013, #830, .T. ) ;
#2712 = ORIENTED_EDGE ( 'NONE', *, *, #3397, .T. ) ;
#2713 = EDGE_CURVE ( 'NONE', #1243, #7460, #4608, .T. ) ;
#2714 = EDGE_CURVE ( 'NONE', #5684, #5194, #5565, .T. ) ;
#2715 = ORIENTED_EDGE ( 'NONE', *, *, #5845, .F. ) ;
#2716 = CARTESIAN_POINT ( 'NONE',  ( -2.600000000468751800, 1.200000000000000000, -1.799999999924998000 ) ) ;
#2717 = VERTEX_POINT ( 'NONE', #6380 ) ;
#2718 = ORIENTED_EDGE ( 'NONE', *, *, #186, .T. ) ;
#2719 = CARTESIAN_POINT ( 'NONE',  ( 0.0000000000000000000, 1.139906666467844100, 1.258485669039685100 ) ) ;
#2720 = VECTOR ( 'NONE', #1603, 1000.000000000000000 ) ;
#2721 = AXIS2_PLACEMENT_3D ( 'NONE', #823, #4400, #2020 ) ;
#2722 = CARTESIAN_POINT ( 'NONE',  ( -0.9957779021913862900, 1.200000000000000000, 1.010324196853979300 ) ) ;
#2723 = LINE ( 'NONE', #3547, #2902 ) ;
#2724 = DIRECTION ( 'NONE',  ( 0.0000000000000000000, 0.0000000000000000000, 1.000000000000000000 ) ) ;
#2725 = DIRECTION ( 'NONE',  ( -6.023345402697249200E-017, 1.000000000000000000, 0.0000000000000000000 ) ) ;
#2726 = CARTESIAN_POINT ( 'NONE',  ( -1.349999999999998800, 1.050000000000000000, 1.649999999924999000 ) ) ;
#2727 = EDGE_LOOP ( 'NONE', ( #1088, #6205, #3688, #7532 ) ) ;
#2728 = EDGE_LOOP ( 'NONE', ( #916, #7029, #7889, #530, #2904, #2227, #7725, #5189, #2389, #7801 ) ) ;
#2729 = FACE_BOUND ( 'NONE', #434, .T. ) ;
#2730 = ADVANCED_FACE ( 'NONE', ( #5089, #4887 ), #2832, .T. ) ;
#2731 = ORIENTED_EDGE ( 'NONE', *, *, #3093, .T. ) ;
#2732 = CARTESIAN_POINT ( 'NONE',  ( -1.924999999999989600, 0.1000000000000000500, -1.500000000124999800 ) ) ;
#2733 = VERTEX_POINT ( 'NONE', #6406 ) ;
#2734 = LINE ( 'NONE', #5088, #7834 ) ;
#2735 = DIRECTION ( 'NONE',  ( 1.000000000000000000, 0.0000000000000000000, 0.0000000000000000000 ) ) ;
#2736 = AXIS2_PLACEMENT_3D ( 'NONE', #2656, #3218, #144 ) ;
#2737 = CARTESIAN_POINT ( 'NONE',  ( 2.500000000468749900, 0.7999999999999999300, 0.7999999997750008000 ) ) ;
#2738 = VECTOR ( 'NONE', #4058, 1000.000000000000000 ) ;
#2739 = ORIENTED_EDGE ( 'NONE', *, *, #1435, .T. ) ;
#2740 = ORIENTED_EDGE ( 'NONE', *, *, #5019, .T. ) ;
#2741 = PLANE ( 'NONE',  #3763 ) ;
#2742 = VERTEX_POINT ( 'NONE', #5858 ) ;
#2743 = CARTESIAN_POINT ( 'NONE',  ( 0.0000000000000000000, 0.9499999999999936300, 1.074999999925000400 ) ) ;
#2744 = FACE_OUTER_BOUND ( 'NONE', #5795, .T. ) ;
#2745 = EDGE_LOOP ( 'NONE', ( #5223, #4827, #3717, #4031, #7493 ) ) ;
#2746 = DIRECTION ( 'NONE',  ( -0.0000000000000000000, 0.0000000000000000000, 1.000000000000000000 ) ) ;
#2747 = CARTESIAN_POINT ( 'NONE',  ( -2.499999999999999600, 0.5000000000000000000, 0.6999999997749999400 ) ) ;
#2748 = CARTESIAN_POINT ( 'NONE',  ( -2.295710678118655100, 0.7999999999999999300, -0.2792893220063453800 ) ) ;
#2749 = DIRECTION ( 'NONE',  ( -1.000000000000000000, 0.0000000000000000000, 0.0000000000000000000 ) ) ;
#2750 = FACE_OUTER_BOUND ( 'NONE', #835, .T. ) ;
#2751 = VERTEX_POINT ( 'NONE', #2171 ) ;
#2752 = EDGE_LOOP ( 'NONE', ( #3520, #6732, #7161, #3214 ) ) ;
#2753 = EDGE_CURVE ( 'NONE', #855, #5397, #6698, .T. ) ;
#2754 = DIRECTION ( 'NONE',  ( 1.000000000000000000, 0.0000000000000000000, 1.708405683830588100E-016 ) ) ;
#2755 = DIRECTION ( 'NONE',  ( 0.1721747305422619800, 0.9848077530122085800, 0.02257325341514534300 ) ) ;
#2756 = VECTOR ( 'NONE', #7478, 1000.000000000000000 ) ;
#2757 = DIRECTION ( 'NONE',  ( -1.587276273760931000E-015, 0.0000000000000000000, 1.000000000000000000 ) ) ;
#2758 = CARTESIAN_POINT ( 'NONE',  ( 2.350000000468750000, 0.9499999999999936300, 1.074999999925000600 ) ) ;
#2759 = ORIENTED_EDGE ( 'NONE', *, *, #3789, .F. ) ;
#2760 = CARTESIAN_POINT ( 'NONE',  ( -2.500000000468749500, 0.0000000000000000000, -0.4499999999499997300 ) ) ;
#2761 = FACE_OUTER_BOUND ( 'NONE', #1665, .T. ) ;
#2762 = ADVANCED_FACE ( 'NONE', ( #1989 ), #360, .F. ) ;
#2763 = VECTOR ( 'NONE', #4902, 1000.000000000000000 ) ;
#2764 = EDGE_CURVE ( 'NONE', #1551, #2001, #621, .T. ) ;
#2765 = ORIENTED_EDGE ( 'NONE', *, *, #338, .F. ) ;
#2766 = ORIENTED_EDGE ( 'NONE', *, *, #4150, .T. ) ;
#2767 = LINE ( 'NONE', #7762, #739 ) ;
#2768 = EDGE_CURVE ( 'NONE', #6109, #7149, #3570, .T. ) ;
#2769 = ORIENTED_EDGE ( 'NONE', *, *, #3684, .T. ) ;
#2770 = ORIENTED_EDGE ( 'NONE', *, *, #807, .F. ) ;
#2771 = CONICAL_SURFACE ( 'NONE', #3073, 0.1500000000000001900, 0.1745329251994303400 ) ;
#2772 = DIRECTION ( 'NONE',  ( -0.0000000000000000000, -1.000000000000000000, -0.0000000000000000000 ) ) ;
#2773 = ADVANCED_FACE ( 'NONE', ( #3485 ), #3453, .F. ) ;
#2774 = PLANE ( 'NONE',  #6922 ) ;
#2775 = DIRECTION ( 'NONE',  ( 0.0000000000000000000, 0.0000000000000000000, 1.000000000000000000 ) ) ;
#2776 = VERTEX_POINT ( 'NONE', #2856 ) ;
#2777 = VECTOR ( 'NONE', #4051, 1000.000000000000000 ) ;
#2778 = CARTESIAN_POINT ( 'NONE',  ( -0.1480455980586258500, 0.9499999999999936300, 1.099135055248403600 ) ) ;
#2779 = VECTOR ( 'NONE', #5131, 1000.000000000000000 ) ;
#2780 = ORIENTED_EDGE ( 'NONE', *, *, #6213, .T. ) ;
#2781 = LINE ( 'NONE', #1081, #2306 ) ;
#2782 = VERTEX_POINT ( 'NONE', #7167 ) ;
#2783 = CARTESIAN_POINT ( 'NONE',  ( 1.199999999999999700, 1.200000000000000000, -0.3750000001249989600 ) ) ;
#2784 = CARTESIAN_POINT ( 'NONE',  ( 1.299999999687499100, 1.200000000000000000, -1.836602540303443400 ) ) ;
#2785 = VECTOR ( 'NONE', #7750, 1000.000000000000000 ) ;
#2786 = ORIENTED_EDGE ( 'NONE', *, *, #2816, .T. ) ;
#2787 = DIRECTION ( 'NONE',  ( -1.000000000000000000, 0.0000000000000000000, 1.548860246062135900E-016 ) ) ;
#2788 = VECTOR ( 'NONE', #3216, 1000.000000000000000 ) ;
#2789 = DIRECTION ( 'NONE',  ( 0.0000000000000000000, -0.0000000000000000000, -1.000000000000000000 ) ) ;
#2790 = VECTOR ( 'NONE', #2625, 1000.000000000000200 ) ;
#2791 = VERTEX_POINT ( 'NONE', #7084 ) ;
#2792 = AXIS2_PLACEMENT_3D ( 'NONE', #4874, #6093, #6 ) ;
#2793 = LINE ( 'NONE', #7581, #3712 ) ;
#2794 = ORIENTED_EDGE ( 'NONE', *, *, #166, .F. ) ;
#2795 = CARTESIAN_POINT ( 'NONE',  ( -2.074999999999999700, 0.7499999999999998900, -0.2500000001249999500 ) ) ;
#2796 = AXIS2_PLACEMENT_3D ( 'NONE', #5873, #5850, #1027 ) ;
#2797 = ORIENTED_EDGE ( 'NONE', *, *, #7568, .T. ) ;
#2798 = CIRCLE ( 'NONE', #1535, 0.1500000000000001900 ) ;
#2799 = ORIENTED_EDGE ( 'NONE', *, *, #339, .T. ) ;
#2800 = CARTESIAN_POINT ( 'NONE',  ( -2.174999999999998900, 1.050000000000000000, 1.649999999924999000 ) ) ;
#2801 = DIRECTION ( 'NONE',  ( 1.000000000000000000, -0.0000000000000000000, -0.0000000000000000000 ) ) ;
#2802 = EDGE_CURVE ( 'NONE', #335, #606, #3391, .T. ) ;
#2803 = CARTESIAN_POINT ( 'NONE',  ( 0.6000000000000006400, 0.5999999999999999800, 1.399999999924999000 ) ) ;
#2804 = EDGE_CURVE ( 'NONE', #2509, #2863, #341, .T. ) ;
#2805 = VERTEX_POINT ( 'NONE', #441 ) ;
#2806 = ORIENTED_EDGE ( 'NONE', *, *, #1538, .T. ) ;
#2807 = DIRECTION ( 'NONE',  ( -1.000000000000000000, 0.0000000000000000000, 0.0000000000000000000 ) ) ;
#2808 = FACE_OUTER_BOUND ( 'NONE', #852, .T. ) ;
#2809 = ORIENTED_EDGE ( 'NONE', *, *, #496, .T. ) ;
#2810 = LINE ( 'NONE', #3665, #5637 ) ;
#2811 = CARTESIAN_POINT ( 'NONE',  ( -1.400000000468749800, 1.149999999999999900, 1.674999999925000300 ) ) ;
#2812 = EDGE_LOOP ( 'NONE', ( #4515, #3188, #7576, #3442 ) ) ;
#2813 = CARTESIAN_POINT ( 'NONE',  ( -0.2315495155154653200, 0.1916241327089959800, 0.4627821447107718900 ) ) ;
#2814 = DIRECTION ( 'NONE',  ( 0.0000000000000000000, -1.000000000000000000, 0.0000000000000000000 ) ) ;
#2815 = PLANE ( 'NONE',  #6580 ) ;
#2816 = EDGE_CURVE ( 'NONE', #3483, #6532, #1019, .T. ) ;
#2817 = CARTESIAN_POINT ( 'NONE',  ( -1.674999999999994900, 0.5999999999999999800, -0.7000000001249999700 ) ) ;
#2818 = VERTEX_POINT ( 'NONE', #5982 ) ;
#2819 = EDGE_CURVE ( 'NONE', #1474, #5320, #5665, .T. ) ;
#2820 = EDGE_CURVE ( 'NONE', #7149, #6109, #1890, .T. ) ;
#2821 = VECTOR ( 'NONE', #3184, 1000.000000000000000 ) ;
#2822 = CARTESIAN_POINT ( 'NONE',  ( -2.174999999999998900, 1.050000000000000000, 1.899999999924999000 ) ) ;
#2823 = LINE ( 'NONE', #4813, #6669 ) ;
#2824 = ORIENTED_EDGE ( 'NONE', *, *, #6440, .T. ) ;
#2825 = CARTESIAN_POINT ( 'NONE',  ( -1.366231180812389500, 0.7999999999999999300, 0.6382446937896576500 ) ) ;
#2826 = FACE_OUTER_BOUND ( 'NONE', #3351, .T. ) ;
#2827 = DIRECTION ( 'NONE',  ( -0.0000000000000000000, 1.000000000000000000, -0.0000000000000000000 ) ) ;
#2828 = DIRECTION ( 'NONE',  ( 2.891205795222149400E-015, 0.0000000000000000000, 1.000000000000000000 ) ) ;
#2829 = ORIENTED_EDGE ( 'NONE', *, *, #1640, .T. ) ;
#2830 = VERTEX_POINT ( 'NONE', #2348 ) ;
#2831 = CYLINDRICAL_SURFACE ( 'NONE', #1313, 0.1499999999999997400 ) ;
#2832 = PLANE ( 'NONE',  #2533 ) ;
#2833 = VERTEX_POINT ( 'NONE', #1695 ) ;
#2834 = DIRECTION ( 'NONE',  ( -0.0000000000000000000, -1.000000000000000000, 0.0000000000000000000 ) ) ;
#2835 = CARTESIAN_POINT ( 'NONE',  ( -2.074999999999999700, 0.7999999999999999300, -0.2500000001249999500 ) ) ;
#2836 = CARTESIAN_POINT ( 'NONE',  ( -2.749999999999999600, 0.2000000000000000900, -1.400000000149999500 ) ) ;
#2837 = VECTOR ( 'NONE', #3501, 1000.000000000000000 ) ;
#2838 = ORIENTED_EDGE ( 'NONE', *, *, #1470, .F. ) ;
#2839 = CARTESIAN_POINT ( 'NONE',  ( 2.175000000000000700, 1.050000000000000000, 1.649999999924999000 ) ) ;
#2840 = AXIS2_PLACEMENT_3D ( 'NONE', #6999, #5836, #6460 ) ;
#2841 =( BOUNDED_CURVE ( )  B_SPLINE_CURVE ( 3, ( #1544, #5182, #6990, #3364 ),
 .UNSPECIFIED., .F., .F. ) 
 B_SPLINE_CURVE_WITH_KNOTS ( ( 4, 4 ),
 ( 1.409193486633855100, 1.440433211378228800 ),
 .UNSPECIFIED. ) 
 CURVE ( )  GEOMETRIC_REPRESENTATION_ITEM ( )  RATIONAL_B_SPLINE_CURVE ( ( 1.000000000000000000, 0.9999186749533192100, 0.9999186749533192100, 1.000000000000000000 ) ) 
 REPRESENTATION_ITEM ( '' )  );
#2842 = DIRECTION ( 'NONE',  ( 2.891205795222147400E-015, 0.0000000000000000000, -1.000000000000000000 ) ) ;
#2843 = EDGE_CURVE ( 'NONE', #2532, #855, #5248, .T. ) ;
#2844 = VECTOR ( 'NONE', #1352, 1000.000000000000000 ) ;
#2845 = ORIENTED_EDGE ( 'NONE', *, *, #1749, .T. ) ;
#2846 = DIRECTION ( 'NONE',  ( 1.000000000000000000, 0.0000000000000000000, 0.0000000000000000000 ) ) ;
#2847 = CARTESIAN_POINT ( 'NONE',  ( -2.500000000468749900, 0.7999999999999999300, 0.9732701105718156700 ) ) ;
#2848 = EDGE_LOOP ( 'NONE', ( #145, #1788, #4938, #5712 ) ) ;
#2849 = AXIS2_PLACEMENT_3D ( 'NONE', #3606, #2409, #7250 ) ;
#2850 = FACE_OUTER_BOUND ( 'NONE', #4596, .T. ) ;
#2851 = ORIENTED_EDGE ( 'NONE', *, *, #5735, .F. ) ;
#2852 = EDGE_CURVE ( 'NONE', #703, #4571, #2359, .T. ) ;
#2853 = VECTOR ( 'NONE', #3747, 1000.000000000000000 ) ;
#2854 = ORIENTED_EDGE ( 'NONE', *, *, #2713, .T. ) ;
#2855 = EDGE_CURVE ( 'NONE', #6206, #2892, #6032, .T. ) ;
#2856 = CARTESIAN_POINT ( 'NONE',  ( -2.295710678118655100, 0.7999999999999999300, -0.2792893220063453800 ) ) ;
#2857 = EDGE_CURVE ( 'NONE', #7153, #7878, #4796, .T. ) ;
#2858 = CARTESIAN_POINT ( 'NONE',  ( 2.074999999999999700, 0.9499999999999936300, -0.2500000001249999500 ) ) ;
#2859 = CARTESIAN_POINT ( 'NONE',  ( 2.186684663898308800, 0.8402172629935732400, 0.8522744711477079300 ) ) ;
#2861 = VECTOR ( 'NONE', #5918, 1000.000000000000100 ) ;
#2860 = PLANE ( 'NONE',  #7731 ) ;
#2862 = LINE ( 'NONE', #3375, #1818 ) ;
#2863 = VERTEX_POINT ( 'NONE', #1138 ) ;
#2864 = DIRECTION ( 'NONE',  ( 7.047314121155794600E-015, 0.0000000000000000000, -1.000000000000000000 ) ) ;
#2865 = AXIS2_PLACEMENT_3D ( 'NONE', #4433, #6284, #5098 ) ;
#2866 = AXIS2_PLACEMENT_3D ( 'NONE', #7462, #4370, #4893 ) ;
#2867 = CARTESIAN_POINT ( 'NONE',  ( -1.349999999687500100, 1.150000000000001000, -1.600000000124999900 ) ) ;
#2868 = FACE_OUTER_BOUND ( 'NONE', #5099, .T. ) ;
#2869 = ORIENTED_EDGE ( 'NONE', *, *, #7312, .F. ) ;
#2870 = VECTOR ( 'NONE', #4299, 1000.000000000000000 ) ;
#2871 = FACE_OUTER_BOUND ( 'NONE', #6747, .T. ) ;
#2872 = ORIENTED_EDGE ( 'NONE', *, *, #5358, .T. ) ;
#2873 = CARTESIAN_POINT ( 'NONE',  ( -2.500000000468749900, 1.200000000000000000, 1.899999999925000300 ) ) ;
#2874 = PLANE ( 'NONE',  #264 ) ;
#2875 = LINE ( 'NONE', #2468, #4169 ) ;
#2876 = CARTESIAN_POINT ( 'NONE',  ( 2.250000000000001300, 1.049999999999999800, 1.899999999924999000 ) ) ;
#2877 = DIRECTION ( 'NONE',  ( 1.000000000000000000, 0.0000000000000000000, -0.0000000000000000000 ) ) ;
#2878 = ORIENTED_EDGE ( 'NONE', *, *, #3109, .F. ) ;
#2879 = ORIENTED_EDGE ( 'NONE', *, *, #7465, .T. ) ;
#2880 = AXIS2_PLACEMENT_3D ( 'NONE', #4309, #7372, #6641 ) ;
#2881 = CARTESIAN_POINT ( 'NONE',  ( -2.350000000468750000, 0.7999999999999999300, 1.074999999925000600 ) ) ;
#2882 = VECTOR ( 'NONE', #6566, 1000.000000000000000 ) ;
#2883 = CARTESIAN_POINT ( 'NONE',  ( -1.000000000281250100, 0.0000000000000000000, -1.600000000125000100 ) ) ;
#2884 = CARTESIAN_POINT ( 'NONE',  ( -2.074999999999999700, 0.7999999999999999300, -0.2500000001249999500 ) ) ;
#2885 = ORIENTED_EDGE ( 'NONE', *, *, #5736, .F. ) ;
#2886 = CARTESIAN_POINT ( 'NONE',  ( 0.4750000000000114100, 0.0000000000000000000, -1.500000000125000200 ) ) ;
#2887 = VECTOR ( 'NONE', #7564, 1000.000000000000000 ) ;
#2888 = EDGE_LOOP ( 'NONE', ( #736, #2899, #784 ) ) ;
#2889 = ORIENTED_EDGE ( 'NONE', *, *, #2504, .T. ) ;
#2890 = ORIENTED_EDGE ( 'NONE', *, *, #5953, .T. ) ;
#2891 = LINE ( 'NONE', #5871, #7243 ) ;
#2892 = VERTEX_POINT ( 'NONE', #5368 ) ;
#2893 = DIRECTION ( 'NONE',  ( 0.1299941854756607500, 0.0000000000000000000, 0.9915147561900021800 ) ) ;
#2894 = ORIENTED_EDGE ( 'NONE', *, *, #7473, .T. ) ;
#2895 = VERTEX_POINT ( 'NONE', #7722 ) ;
#2896 = CARTESIAN_POINT ( 'NONE',  ( 2.175000000000000700, 1.050000000000000000, 1.649999999924999000 ) ) ;
#2897 = CARTESIAN_POINT ( 'NONE',  ( -1.524999999999999900, 0.9499999999999934100, -0.2500000001249999500 ) ) ;
#2898 = EDGE_CURVE ( 'NONE', #4050, #5353, #717, .T. ) ;
#2899 = ORIENTED_EDGE ( 'NONE', *, *, #7175, .F. ) ;
#2900 = CARTESIAN_POINT ( 'NONE',  ( -2.350000000468750000, 1.139906666467844800, 1.258485669039685700 ) ) ;
#2901 = FACE_OUTER_BOUND ( 'NONE', #950, .T. ) ;
#2902 = VECTOR ( 'NONE', #5387, 1000.000000000000000 ) ;
#2903 = DIRECTION ( 'NONE',  ( 0.09343174671670150000, 0.0000000000000000000, 0.9956256870458224400 ) ) ;
#2904 = ORIENTED_EDGE ( 'NONE', *, *, #7569, .F. ) ;
#2905 = CARTESIAN_POINT ( 'NONE',  ( -2.749999999999999600, 0.4253461364713247400, -1.200000000149999500 ) ) ;
#2906 = DIRECTION ( 'NONE',  ( 0.0000000000000000000, 0.0000000000000000000, -1.000000000000000000 ) ) ;
#2907 = CYLINDRICAL_SURFACE ( 'NONE', #3285, 0.1250000000000000000 ) ;
#2908 = CARTESIAN_POINT ( 'NONE',  ( 0.1500000000000009400, 0.1500000000000000800, 1.899999999924999000 ) ) ;
#2909 = EDGE_CURVE ( 'NONE', #5302, #722, #4426, .T. ) ;
#2910 = ORIENTED_EDGE ( 'NONE', *, *, #4770, .F. ) ;
#2911 = EDGE_CURVE ( 'NONE', #4750, #6339, #6894, .T. ) ;
#2912 = ORIENTED_EDGE ( 'NONE', *, *, #907, .T. ) ;
#2913 = DIRECTION ( 'NONE',  ( 0.6444403585348307300, -0.7646545784153121500, 0.0000000000000000000 ) ) ;
#2914 = DIRECTION ( 'NONE',  ( -1.000000000000000000, 0.0000000000000000000, 5.204170426954638800E-016 ) ) ;
#2915 = ORIENTED_EDGE ( 'NONE', *, *, #2768, .T. ) ;
#2916 = CIRCLE ( 'NONE', #5056, 0.1249999999999998900 ) ;
#2917 = VECTOR ( 'NONE', #7351, 1000.000000000000000 ) ;
#2918 = DIRECTION ( 'NONE',  ( -0.7071067811865474600, 0.7071067811865474600, -0.0000000000000000000 ) ) ;
#2919 = ORIENTED_EDGE ( 'NONE', *, *, #3829, .F. ) ;
#2920 = ORIENTED_EDGE ( 'NONE', *, *, #5725, .F. ) ;
#2921 = ADVANCED_FACE ( 'NONE', ( #2452 ), #1669, .F. ) ;
#2922 = DIRECTION ( 'NONE',  ( 0.0000000000000000000, 0.0000000000000000000, -1.000000000000000000 ) ) ;
#2923 = LINE ( 'NONE', #7528, #1311 ) ;
#2924 = VERTEX_POINT ( 'NONE', #5345 ) ;
#2925 = CARTESIAN_POINT ( 'NONE',  ( 2.250000000000001300, 1.049999999999999800, 1.649999999924999000 ) ) ;
#2926 = CARTESIAN_POINT ( 'NONE',  ( -1.366231180812389500, 0.7999999999999999300, 0.6382446937896576500 ) ) ;
#2927 = CARTESIAN_POINT ( 'NONE',  ( 0.7275000000000000400, 0.0000000000000000000, -0.4000000001250000900 ) ) ;
#2928 = VECTOR ( 'NONE', #899, 1000.000000000000000 ) ;
#2929 = DIRECTION ( 'NONE',  ( 0.0000000000000000000, -0.0000000000000000000, -1.000000000000000000 ) ) ;
#2930 = ORIENTED_EDGE ( 'NONE', *, *, #4302, .F. ) ;
#2931 = AXIS2_PLACEMENT_3D ( 'NONE', #6024, #4219, #6049 ) ;
#2932 =( BOUNDED_CURVE ( )  B_SPLINE_CURVE ( 3, ( #1964, #2541, #2015, #2597 ),
 .UNSPECIFIED., .F., .F. ) 
 B_SPLINE_CURVE_WITH_KNOTS ( ( 4, 4 ),
 ( 3.141592653589799800, 4.712388980384695900 ),
 .UNSPECIFIED. ) 
 CURVE ( )  GEOMETRIC_REPRESENTATION_ITEM ( )  RATIONAL_B_SPLINE_CURVE ( ( 1.000000000000000000, 0.8047378541243650500, 0.8047378541243650500, 1.000000000000000000 ) ) 
 REPRESENTATION_ITEM ( '' )  );
#2933 = DIRECTION ( 'NONE',  ( -0.0000000000000000000, 1.000000000000000000, -0.0000000000000000000 ) ) ;
#2934 = CIRCLE ( 'NONE', #1889, 0.1000000000000000500 ) ;
#2935 = VERTEX_POINT ( 'NONE', #4809 ) ;
#2936 = CARTESIAN_POINT ( 'NONE',  ( -2.500000000468749900, 1.200000000000000000, 1.899999999925000300 ) ) ;
#2937 = LINE ( 'NONE', #2553, #5957 ) ;
#2938 = EDGE_CURVE ( 'NONE', #3219, #7653, #1604, .T. ) ;
#2939 = EDGE_LOOP ( 'NONE', ( #4780, #4662, #2343, #47, #1872 ) ) ;
#2940 = EDGE_CURVE ( 'NONE', #2980, #5994, #3014, .T. ) ;
#2941 = VECTOR ( 'NONE', #4831, 1000.000000000000000 ) ;
#2942 = VERTEX_POINT ( 'NONE', #6028 ) ;
#2943 = VERTEX_POINT ( 'NONE', #7344 ) ;
#2944 = ORIENTED_EDGE ( 'NONE', *, *, #4657, .F. ) ;
#2945 = EDGE_LOOP ( 'NONE', ( #6496, #458, #6466, #2134 ) ) ;
#2946 = DIRECTION ( 'NONE',  ( -0.1299941854756611900, 0.0000000000000000000, 0.9915147561900020700 ) ) ;
#2947 = VECTOR ( 'NONE', #4106, 1000.000000000000100 ) ;
#2948 = EDGE_CURVE ( 'NONE', #66, #2984, #5372, .T. ) ;
#2949 = CARTESIAN_POINT ( 'NONE',  ( 0.8750000000000007800, 0.5999999999999999800, 1.399999999924999000 ) ) ;
#2950 = LINE ( 'NONE', #4222, #1917 ) ;
#2951 = EDGE_CURVE ( 'NONE', #7403, #2970, #7090, .T. ) ;
#2952 = DIRECTION ( 'NONE',  ( -1.000000000000000000, -0.0000000000000000000, -0.0000000000000000000 ) ) ;
#2953 = EDGE_CURVE ( 'NONE', #6917, #2341, #6218, .T. ) ;
#2954 = DIRECTION ( 'NONE',  ( -0.7595443692498187200, -0.6427876096865402500, 0.09958132342140757500 ) ) ;
#2955 = LINE ( 'NONE', #6979, #3419 ) ;
#2956 = ORIENTED_EDGE ( 'NONE', *, *, #7118, .F. ) ;
#2957 = DIRECTION ( 'NONE',  ( -0.0000000000000000000, 1.000000000000000000, -0.0000000000000000000 ) ) ;
#2958 = LINE ( 'NONE', #6418, #1355 ) ;
#2959 = VERTEX_POINT ( 'NONE', #7291 ) ;
#2960 = DIRECTION ( 'NONE',  ( -0.0000000000000000000, 1.000000000000000000, -0.0000000000000000000 ) ) ;
#2961 = AXIS2_PLACEMENT_3D ( 'NONE', #5568, #1993, #6786 ) ;
#2962 = AXIS2_PLACEMENT_3D ( 'NONE', #6276, #2147, #1479 ) ;
#2963 = VERTEX_POINT ( 'NONE', #2477 ) ;
#2964 = LINE ( 'NONE', #2259, #2382 ) ;
#2965 = LINE ( 'NONE', #2559, #5411 ) ;
#2966 = ORIENTED_EDGE ( 'NONE', *, *, #3727, .T. ) ;
#2967 = VERTEX_POINT ( 'NONE', #5426 ) ;
#2968 = FACE_OUTER_BOUND ( 'NONE', #6665, .T. ) ;
#2969 = DIRECTION ( 'NONE',  ( 0.0000000000000000000, 0.0000000000000000000, 1.000000000000000000 ) ) ;
#2970 = VERTEX_POINT ( 'NONE', #566 ) ;
#2972 = AXIS2_PLACEMENT_3D ( 'NONE', #6938, #4469, #843 ) ;
#2971 = CARTESIAN_POINT ( 'NONE',  ( -0.4749999999999893200, 0.1000000000000000500, -1.500000000125000000 ) ) ;
#2973 = FACE_OUTER_BOUND ( 'NONE', #5903, .T. ) ;
#2974 = ORIENTED_EDGE ( 'NONE', *, *, #7091, .F. ) ;
#2975 = PLANE ( 'NONE',  #4561 ) ;
#2976 = CARTESIAN_POINT ( 'NONE',  ( 1.675000000000011600, 0.1000000000000000500, -1.600000000124974800 ) ) ;
#2977 = DIRECTION ( 'NONE',  ( -2.168404344971007700E-015, 0.0000000000000000000, -1.000000000000000000 ) ) ;
#2978 = DIRECTION ( 'NONE',  ( 1.000000000000000000, 0.0000000000000000000, -1.448494102440635200E-013 ) ) ;
#2979 = EDGE_LOOP ( 'NONE', ( #447, #2132, #6645 ) ) ;
#2980 = VERTEX_POINT ( 'NONE', #6694 ) ;
#2981 = LINE ( 'NONE', #2611, #5635 ) ;
#2982 = EDGE_LOOP ( 'NONE', ( #1961, #5930, #4953, #4785 ) ) ;
#2983 = VECTOR ( 'NONE', #3952, 1000.000000000000000 ) ;
#2984 = VERTEX_POINT ( 'NONE', #4885 ) ;
#2985 = CARTESIAN_POINT ( 'NONE',  ( 1.999999999999999600, 1.200000000000000000, -0.7000000001249999700 ) ) ;
#2986 = DIRECTION ( 'NONE',  ( 0.0000000000000000000, 1.000000000000000000, 0.0000000000000000000 ) ) ;
#2987 = DIRECTION ( 'NONE',  ( 0.0000000000000000000, 0.0000000000000000000, 1.000000000000000000 ) ) ;
#2988 = ORIENTED_EDGE ( 'NONE', *, *, #2662, .F. ) ;
#2989 = CARTESIAN_POINT ( 'NONE',  ( 1.050000000000000900, 0.1500000000000000800, 1.899999999924999000 ) ) ;
#2990 = AXIS2_PLACEMENT_3D ( 'NONE', #1774, #5980, #1198 ) ;
#2991 = VECTOR ( 'NONE', #3472, 1000.000000000000000 ) ;
#2992 = CIRCLE ( 'NONE', #682, 0.2750000000000000800 ) ;
#2993 = EDGE_CURVE ( 'NONE', #208, #6339, #4420, .T. ) ;
#2994 = CARTESIAN_POINT ( 'NONE',  ( -1.000000000281249200, 0.1000000000000000500, -1.899999999925000100 ) ) ;
#2995 = ORIENTED_EDGE ( 'NONE', *, *, #1018, .T. ) ;
#2996 = EDGE_CURVE ( 'NONE', #2830, #5397, #3103, .T. ) ;
#2997 = VECTOR ( 'NONE', #358, 1000.000000000000000 ) ;
#2998 = CARTESIAN_POINT ( 'NONE',  ( -1.049999999999998900, 1.049999999999999800, 1.899999999924999000 ) ) ;
#2999 = DIRECTION ( 'NONE',  ( -0.0000000000000000000, 1.000000000000000000, -0.0000000000000000000 ) ) ;
#3000 = DIRECTION ( 'NONE',  ( 1.000000000000000000, 0.0000000000000000000, 9.974659986866621900E-015 ) ) ;
#3001 = ORIENTED_EDGE ( 'NONE', *, *, #6960, .T. ) ;
#3002 = DIRECTION ( 'NONE',  ( -0.0000000000000000000, -1.000000000000000000, 0.0000000000000000000 ) ) ;
#3003 = CARTESIAN_POINT ( 'NONE',  ( -1.051272786571499500, 0.9444751167444146400, 1.094499127746349600 ) ) ;
#3004 = ORIENTED_EDGE ( 'NONE', *, *, #589, .F. ) ;
#3005 = AXIS2_PLACEMENT_3D ( 'NONE', #5597, #1348, #5563 ) ;
#3006 = EDGE_CURVE ( 'NONE', #5684, #873, #3977, .T. ) ;
#3007 = EDGE_CURVE ( 'NONE', #4990, #3246, #1706, .T. ) ;
#3008 = FACE_OUTER_BOUND ( 'NONE', #5489, .T. ) ;
#3009 = VERTEX_POINT ( 'NONE', #7320 ) ;
#3010 = DIRECTION ( 'NONE',  ( 0.0000000000000000000, 0.0000000000000000000, -1.000000000000000000 ) ) ;
#3011 = ORIENTED_EDGE ( 'NONE', *, *, #1538, .F. ) ;
#3012 = PLANE ( 'NONE',  #5018 ) ;
#3013 =( GEOMETRIC_REPRESENTATION_CONTEXT ( 3 ) GLOBAL_UNCERTAINTY_ASSIGNED_CONTEXT ( ( #2705 ) ) GLOBAL_UNIT_ASSIGNED_CONTEXT ( ( #7278, #5458, #629 ) ) REPRESENTATION_CONTEXT ( 'NONE', 'WORKASPACE' ) );
#3014 = LINE ( 'NONE', #1819, #6993 ) ;
#3015 = ORIENTED_EDGE ( 'NONE', *, *, #6179, .F. ) ;
#3016 = CARTESIAN_POINT ( 'NONE',  ( 0.3999999999999998000, 0.7499999999999998900, -0.5982233048283635000 ) ) ;
#3017 = CARTESIAN_POINT ( 'NONE',  ( -1.924999999999988700, 0.5999999999999999800, -1.600000000124999900 ) ) ;
#3018 = CARTESIAN_POINT ( 'NONE',  ( 2.295710678118655100, 0.7999999999999999300, -0.2792893220063453800 ) ) ;
#3019 = CARTESIAN_POINT ( 'NONE',  ( 1.392434914250218400, 1.200000000000000000, 1.100229498304994300 ) ) ;
#3020 = DIRECTION ( 'NONE',  ( -0.08397606092017125000, 0.7633385997021098200, 0.6405171374734276400 ) ) ;
#3021 = VECTOR ( 'NONE', #6511, 1000.000000000000000 ) ;
#3022 = ORIENTED_EDGE ( 'NONE', *, *, #2379, .T. ) ;
#3023 = DIRECTION ( 'NONE',  ( 0.0000000000000000000, 1.000000000000000000, -0.0000000000000000000 ) ) ;
#3024 = ORIENTED_EDGE ( 'NONE', *, *, #7506, .F. ) ;
#3025 = CARTESIAN_POINT ( 'NONE',  ( -1.950000000468749900, 1.149999999999999900, 1.674999999925000300 ) ) ;
#3026 = CARTESIAN_POINT ( 'NONE',  ( -1.007565085749781100, 1.200000000000000000, 1.100229498304994500 ) ) ;
#3027 = CARTESIAN_POINT ( 'NONE',  ( 1.299999999687498900, 1.200000000000000000, -1.799999999925000300 ) ) ;
#3028 = LINE ( 'NONE', #7795, #2941 ) ;
#3029 = ORIENTED_EDGE ( 'NONE', *, *, #1484, .T. ) ;
#3030 = ADVANCED_FACE ( 'NONE', ( #915 ), #6720, .F. ) ;
#3031 = VECTOR ( 'NONE', #3020, 1000.000000000000100 ) ;
#3032 = ORIENTED_EDGE ( 'NONE', *, *, #3394, .F. ) ;
#3033 = DIRECTION ( 'NONE',  ( -0.0000000000000000000, 1.000000000000000000, -0.0000000000000000000 ) ) ;
#3034 = AXIS2_PLACEMENT_3D ( 'NONE', #7459, #4923, #3170 ) ;
#3035 = SURFACE_SIDE_STYLE ('',( #5104 ) ) ;
#3036 = VECTOR ( 'NONE', #906, 1000.000000000000000 ) ;
#3037 = EDGE_CURVE ( 'NONE', #4360, #24, #6593, .T. ) ;
#3038 = ORIENTED_EDGE ( 'NONE', *, *, #1805, .F. ) ;
#3039 = EDGE_CURVE ( 'NONE', #3581, #5599, #7157, .T. ) ;
#3040 = VECTOR ( 'NONE', #2196, 1000.000000000000000 ) ;
#3041 = ADVANCED_FACE ( 'NONE', ( #132 ), #6079, .F. ) ;
#3042 = VERTEX_POINT ( 'NONE', #617 ) ;
#3043 = VECTOR ( 'NONE', #1618, 1000.000000000000000 ) ;
#3044 = CYLINDRICAL_SURFACE ( 'NONE', #1023, 0.1000000000000000500 ) ;
#3045 = ORIENTED_EDGE ( 'NONE', *, *, #1004, .F. ) ;
#3046 = CIRCLE ( 'NONE', #3794, 0.1940817451771168800 ) ;
#3047 = CARTESIAN_POINT ( 'NONE',  ( -0.7249999999999887600, 0.5999999999999999800, -1.600000000125003200 ) ) ;
#3048 = EDGE_CURVE ( 'NONE', #4138, #2935, #7751, .T. ) ;
#3049 = DIRECTION ( 'NONE',  ( 0.0000000000000000000, 0.0000000000000000000, 1.000000000000000000 ) ) ;
#3050 = DIRECTION ( 'NONE',  ( -0.0000000000000000000, 1.000000000000000000, -0.0000000000000000000 ) ) ;
#3051 = LINE ( 'NONE', #1444, #2790 ) ;
#3052 = EDGE_CURVE ( 'NONE', #5216, #5242, #3929, .T. ) ;
#3053 = EDGE_CURVE ( 'NONE', #5896, #99, #1598, .T. ) ;
#3054 = DIRECTION ( 'NONE',  ( 0.09343174671670150000, 0.0000000000000000000, -0.9956256870458224400 ) ) ;
#3055 = ORIENTED_EDGE ( 'NONE', *, *, #5477, .F. ) ;
#3056 = LINE ( 'NONE', #7770, #7323 ) ;
#3057 = VERTEX_POINT ( 'NONE', #1980 ) ;
#3058 = CARTESIAN_POINT ( 'NONE',  ( -1.799999999999999200, 0.5999999999999999800, 1.399999999924999000 ) ) ;
#3059 = LINE ( 'NONE', #2045, #6646 ) ;
#3060 = CARTESIAN_POINT ( 'NONE',  ( -1.400000000468749800, 1.149999999999999900, 1.674999999925000300 ) ) ;
#3061 = AXIS2_PLACEMENT_3D ( 'NONE', #6261, #6208, #3797 ) ;
#3062 = EDGE_LOOP ( 'NONE', ( #6394, #1764, #5359, #1216 ) ) ;
#3063 = FACE_OUTER_BOUND ( 'NONE', #5998, .T. ) ;
#3064 = ORIENTED_EDGE ( 'NONE', *, *, #2804, .T. ) ;
#3065 = CARTESIAN_POINT ( 'NONE',  ( 1.199999999999999700, 0.7999999999999999300, -0.2500000001249989600 ) ) ;
#3066 = FACE_OUTER_BOUND ( 'NONE', #2027, .T. ) ;
#3067 = ORIENTED_EDGE ( 'NONE', *, *, #6568, .F. ) ;
#3068 = ADVANCED_FACE ( 'NONE', ( #6121 ), #3128, .F. ) ;
#3069 = CIRCLE ( 'NONE', #7158, 0.1000000000000000500 ) ;
#3070 = ORIENTED_EDGE ( 'NONE', *, *, #5662, .F. ) ;
#3071 = CARTESIAN_POINT ( 'NONE',  ( 2.295710678118655100, 0.7999999999999999300, -0.2792893220063453800 ) ) ;
#3072 = VERTEX_POINT ( 'NONE', #6154 ) ;
#3073 = AXIS2_PLACEMENT_3D ( 'NONE', #7439, #234, #3294 ) ;
#3074 = ORIENTED_EDGE ( 'NONE', *, *, #2207, .T. ) ;
#3075 = ORIENTED_EDGE ( 'NONE', *, *, #2340, .T. ) ;
#3076 = DIRECTION ( 'NONE',  ( 0.0000000000000000000, 0.0000000000000000000, 1.000000000000000000 ) ) ;
#3077 = ADVANCED_FACE ( 'NONE', ( #5660 ), #2831, .F. ) ;
#3078 = DIRECTION ( 'NONE',  ( -0.0000000000000000000, -1.000000000000000000, -0.0000000000000000000 ) ) ;
#3079 = VECTOR ( 'NONE', #5205, 1000.000000000000000 ) ;
#3080 = AXIS2_PLACEMENT_3D ( 'NONE', #1719, #2320, #5529 ) ;
#3081 = VECTOR ( 'NONE', #6550, 1000.000000000000000 ) ;
#3082 = ORIENTED_EDGE ( 'NONE', *, *, #7368, .T. ) ;
#3083 = CIRCLE ( 'NONE', #3827, 0.1500000000000001900 ) ;
#3084 = CARTESIAN_POINT ( 'NONE',  ( -0.1480455980586258500, 0.9499999999999936300, 1.099135055248403600 ) ) ;
#3085 = DIRECTION ( 'NONE',  ( 0.0000000000000000000, -0.0000000000000000000, 1.000000000000000000 ) ) ;
#3086 = EDGE_LOOP ( 'NONE', ( #5206, #2869, #6387, #196, #897, #6043, #5148, #3457, #3720, #7573, #5135, #1985 ) ) ;
#3087 = AXIS2_PLACEMENT_3D ( 'NONE', #7126, #7096, #4663 ) ;
#3088 = ORIENTED_EDGE ( 'NONE', *, *, #4044, .T. ) ;
#3089 = CARTESIAN_POINT ( 'NONE',  ( -1.081084586324397900, 0.7999999999999999300, 0.9991399226409433100 ) ) ;
#3090 = VECTOR ( 'NONE', #3267, 1000.000000000000000 ) ;
#3091 = CARTESIAN_POINT ( 'NONE',  ( -2.499999999999999600, 0.0000000000000000000, 0.5660254035594382000 ) ) ;
#3092 = VECTOR ( 'NONE', #5406, 1000.000000000000000 ) ;
#3093 = EDGE_CURVE ( 'NONE', #703, #1525, #714, .T. ) ;
#3094 = VERTEX_POINT ( 'NONE', #3749 ) ;
#3095 = EDGE_CURVE ( 'NONE', #255, #1804, #6987, .T. ) ;
#3096 = ORIENTED_EDGE ( 'NONE', *, *, #6897, .F. ) ;
#3097 = EDGE_LOOP ( 'NONE', ( #3256, #3705, #5274, #3075 ) ) ;
#3098 = DIRECTION ( 'NONE',  ( 0.0000000000000000000, 0.0000000000000000000, -1.000000000000000000 ) ) ;
#3099 = DIRECTION ( 'NONE',  ( 0.9848077530122080200, -0.1736481776669306900, 1.067730705363137300E-015 ) ) ;
#3100 = CARTESIAN_POINT ( 'NONE',  ( -2.710265396141692500, 0.2000000000000000400, -1.200000000149999500 ) ) ;
#3101 = CARTESIAN_POINT ( 'NONE',  ( 1.349999999687498500, 0.1000000000000000500, -1.500000000125000200 ) ) ;
#3102 = DIRECTION ( 'NONE',  ( 1.000000000000000000, -0.0000000000000000000, -0.0000000000000000000 ) ) ;
#3103 = LINE ( 'NONE', #2423, #3750 ) ;
#3104 = ORIENTED_EDGE ( 'NONE', *, *, #2095, .T. ) ;
#3105 = CARTESIAN_POINT ( 'NONE',  ( 1.350000000000001200, 1.049999999999999800, 1.899999999924999000 ) ) ;
#3106 = EDGE_CURVE ( 'NONE', #2341, #4107, #4986, .T. ) ;
#3107 = ADVANCED_FACE ( 'NONE', ( #2355 ), #6799, .F. ) ;
#3108 = DIRECTION ( 'NONE',  ( 0.0000000000000000000, 0.0000000000000000000, 1.000000000000000000 ) ) ;
#3109 = EDGE_CURVE ( 'NONE', #3444, #2782, #6068, .T. ) ;
#3110 = CARTESIAN_POINT ( 'NONE',  ( -2.750000000000000000, 0.6500000000000000200, 0.6999999997749999400 ) ) ;
#3111 = CIRCLE ( 'NONE', #4587, 0.2750000000000001900 ) ;
#3112 = ORIENTED_EDGE ( 'NONE', *, *, #7004, .F. ) ;
#3113 = DIRECTION ( 'NONE',  ( -0.0000000000000000000, 0.0000000000000000000, -1.000000000000000000 ) ) ;
#3114 = CARTESIAN_POINT ( 'NONE',  ( -1.400000000468749800, 1.200000000000000000, 1.674999999925000300 ) ) ;
#3115 = PLANE ( 'NONE',  #5150 ) ;
#3116 = VERTEX_POINT ( 'NONE', #4386 ) ;
#3117 = ADVANCED_FACE ( 'NONE', ( #2744 ), #130, .F. ) ;
#3118 = LINE ( 'NONE', #765, #7574 ) ;
#3119 = ORIENTED_EDGE ( 'NONE', *, *, #4007, .T. ) ;
#3120 = DIRECTION ( 'NONE',  ( 0.0000000000000000000, 1.000000000000000000, 0.0000000000000000000 ) ) ;
#3121 = VECTOR ( 'NONE', #6190, 1000.000000000000000 ) ;
#3122 = ORIENTED_EDGE ( 'NONE', *, *, #1067, .T. ) ;
#3123 = LINE ( 'NONE', #2813, #7863 ) ;
#3124 = ORIENTED_EDGE ( 'NONE', *, *, #285, .F. ) ;
#3125 = CARTESIAN_POINT ( 'NONE',  ( 2.500000000468747700, 0.1000000000000000500, -0.4499999999500010600 ) ) ;
#3126 = VERTEX_POINT ( 'NONE', #1417 ) ;
#3127 = LINE ( 'NONE', #1242, #2106 ) ;
#3128 = PLANE ( 'NONE',  #7148 ) ;
#3129 = CARTESIAN_POINT ( 'NONE',  ( 2.674999999999998500, 0.0000000000000000000, -1.400000000150000400 ) ) ;
#3130 = VERTEX_POINT ( 'NONE', #5648 ) ;
#3131 = DIRECTION ( 'NONE',  ( 1.000000000000000000, 0.0000000000000000000, -0.0000000000000000000 ) ) ;
#3132 = ORIENTED_EDGE ( 'NONE', *, *, #5845, .T. ) ;
#3133 = EDGE_CURVE ( 'NONE', #3042, #6315, #4697, .T. ) ;
#3134 = PLANE ( 'NONE',  #4597 ) ;
#3135 = FACE_OUTER_BOUND ( 'NONE', #5703, .T. ) ;
#3136 = CARTESIAN_POINT ( 'NONE',  ( 2.500000000468749500, 0.7999999999999999300, -0.5499999999499998200 ) ) ;
#3137 = EDGE_LOOP ( 'NONE', ( #6767, #6542, #3849, #3522, #953, #1953 ) ) ;
#3138 = LINE ( 'NONE', #7192, #7117 ) ;
#3139 = CARTESIAN_POINT ( 'NONE',  ( 0.6000000000000006400, 0.5999999999999999800, 1.399999999924999000 ) ) ;
#3140 = AXIS2_PLACEMENT_3D ( 'NONE', #7143, #7171, #1673 ) ;
#3141 = VECTOR ( 'NONE', #5870, 1000.000000000000000 ) ;
#3142 = VERTEX_POINT ( 'NONE', #6237 ) ;
#3143 = CARTESIAN_POINT ( 'NONE',  ( -1.349999999687499200, 1.200000000000000000, -1.899999999925000100 ) ) ;
#3144 = DIRECTION ( 'NONE',  ( 1.000000000000000000, 0.0000000000000000000, 9.974659986866621900E-015 ) ) ;
#3145 = VECTOR ( 'NONE', #5497, 1000.000000000000000 ) ;
#3146 = EDGE_CURVE ( 'NONE', #7503, #3246, #29, .T. ) ;
#3147 = ORIENTED_EDGE ( 'NONE', *, *, #7494, .T. ) ;
#3148 = ORIENTED_EDGE ( 'NONE', *, *, #5670, .F. ) ;
#3149 = ADVANCED_FACE ( 'NONE', ( #4323 ), #6936, .T. ) ;
#3150 = CARTESIAN_POINT ( 'NONE',  ( 2.175000000468748900, 0.7999999999999999300, 0.8499999997749972900 ) ) ;
#3151 = VECTOR ( 'NONE', #6310, 1000.000000000000200 ) ;
#3152 = VECTOR ( 'NONE', #7452, 1000.000000000000000 ) ;
#3153 = ORIENTED_EDGE ( 'NONE', *, *, #1093, .F. ) ;
#3154 = AXIS2_PLACEMENT_3D ( 'NONE', #4487, #871, #5101 ) ;
#3155 = CARTESIAN_POINT ( 'NONE',  ( -1.111611652351681700, 0.7999999999999999300, -0.2866116524766814700 ) ) ;
#3156 = EDGE_CURVE ( 'NONE', #1855, #6690, #2923, .T. ) ;
#3157 = ORIENTED_EDGE ( 'NONE', *, *, #7717, .F. ) ;
#3158 = DIRECTION ( 'NONE',  ( -0.0000000000000000000, -0.0000000000000000000, 1.000000000000000000 ) ) ;
#3159 = PLANE ( 'NONE',  #78 ) ;
#3160 = CARTESIAN_POINT ( 'NONE',  ( 0.2250000000000009200, 1.050000000000000000, 1.649999999924999000 ) ) ;
#3161 = EDGE_CURVE ( 'NONE', #4829, #5996, #3382, .T. ) ;
#3162 = CARTESIAN_POINT ( 'NONE',  ( 0.1485241560427744100, 0.9463208992064711100, 1.096047923129494800 ) ) ;
#3163 = ADVANCED_FACE ( 'NONE', ( #7843 ), #5137, .F. ) ;
#3164 = CARTESIAN_POINT ( 'NONE',  ( 2.197348147088162800, 1.060037016659558500, 1.191467075343293400 ) ) ;
#3165 = DIRECTION ( 'NONE',  ( -6.956963940115488700E-015, 0.0000000000000000000, 1.000000000000000000 ) ) ;
#3166 = VECTOR ( 'NONE', #3482, 1000.000000000000000 ) ;
#3167 = EDGE_LOOP ( 'NONE', ( #2252, #979, #1501, #7784 ) ) ;
#3168 = VECTOR ( 'NONE', #2589, 1000.000000000000100 ) ;
#3169 = ORIENTED_EDGE ( 'NONE', *, *, #7313, .F. ) ;
#3170 = DIRECTION ( 'NONE',  ( -1.065275473255936100E-015, 0.0000000000000000000, -1.000000000000000000 ) ) ;
#3171 = VERTEX_POINT ( 'NONE', #3769 ) ;
#3172 = VERTEX_POINT ( 'NONE', #2064 ) ;
#3173 = CARTESIAN_POINT ( 'NONE',  ( -1.674999999999989200, 0.1000000000000000500, -1.500000000124999800 ) ) ;
#3174 = CARTESIAN_POINT ( 'NONE',  ( -2.500000000468749900, 0.7999999999999999300, 0.9732701105718156700 ) ) ;
#3175 = LINE ( 'NONE', #7073, #986 ) ;
#3176 = ORIENTED_EDGE ( 'NONE', *, *, #449, .T. ) ;
#3177 = LINE ( 'NONE', #6592, #2417 ) ;
#3178 = ORIENTED_EDGE ( 'NONE', *, *, #4951, .F. ) ;
#3179 = ORIENTED_EDGE ( 'NONE', *, *, #5272, .T. ) ;
#3180 = ORIENTED_EDGE ( 'NONE', *, *, #4854, .F. ) ;
#3181 = EDGE_CURVE ( 'NONE', #7590, #5913, #6211, .T. ) ;
#3182 = VECTOR ( 'NONE', #4645, 999.9999999999998900 ) ;
#3183 = LINE ( 'NONE', #4118, #806 ) ;
#3184 = DIRECTION ( 'NONE',  ( -0.0000000000000000000, -1.000000000000000000, -0.0000000000000000000 ) ) ;
#3185 = DIRECTION ( 'NONE',  ( 2.168404344971007700E-015, 0.0000000000000000000, 1.000000000000000000 ) ) ;
#3186 = CARTESIAN_POINT ( 'NONE',  ( 2.749999999999998200, 0.4253461364713247400, -1.600000000125000300 ) ) ;
#3187 = CARTESIAN_POINT ( 'NONE',  ( -1.927499999999999800, 0.0000000000000000000, -0.7000000001249999700 ) ) ;
#3188 = ORIENTED_EDGE ( 'NONE', *, *, #5691, .F. ) ;
#3189 = AXIS2_PLACEMENT_3D ( 'NONE', #4036, #1601, #1003 ) ;
#3190 = CARTESIAN_POINT ( 'NONE',  ( 2.074999999999999700, 0.7499999999999998900, -0.2500000001249999500 ) ) ;
#3191 = VECTOR ( 'NONE', #3289, 1000.000000000000100 ) ;
#3192 = ADVANCED_FACE ( 'NONE', ( #1103 ), #2162, .F. ) ;
#3193 = CARTESIAN_POINT ( 'NONE',  ( 1.927500000000000200, 0.7499999999999998900, -0.7000000001249999700 ) ) ;
#3194 = EDGE_CURVE ( 'NONE', #5641, #3883, #4130, .T. ) ;
#3195 = DIRECTION ( 'NONE',  ( 0.1299941854756612200, 0.0000000000000000000, -0.9915147561900020700 ) ) ;
#3196 = EDGE_CURVE ( 'NONE', #310, #569, #6405, .T. ) ;
#3197 = CARTESIAN_POINT ( 'NONE',  ( 1.350000000000001200, 1.049999999999999800, 1.899999999924999000 ) ) ;
#3198 = ORIENTED_EDGE ( 'NONE', *, *, #3533, .F. ) ;
#3199 = VERTEX_POINT ( 'NONE', #5052 ) ;
#3200 = PLANE ( 'NONE',  #5281 ) ;
#3201 = CARTESIAN_POINT ( 'NONE',  ( 1.672500000000000100, 0.0000000000000000000, 0.0000000000000000000 ) ) ;
#3202 = ADVANCED_FACE ( 'NONE', ( #4789 ), #251, .F. ) ;
#3203 = ORIENTED_EDGE ( 'NONE', *, *, #297, .F. ) ;
#3204 = ORIENTED_EDGE ( 'NONE', *, *, #6590, .F. ) ;
#3205 = EDGE_CURVE ( 'NONE', #1785, #6255, #7373, .T. ) ;
#3206 = EDGE_CURVE ( 'NONE', #3221, #1177, #5362, .T. ) ;
#3207 = EDGE_CURVE ( 'NONE', #1674, #2201, #523, .T. ) ;
#3208 = LINE ( 'NONE', #7555, #7281 ) ;
#3209 = EDGE_LOOP ( 'NONE', ( #6729, #7120, #5861, #7392, #92, #5286, #2350 ) ) ;
#3210 = CARTESIAN_POINT ( 'NONE',  ( -2.674999999999999800, 1.355252715606880500E-017, 0.5660254035594382000 ) ) ;
#3211 = DIRECTION ( 'NONE',  ( 1.000000000000000000, 0.0000000000000000000, -1.084202172180573300E-016 ) ) ;
#3212 = LINE ( 'NONE', #164, #5859 ) ;
#3213 = EDGE_LOOP ( 'NONE', ( #5741, #795, #6815, #3323, #4233 ) ) ;
#3214 = ORIENTED_EDGE ( 'NONE', *, *, #6959, .T. ) ;
#3215 = CARTESIAN_POINT ( 'NONE',  ( 2.400000000468749400, 0.7999999999999999300, -0.2500000001249999500 ) ) ;
#3216 = DIRECTION ( 'NONE',  ( 0.0000000000000000000, -1.000000000000000000, 0.0000000000000000000 ) ) ;
#3217 = LINE ( 'NONE', #7263, #5381 ) ;
#3218 = DIRECTION ( 'NONE',  ( -0.0000000000000000000, -1.000000000000000000, -0.0000000000000000000 ) ) ;
#3219 = VERTEX_POINT ( 'NONE', #2668 ) ;
#3220 = CARTESIAN_POINT ( 'NONE',  ( -1.200000000000000400, 0.7999999999999999300, 1.074999999925000600 ) ) ;
#3221 = VERTEX_POINT ( 'NONE', #218 ) ;
#3222 = ADVANCED_FACE ( 'NONE', ( #3008 ), #874, .F. ) ;
#3223 = AXIS2_PLACEMENT_3D ( 'NONE', #428, #3488, #7147 ) ;
#3224 = VECTOR ( 'NONE', #4930, 1000.000000000000000 ) ;
#3225 = CARTESIAN_POINT ( 'NONE',  ( -1.799999999999999200, 0.5999999999999999800, 1.399999999924999000 ) ) ;
#3226 = ORIENTED_EDGE ( 'NONE', *, *, #2012, .T. ) ;
#3227 = VECTOR ( 'NONE', #5941, 1000.000000000000000 ) ;
#3228 = EDGE_LOOP ( 'NONE', ( #4632, #5661, #1376, #4698 ) ) ;
#3229 = FACE_OUTER_BOUND ( 'NONE', #4598, .T. ) ;
#3230 = ORIENTED_EDGE ( 'NONE', *, *, #6488, .F. ) ;
#3231 = CARTESIAN_POINT ( 'NONE',  ( -1.674999999999988500, 0.0000000000000000000, -1.600000000125009900 ) ) ;
#3232 = DIRECTION ( 'NONE',  ( 0.0000000000000000000, 0.0000000000000000000, 1.000000000000000000 ) ) ;
#3233 = VECTOR ( 'NONE', #4326, 1000.000000000000000 ) ;
#3234 = DIRECTION ( 'NONE',  ( 5.782411586589358800E-015, -0.0000000000000000000, -1.000000000000000000 ) ) ;
#3235 = ADVANCED_FACE ( 'NONE', ( #1207 ), #6293, .F. ) ;
#3236 = CARTESIAN_POINT ( 'NONE',  ( -0.7999999999999998200, 0.7999999999999999300, -0.5982233048283627200 ) ) ;
#3237 = ORIENTED_EDGE ( 'NONE', *, *, #5009, .F. ) ;
#3238 = EDGE_CURVE ( 'NONE', #4035, #5610, #1982, .T. ) ;
#3239 = LINE ( 'NONE', #6026, #7030 ) ;
#3240 = CARTESIAN_POINT ( 'NONE',  ( -0.8749999999999996700, 0.7499999999999998900, -0.2500000001249999500 ) ) ;
#3241 = ORIENTED_EDGE ( 'NONE', *, *, #6419, .F. ) ;
#3242 = LINE ( 'NONE', #6057, #4644 ) ;
#3243 = AXIS2_PLACEMENT_3D ( 'NONE', #7845, #7285, #6001 ) ;
#3244 = ORIENTED_EDGE ( 'NONE', *, *, #6271, .F. ) ;
#3245 = DIRECTION ( 'NONE',  ( 1.000000000000000000, 0.0000000000000000000, 0.0000000000000000000 ) ) ;
#3246 = VERTEX_POINT ( 'NONE', #7659 ) ;
#3247 = EDGE_CURVE ( 'NONE', #2564, #4990, #5846, .T. ) ;
#3248 = CARTESIAN_POINT ( 'NONE',  ( 2.600000000468749100, 0.5000000000000000000, 0.7999999997749973600 ) ) ;
#3249 = LINE ( 'NONE', #4097, #976 ) ;
#3250 = EDGE_CURVE ( 'NONE', #2081, #1584, #3564, .T. ) ;
#3251 = EDGE_CURVE ( 'NONE', #5624, #2646, #2645, .T. ) ;
#3252 = ORIENTED_EDGE ( 'NONE', *, *, #6286, .T. ) ;
#3253 = ORIENTED_EDGE ( 'NONE', *, *, #4716, .F. ) ;
#3254 = LINE ( 'NONE', #6303, #7145 ) ;
#3255 = AXIS2_PLACEMENT_3D ( 'NONE', #6724, #4783, #494 ) ;
#3256 = ORIENTED_EDGE ( 'NONE', *, *, #3446, .T. ) ;
#3257 = AXIS2_PLACEMENT_3D ( 'NONE', #3812, #658, #6761 ) ;
#3258 = ORIENTED_EDGE ( 'NONE', *, *, #7872, .T. ) ;
#3259 = EDGE_CURVE ( 'NONE', #7904, #2686, #6980, .T. ) ;
#3260 = DIRECTION ( 'NONE',  ( -2.891205793294683400E-015, 1.000000000000000000, 0.0000000000000000000 ) ) ;
#3261 = DIRECTION ( 'NONE',  ( 0.0000000000000000000, 0.0000000000000000000, -1.000000000000000000 ) ) ;
#3262 = EDGE_LOOP ( 'NONE', ( #5800, #5748, #1632, #7748 ) ) ;
#3263 = ADVANCED_FACE ( 'NONE', ( #3656 ), #4593, .F. ) ;
#3264 = CARTESIAN_POINT ( 'NONE',  ( -0.5999999999999993100, 0.5999999999999999800, 1.649999999924999000 ) ) ;
#3265 = DIRECTION ( 'NONE',  ( 1.000000000000000000, 0.0000000000000000000, 0.0000000000000000000 ) ) ;
#3266 = ORIENTED_EDGE ( 'NONE', *, *, #394, .T. ) ;
#3267 = DIRECTION ( 'NONE',  ( -0.0000000000000000000, 1.000000000000000000, -0.0000000000000000000 ) ) ;
#3268 =( BOUNDED_CURVE ( )  B_SPLINE_CURVE ( 3, ( #4273, #7314, #2387, #6022 ),
 .UNSPECIFIED., .F., .F. ) 
 B_SPLINE_CURVE_WITH_KNOTS ( ( 4, 4 ),
 ( 4.842752095801359700, 4.873991820545729300 ),
 .UNSPECIFIED. ) 
 CURVE ( )  GEOMETRIC_REPRESENTATION_ITEM ( )  RATIONAL_B_SPLINE_CURVE ( ( 1.000000000000000000, 0.9999186749533192100, 0.9999186749533192100, 1.000000000000000000 ) ) 
 REPRESENTATION_ITEM ( '' )  );
#3269 = VECTOR ( 'NONE', #5616, 999.9999999999998900 ) ;
#3270 = LINE ( 'NONE', #7488, #3081 ) ;
#3271 = DIRECTION ( 'NONE',  ( -1.000000000000000000, 0.0000000000000000000, 6.938893905433791600E-016 ) ) ;
#3272 = ADVANCED_FACE ( 'NONE', ( #822 ), #2442, .F. ) ;
#3273 = EDGE_LOOP ( 'NONE', ( #3147, #5421, #4773, #5806 ) ) ;
#3274 = ORIENTED_EDGE ( 'NONE', *, *, #4951, .T. ) ;
#3275 = VECTOR ( 'NONE', #5817, 1000.000000000000000 ) ;
#3276 = VERTEX_POINT ( 'NONE', #5229 ) ;
#3277 = CARTESIAN_POINT ( 'NONE',  ( 0.2250000000000009200, 1.000000000000000000, 1.899999999924999000 ) ) ;
#3278 = ORIENTED_EDGE ( 'NONE', *, *, #2953, .T. ) ;
#3279 = LINE ( 'NONE', #258, #2535 ) ;
#3280 = DIRECTION ( 'NONE',  ( -1.000000000000000000, 0.0000000000000000000, 0.0000000000000000000 ) ) ;
#3281 = CARTESIAN_POINT ( 'NONE',  ( -1.000000000281250100, 1.200000000000000000, -1.600000000125000100 ) ) ;
#3282 = LINE ( 'NONE', #6453, #5268 ) ;
#3283 = DIRECTION ( 'NONE',  ( -2.891205795222147400E-015, 0.0000000000000000000, 1.000000000000000000 ) ) ;
#3284 = ORIENTED_EDGE ( 'NONE', *, *, #6321, .T. ) ;
#3285 = AXIS2_PLACEMENT_3D ( 'NONE', #1750, #5958, #538 ) ;
#3286 = VERTEX_POINT ( 'NONE', #2873 ) ;
#3287 = EDGE_CURVE ( 'NONE', #2776, #1834, #3282, .T. ) ;
#3288 = CARTESIAN_POINT ( 'NONE',  ( 1.675000000000002500, 0.0000000000000000000, -0.4000000001250162400 ) ) ;
#3289 = DIRECTION ( 'NONE',  ( -0.1736481776669306900, -0.9848077530122080200, 0.0000000000000000000 ) ) ;
#3290 = VECTOR ( 'NONE', #3234, 1000.000000000000000 ) ;
#3291 = CARTESIAN_POINT ( 'NONE',  ( -1.349999999687500100, 0.1000000000000000500, -1.600000000124999900 ) ) ;
#3292 = VERTEX_POINT ( 'NONE', #1659 ) ;
#3293 = PRODUCT ( 'ACHR-04V-A-S', 'ACHR-04V-A-S', '', ( #1405 ) ) ;
#3294 = DIRECTION ( 'NONE',  ( 0.0000000000000000000, 0.0000000000000000000, 1.000000000000000000 ) ) ;
#3295 = DIRECTION ( 'NONE',  ( 0.0000000000000000000, 0.0000000000000000000, -1.000000000000000000 ) ) ;
#3296 = LINE ( 'NONE', #259, #32 ) ;
#3297 = ORIENTED_EDGE ( 'NONE', *, *, #5202, .F. ) ;
#3298 = ADVANCED_FACE ( 'NONE', ( #7177 ), #7019, .F. ) ;
#3299 = EDGE_LOOP ( 'NONE', ( #4124, #2383, #6021, #2630 ) ) ;
#3300 = EDGE_CURVE ( 'NONE', #5175, #7014, #6112, .T. ) ;
#3301 = EDGE_CURVE ( 'NONE', #4137, #6510, #5453, .T. ) ;
#3302 = LINE ( 'NONE', #6342, #1119 ) ;
#3303 = ORIENTED_EDGE ( 'NONE', *, *, #220, .T. ) ;
#3304 = CIRCLE ( 'NONE', #709, 0.1249999999999998900 ) ;
#3305 = DIRECTION ( 'NONE',  ( 0.0000000000000000000, 0.0000000000000000000, 1.000000000000000000 ) ) ;
#3306 = CARTESIAN_POINT ( 'NONE',  ( -2.750000000000000000, 1.200000000000000000, -1.600000000124999700 ) ) ;
#3307 = AXIS2_PLACEMENT_3D ( 'NONE', #1959, #4334, #106 ) ;
#3308 = VECTOR ( 'NONE', #1491, 1000.000000000000000 ) ;
#3309 = VERTEX_POINT ( 'NONE', #6480 ) ;
#3310 = ORIENTED_EDGE ( 'NONE', *, *, #449, .F. ) ;
#3311 = PLANE ( 'NONE',  #846 ) ;
#3312 = ORIENTED_EDGE ( 'NONE', *, *, #5367, .F. ) ;
#3313 = VERTEX_POINT ( 'NONE', #6505 ) ;
#3314 = CARTESIAN_POINT ( 'NONE',  ( -2.074999999999999700, 0.7999999999999999300, -0.2500000001249999500 ) ) ;
#3315 = DIRECTION ( 'NONE',  ( 0.0000000000000000000, 0.0000000000000000000, -1.000000000000000000 ) ) ;
#3316 = DIRECTION ( 'NONE',  ( 0.1750888650302263000, -0.9845526341148183000, 0.0000000000000000000 ) ) ;
#3317 = DIRECTION ( 'NONE',  ( -1.084202172553266800E-015, 0.0000000000000000000, -1.000000000000000000 ) ) ;
#3318 = LINE ( 'NONE', #3324, #4634 ) ;
#3319 = DIRECTION ( 'NONE',  ( 1.000000000000000000, 0.0000000000000000000, -4.251773225433350700E-016 ) ) ;
#3320 = ORIENTED_EDGE ( 'NONE', *, *, #3207, .T. ) ;
#3321 = VECTOR ( 'NONE', #4237, 1000.000000000000000 ) ;
#3322 = VECTOR ( 'NONE', #5546, 1000.000000000000000 ) ;
#3323 = ORIENTED_EDGE ( 'NONE', *, *, #5125, .T. ) ;
#3324 = CARTESIAN_POINT ( 'NONE',  ( 2.500000000468749500, 0.7999999999999999300, -0.5499999999499998200 ) ) ;
#3325 = AXIS2_PLACEMENT_3D ( 'NONE', #5754, #2834, #7065 ) ;
#3326 = DIRECTION ( 'NONE',  ( 1.243449787580175300E-014, 0.0000000000000000000, -1.000000000000000000 ) ) ;
#3327 = VECTOR ( 'NONE', #457, 1000.000000000000000 ) ;
#3328 = AXIS2_PLACEMENT_3D ( 'NONE', #4890, #654, #3010 ) ;
#3329 = ORIENTED_EDGE ( 'NONE', *, *, #2301, .F. ) ;
#3330 = DIRECTION ( 'NONE',  ( -0.0000000000000000000, 1.000000000000000000, -0.0000000000000000000 ) ) ;
#3331 = EDGE_CURVE ( 'NONE', #1238, #3642, #706, .T. ) ;
#3332 = CARTESIAN_POINT ( 'NONE',  ( -2.750000000000000000, 0.4253461364713256300, 0.6799965573306282500 ) ) ;
#3333 = VECTOR ( 'NONE', #4913, 1000.000000000000000 ) ;
#3334 = DIRECTION ( 'NONE',  ( 0.1299941854756607500, 0.0000000000000000000, -0.9915147561900021800 ) ) ;
#3335 = ORIENTED_EDGE ( 'NONE', *, *, #5643, .T. ) ;
#3336 = ADVANCED_FACE ( 'NONE', ( #4690 ), #5802, .F. ) ;
#3337 = LINE ( 'NONE', #2197, #771 ) ;
#3338 = ORIENTED_EDGE ( 'NONE', *, *, #339, .F. ) ;
#3339 = DIRECTION ( 'NONE',  ( 1.000000000000000000, -0.0000000000000000000, -0.0000000000000000000 ) ) ;
#3340 = CARTESIAN_POINT ( 'NONE',  ( 1.524999999999999500, 0.7499999999999998900, -0.5232233048283654300 ) ) ;
#3341 = LINE ( 'NONE', #7354, #6750 ) ;
#3342 = CARTESIAN_POINT ( 'NONE',  ( 0.08838834764831846000, 1.200000000000000000, -0.2866116524766816900 ) ) ;
#3343 = DIRECTION ( 'NONE',  ( 1.000000000000000000, -0.0000000000000000000, 7.589415207398791400E-015 ) ) ;
#3344 = CARTESIAN_POINT ( 'NONE',  ( -2.600000000000000500, 0.7999999999999999300, -0.5499999999499998200 ) ) ;
#3345 = VERTEX_POINT ( 'NONE', #1684 ) ;
#3346 = CARTESIAN_POINT ( 'NONE',  ( -2.201954402410123600, 0.9499999999999936300, 1.099135055248403600 ) ) ;
#3347 = DIRECTION ( 'NONE',  ( 0.0000000000000000000, 0.0000000000000000000, -1.000000000000000000 ) ) ;
#3348 = CARTESIAN_POINT ( 'NONE',  ( 1.000000000281248400, 0.0000000000000000000, -1.500000000125000200 ) ) ;
#3349 = LINE ( 'NONE', #2150, #6849 ) ;
#3350 = EDGE_CURVE ( 'NONE', #4238, #1557, #2258, .T. ) ;
#3351 = EDGE_LOOP ( 'NONE', ( #3082, #2759, #2040, #1165 ) ) ;
#3352 = CARTESIAN_POINT ( 'NONE',  ( 0.7250000000000038600, 0.0000000000000000000, -0.7000000001249999700 ) ) ;
#3353 = DIRECTION ( 'NONE',  ( 0.09343174671670150000, 0.0000000000000000000, 0.9956256870458224400 ) ) ;
#3354 = EDGE_CURVE ( 'NONE', #1184, #5360, #5551, .T. ) ;
#3355 = EDGE_CURVE ( 'NONE', #2105, #3072, #5356, .T. ) ;
#3356 = EDGE_LOOP ( 'NONE', ( #294, #733, #7718, #4427 ) ) ;
#3357 = ORIENTED_EDGE ( 'NONE', *, *, #7091, .T. ) ;
#3358 = ORIENTED_EDGE ( 'NONE', *, *, #3684, .F. ) ;
#3359 = DIRECTION ( 'NONE',  ( 1.000000000000000000, 0.0000000000000000000, -2.891205795222151400E-015 ) ) ;
#3360 = CARTESIAN_POINT ( 'NONE',  ( 1.299999999687499600, 1.200000000000000000, -1.600000000125000300 ) ) ;
#3361 = VERTEX_POINT ( 'NONE', #1057 ) ;
#3362 = AXIS2_PLACEMENT_3D ( 'NONE', #684, #1319, #1992 ) ;
#3363 = DIRECTION ( 'NONE',  ( 0.0000000000000000000, 0.0000000000000000000, -1.000000000000000000 ) ) ;
#3364 = CARTESIAN_POINT ( 'NONE',  ( -0.1487272134285001500, 0.9444751167444137600, 1.094499127746349400 ) ) ;
#3365 = VERTEX_POINT ( 'NONE', #5901 ) ;
#3366 = CARTESIAN_POINT ( 'NONE',  ( 2.697308117066312700, 0.1265156187480853700, 0.5999251614329116400 ) ) ;
#3367 = VERTEX_POINT ( 'NONE', #2800 ) ;
#3368 = CARTESIAN_POINT ( 'NONE',  ( -2.200656147411876400, 0.7999999999999999300, 1.089014761932505700 ) ) ;
#3369 = LINE ( 'NONE', #3366, #2632 ) ;
#3370 = CIRCLE ( 'NONE', #6623, 0.1499999999999998600 ) ;
#3371 = CARTESIAN_POINT ( 'NONE',  ( 0.4750000000000106900, 0.1000000000000000500, -1.500000000125000200 ) ) ;
#3372 = PLANE ( 'NONE',  #1572 ) ;
#3373 = ORIENTED_EDGE ( 'NONE', *, *, #5369, .F. ) ;
#3374 = DIRECTION ( 'NONE',  ( -0.0000000000000000000, -1.000000000000000000, 0.0000000000000000000 ) ) ;
#3375 = CARTESIAN_POINT ( 'NONE',  ( 0.3999999999999999700, 0.7999999999999999300, -0.7000000001249999700 ) ) ;
#3376 = CARTESIAN_POINT ( 'NONE',  ( 1.524999999999999900, 0.9499999999999936300, -0.2500000001249999500 ) ) ;
#3377 = LINE ( 'NONE', #7402, #1492 ) ;
#3378 = CARTESIAN_POINT ( 'NONE',  ( -2.197348147088162800, 1.060037016659558500, 1.191467075343293400 ) ) ;
#3379 = CARTESIAN_POINT ( 'NONE',  ( 1.350000000000001200, 0.1500000000000000800, 1.649999999924999000 ) ) ;
#3380 = ORIENTED_EDGE ( 'NONE', *, *, #3533, .T. ) ;
#3381 = ORIENTED_EDGE ( 'NONE', *, *, #4606, .F. ) ;
#3382 = LINE ( 'NONE', #5667, #5940 ) ;
#3383 = EDGE_CURVE ( 'NONE', #5111, #6287, #6886, .T. ) ;
#3384 = ORIENTED_EDGE ( 'NONE', *, *, #1171, .F. ) ;
#3385 = DIRECTION ( 'NONE',  ( 0.09343174671670150000, 0.0000000000000000000, 0.9956256870458224400 ) ) ;
#3386 = DIRECTION ( 'NONE',  ( -1.000000000000000000, -0.0000000000000000000, -0.0000000000000000000 ) ) ;
#3387 = ADVANCED_FACE ( 'NONE', ( #3741 ), #3922, .T. ) ;
#3388 = CARTESIAN_POINT ( 'NONE',  ( 2.600000000468749100, 1.200000000000000000, 0.7999999997749973600 ) ) ;
#3389 = DIRECTION ( 'NONE',  ( 0.1299941854756612200, 0.0000000000000000000, -0.9915147561900020700 ) ) ;
#3390 = AXIS2_PLACEMENT_3D ( 'NONE', #2272, #4709, #4076 ) ;
#3391 = CIRCLE ( 'NONE', #216, 0.2750000000000000800 ) ;
#3392 = ORIENTED_EDGE ( 'NONE', *, *, #696, .T. ) ;
#3393 = ORIENTED_EDGE ( 'NONE', *, *, #4303, .F. ) ;
#3394 = EDGE_CURVE ( 'NONE', #5360, #4157, #1300, .T. ) ;
#3395 = CARTESIAN_POINT ( 'NONE',  ( 2.500000000468749000, 1.200000000000000000, 1.899999999924997700 ) ) ;
#3396 = CARTESIAN_POINT ( 'NONE',  ( -0.9173140263893599900, 0.7999999999999999300, -0.2500000001250000700 ) ) ;
#3397 = EDGE_CURVE ( 'NONE', #7203, #5242, #2078, .T. ) ;
#3398 = DIRECTION ( 'NONE',  ( 7.318364664277336400E-015, -0.0000000000000000000, -1.000000000000000000 ) ) ;
#3399 = VECTOR ( 'NONE', #7537, 1000.000000000000000 ) ;
#3400 = PLANE ( 'NONE',  #3512 ) ;
#3401 = DIRECTION ( 'NONE',  ( -2.130550946511894600E-015, -0.0000000000000000000, 1.000000000000000000 ) ) ;
#3402 = EDGE_LOOP ( 'NONE', ( #76, #122, #3119, #3683 ) ) ;
#3403 = CARTESIAN_POINT ( 'NONE',  ( 0.2250000000000009200, 1.050000000000000000, 1.649999999924999000 ) ) ;
#3404 = PLANE ( 'NONE',  #1322 ) ;
#3405 = AXIS2_PLACEMENT_3D ( 'NONE', #2602, #2636, #6844 ) ;
#3406 = ORIENTED_EDGE ( 'NONE', *, *, #5325, .T. ) ;
#3407 = PLANE ( 'NONE',  #2849 ) ;
#3408 = ORIENTED_EDGE ( 'NONE', *, *, #3355, .F. ) ;
#3409 = LINE ( 'NONE', #1689, #2192 ) ;
#3410 = EDGE_CURVE ( 'NONE', #2942, #5499, #3836, .T. ) ;
#3411 = LINE ( 'NONE', #963, #7683 ) ;
#3412 = DIRECTION ( 'NONE',  ( 0.1299941854756611900, 0.0000000000000000000, 0.9915147561900020700 ) ) ;
#3413 = CARTESIAN_POINT ( 'NONE',  ( 2.175000000468748900, 0.7999999999999999300, 0.8499999997749972900 ) ) ;
#3414 = ORIENTED_EDGE ( 'NONE', *, *, #7825, .T. ) ;
#3415 = FACE_OUTER_BOUND ( 'NONE', #7233, .T. ) ;
#3416 = CARTESIAN_POINT ( 'NONE',  ( -2.249999999999999100, 0.1499999999999999700, 1.899999999924999000 ) ) ;
#3417 = CARTESIAN_POINT ( 'NONE',  ( -1.950000000468749900, 1.149999999999999900, 1.674999999925000300 ) ) ;
#3418 = ORIENTED_EDGE ( 'NONE', *, *, #4101, .F. ) ;
#3419 = VECTOR ( 'NONE', #5813, 1000.000000000000200 ) ;
#3420 = ORIENTED_EDGE ( 'NONE', *, *, #4290, .F. ) ;
#3421 = DIRECTION ( 'NONE',  ( -1.065275473255936100E-015, 0.0000000000000000000, 1.000000000000000000 ) ) ;
#3422 = CYLINDRICAL_SURFACE ( 'NONE', #7818, 0.1000000000000000500 ) ;
#3423 = DIRECTION ( 'NONE',  ( 0.1299941854756612200, -0.0000000000000000000, 0.9915147561900020700 ) ) ;
#3424 = EDGE_LOOP ( 'NONE', ( #6622, #1445, #1853, #6807 ) ) ;
#3425 = VECTOR ( 'NONE', #1901, 1000.000000000000000 ) ;
#3426 = DIRECTION ( 'NONE',  ( 1.000000000000000000, 0.0000000000000000000, -2.891205795222151400E-015 ) ) ;
#3427 = CARTESIAN_POINT ( 'NONE',  ( -1.349999999999998800, 0.1499999999999999700, 1.899999999924999000 ) ) ;
#3428 = VECTOR ( 'NONE', #2218, 1000.000000000000000 ) ;
#3429 = ORIENTED_EDGE ( 'NONE', *, *, #1704, .F. ) ;
#3430 = DIRECTION ( 'NONE',  ( -0.0000000000000000000, 1.000000000000000000, -0.0000000000000000000 ) ) ;
#3431 = DIRECTION ( 'NONE',  ( 0.0000000000000000000, -1.000000000000000000, 0.0000000000000000000 ) ) ;
#3432 = DIRECTION ( 'NONE',  ( -7.228014483236778800E-015, 0.0000000000000000000, 1.000000000000000000 ) ) ;
#3433 = FACE_OUTER_BOUND ( 'NONE', #974, .T. ) ;
#3434 = ORIENTED_EDGE ( 'NONE', *, *, #4612, .F. ) ;
#3435 = CARTESIAN_POINT ( 'NONE',  ( 1.392434914250218400, 1.200000000000000000, 1.100229498304994300 ) ) ;
#3436 = LINE ( 'NONE', #1037, #191 ) ;
#3437 = ORIENTED_EDGE ( 'NONE', *, *, #975, .T. ) ;
#3438 = LINE ( 'NONE', #5810, #2496 ) ;
#3439 = CARTESIAN_POINT ( 'NONE',  ( -1.924999999999989400, 0.0000000000000000000, -1.500000000124999800 ) ) ;
#3440 = DIRECTION ( 'NONE',  ( 0.09343174671670150000, -0.0000000000000000000, 0.9956256870458224400 ) ) ;
#3441 = AXIS2_PLACEMENT_3D ( 'NONE', #7720, #2297, #1693 ) ;
#3442 = ORIENTED_EDGE ( 'NONE', *, *, #4950, .T. ) ;
#3443 = VECTOR ( 'NONE', #3751, 1000.000000000000000 ) ;
#3444 = VERTEX_POINT ( 'NONE', #6672 ) ;
#3445 = DIRECTION ( 'NONE',  ( -0.0000000000000000000, -0.0000000000000000000, 1.000000000000000000 ) ) ;
#3446 = EDGE_CURVE ( 'NONE', #5855, #3057, #2347, .T. ) ;
#3447 = EDGE_CURVE ( 'NONE', #6244, #6887, #2163, .T. ) ;
#3448 = DIRECTION ( 'NONE',  ( -0.1679009179374286200, -0.9522134233956620600, -0.2551448178209431200 ) ) ;
#3449 = LINE ( 'NONE', #4339, #5429 ) ;
#3450 = FACE_OUTER_BOUND ( 'NONE', #4845, .T. ) ;
#3451 = EDGE_LOOP ( 'NONE', ( #7303, #1937, #2422 ) ) ;
#3452 = PLANE ( 'NONE',  #2237 ) ;
#3453 = PLANE ( 'NONE',  #5401 ) ;
#3454 = DIRECTION ( 'NONE',  ( -0.0000000000000000000, 1.000000000000000000, -0.0000000000000000000 ) ) ;
#3455 = ORIENTED_EDGE ( 'NONE', *, *, #435, .T. ) ;
#3456 = DIRECTION ( 'NONE',  ( -1.000000000000000000, -2.891205793294679400E-015, 0.0000000000000000000 ) ) ;
#3457 = ORIENTED_EDGE ( 'NONE', *, *, #3639, .F. ) ;
#3458 = EDGE_CURVE ( 'NONE', #3171, #451, #1881, .T. ) ;
#3459 = DIRECTION ( 'NONE',  ( -1.000000000000000000, -0.0000000000000000000, -0.0000000000000000000 ) ) ;
#3460 = ORIENTED_EDGE ( 'NONE', *, *, #747, .F. ) ;
#3461 = EDGE_CURVE ( 'NONE', #1080, #1402, #4880, .T. ) ;
#3462 = EDGE_CURVE ( 'NONE', #4630, #2480, #1097, .T. ) ;
#3463 = CARTESIAN_POINT ( 'NONE',  ( -2.175000000468748900, 0.7999999999999999300, 0.8499999997749972900 ) ) ;
#3464 = LINE ( 'NONE', #2525, #597 ) ;
#3465 = LINE ( 'NONE', #7464, #998 ) ;
#3466 = ORIENTED_EDGE ( 'NONE', *, *, #5945, .F. ) ;
#3467 = AXIS2_PLACEMENT_3D ( 'NONE', #7269, #5983, #2424 ) ;
#3468 = PLANE ( 'NONE',  #6824 ) ;
#3469 = VECTOR ( 'NONE', #6774, 1000.000000000000000 ) ;
#3470 = EDGE_CURVE ( 'NONE', #1238, #5604, #2537, .T. ) ;
#3471 = DIRECTION ( 'NONE',  ( -1.000000000000000000, 0.0000000000000000000, 0.0000000000000000000 ) ) ;
#3472 = DIRECTION ( 'NONE',  ( 7.589415207398792900E-015, -0.0000000000000000000, -1.000000000000000000 ) ) ;
#3473 = VERTEX_POINT ( 'NONE', #3060 ) ;
#3474 = DIRECTION ( 'NONE',  ( -0.0000000000000000000, 1.000000000000000000, -0.0000000000000000000 ) ) ;
#3475 = EDGE_LOOP ( 'NONE', ( #1351, #3004, #4946, #4203 ) ) ;
#3476 = CARTESIAN_POINT ( 'NONE',  ( 2.400000000468749400, 0.7999999999999999300, -0.2500000001249999500 ) ) ;
#3477 = LINE ( 'NONE', #114, #4408 ) ;
#3478 = CARTESIAN_POINT ( 'NONE',  ( 2.500000000468747700, 0.1000000000000000500, -0.5499999999500010400 ) ) ;
#3479 = DIRECTION ( 'NONE',  ( 0.0000000000000000000, 0.9848077530122085800, 0.1736481776669277500 ) ) ;
#3480 = VECTOR ( 'NONE', #7246, 1000.000000000000000 ) ;
#3481 = ORIENTED_EDGE ( 'NONE', *, *, #1591, .F. ) ;
#3482 = DIRECTION ( 'NONE',  ( -1.000000000000000000, -0.0000000000000000000, -0.0000000000000000000 ) ) ;
#3483 = VERTEX_POINT ( 'NONE', #5436 ) ;
#3484 = AXIS2_PLACEMENT_3D ( 'NONE', #7463, #3271, #2683 ) ;
#3485 = FACE_OUTER_BOUND ( 'NONE', #1991, .T. ) ;
#3486 = PLANE ( 'NONE',  #3601 ) ;
#3487 = ORIENTED_EDGE ( 'NONE', *, *, #5471, .T. ) ;
#3488 = DIRECTION ( 'NONE',  ( 0.0000000000000000000, 1.000000000000000000, 0.0000000000000000000 ) ) ;
#3489 = AXIS2_PLACEMENT_3D ( 'NONE', #4651, #4045, #3961 ) ;
#3490 = EDGE_CURVE ( 'NONE', #2751, #3772, #6780, .T. ) ;
#3491 = LINE ( 'NONE', #2680, #4328 ) ;
#3492 = VERTEX_POINT ( 'NONE', #1181 ) ;
#3493 = DIRECTION ( 'NONE',  ( -1.000000000000000000, 0.0000000000000000000, 1.084202172180573300E-016 ) ) ;
#3494 = CARTESIAN_POINT ( 'NONE',  ( -0.7249999999999887600, 0.5999999999999999800, -1.600000000125003200 ) ) ;
#3495 = LINE ( 'NONE', #2436, #3676 ) ;
#3496 = ORIENTED_EDGE ( 'NONE', *, *, #1752, .F. ) ;
#3497 = EDGE_CURVE ( 'NONE', #3492, #2328, #4504, .T. ) ;
#3498 = LINE ( 'NONE', #3521, #7680 ) ;
#3499 = DIRECTION ( 'NONE',  ( 0.0000000000000000000, 1.000000000000000000, 0.0000000000000000000 ) ) ;
#3500 = EDGE_CURVE ( 'NONE', #1321, #6004, #239, .T. ) ;
#3501 = DIRECTION ( 'NONE',  ( -1.000000000000000000, -0.0000000000000000000, -0.0000000000000000000 ) ) ;
#3502 = EDGE_CURVE ( 'NONE', #5000, #1318, #6307, .T. ) ;
#3503 = CYLINDRICAL_SURFACE ( 'NONE', #2128, 0.1249999999999998900 ) ;
#3504 = ORIENTED_EDGE ( 'NONE', *, *, #3181, .T. ) ;
#3505 = ORIENTED_EDGE ( 'NONE', *, *, #5768, .T. ) ;
#3506 = VECTOR ( 'NONE', #5262, 1000.000000000000000 ) ;
#3507 =( BOUNDED_CURVE ( )  B_SPLINE_CURVE ( 3, ( #6462, #4024, #2784, #7002 ),
 .UNSPECIFIED., .F., .F. ) 
 B_SPLINE_CURVE_WITH_KNOTS ( ( 4, 4 ),
 ( 5.235987755983007500, 6.283185307179586200 ),
 .UNSPECIFIED. ) 
 CURVE ( )  GEOMETRIC_REPRESENTATION_ITEM ( )  RATIONAL_B_SPLINE_CURVE ( ( 1.000000000000000000, 0.9106836025229621000, 0.9106836025229621000, 1.000000000000000000 ) ) 
 REPRESENTATION_ITEM ( '' )  );
#3508 = ORIENTED_EDGE ( 'NONE', *, *, #2948, .F. ) ;
#3509 = ORIENTED_EDGE ( 'NONE', *, *, #6030, .T. ) ;
#3510 = PLANE ( 'NONE',  #1600 ) ;
#3511 = DIRECTION ( 'NONE',  ( 1.000000000000000000, 0.0000000000000000000, -1.548860246062135700E-016 ) ) ;
#3512 = AXIS2_PLACEMENT_3D ( 'NONE', #5349, #521, #1671 ) ;
#3513 = AXIS2_PLACEMENT_3D ( 'NONE', #7894, #2986, #4187 ) ;
#3514 = VECTOR ( 'NONE', #4849, 1000.000000000000000 ) ;
#3515 = EDGE_CURVE ( 'NONE', #4494, #815, #7363, .T. ) ;
#3516 = ORIENTED_EDGE ( 'NONE', *, *, #1329, .T. ) ;
#3517 = FACE_OUTER_BOUND ( 'NONE', #6793, .T. ) ;
#3518 = EDGE_LOOP ( 'NONE', ( #4292, #6591, #3408, #4955, #493, #6613 ) ) ;
#3519 = FACE_OUTER_BOUND ( 'NONE', #5327, .T. ) ;
#3520 = ORIENTED_EDGE ( 'NONE', *, *, #4553, .T. ) ;
#3521 = CARTESIAN_POINT ( 'NONE',  ( -2.750000000000000000, 0.4253461364713247400, -1.600000000124999700 ) ) ;
#3522 = ORIENTED_EDGE ( 'NONE', *, *, #5611, .T. ) ;
#3523 = CARTESIAN_POINT ( 'NONE',  ( 2.250000000000001300, 0.1500000000000000800, 1.899999999924999000 ) ) ;
#3524 = CARTESIAN_POINT ( 'NONE',  ( -1.200000000000000400, 0.9499999999999936300, 1.074999999925000600 ) ) ;
#3525 = VECTOR ( 'NONE', #3651, 1000.000000000000000 ) ;
#3526 = CARTESIAN_POINT ( 'NONE',  ( 1.000000000281247700, 0.1000000000000000500, -1.799999999925000000 ) ) ;
#3527 = CARTESIAN_POINT ( 'NONE',  ( 2.600000000468750000, 0.7999999999999999300, 0.7999999997750000300 ) ) ;
#3528 = ORIENTED_EDGE ( 'NONE', *, *, #4335, .T. ) ;
#3529 = CARTESIAN_POINT ( 'NONE',  ( 2.200656147411876400, 0.7999999999999999300, 1.089014761932505700 ) ) ;
#3530 = CIRCLE ( 'NONE', #3880, 0.1250000000000000000 ) ;
#3531 = ORIENTED_EDGE ( 'NONE', *, *, #867, .F. ) ;
#3532 = VECTOR ( 'NONE', #4870, 1000.000000000000000 ) ;
#3533 = EDGE_CURVE ( 'NONE', #3756, #2199, #7360, .T. ) ;
#3534 = DIRECTION ( 'NONE',  ( -0.06021118835264750000, -0.7646545784153042600, -0.6416213747263064300 ) ) ;
#3535 = ORIENTED_EDGE ( 'NONE', *, *, #4700, .F. ) ;
#3536 = CARTESIAN_POINT ( 'NONE',  ( 1.599999999999999600, 0.7999999999999999300, -0.5982233048283637200 ) ) ;
#3537 = LINE ( 'NONE', #5080, #7810 ) ;
#3538 = ORIENTED_EDGE ( 'NONE', *, *, #3502, .F. ) ;
#3539 = CARTESIAN_POINT ( 'NONE',  ( -0.3999999999999998000, 0.7999999999999999300, -0.5982233048283635000 ) ) ;
#3540 = AXIS2_PLACEMENT_3D ( 'NONE', #3494, #6507, #4039 ) ;
#3541 = VERTEX_POINT ( 'NONE', #3110 ) ;
#3542 = ORIENTED_EDGE ( 'NONE', *, *, #3989, .T. ) ;
#3543 = CARTESIAN_POINT ( 'NONE',  ( -2.074999999999999700, 0.7499999999999998900, -0.2500000001249999500 ) ) ;
#3544 = EDGE_CURVE ( 'NONE', #3094, #2365, #1589, .T. ) ;
#3545 = ORIENTED_EDGE ( 'NONE', *, *, #5526, .F. ) ;
#3546 = FACE_OUTER_BOUND ( 'NONE', #1203, .T. ) ;
#3547 = CARTESIAN_POINT ( 'NONE',  ( -0.7249999999999887600, 0.0000000000000000000, -1.600000000125003200 ) ) ;
#3548 = VERTEX_POINT ( 'NONE', #7891 ) ;
#3549 = CARTESIAN_POINT ( 'NONE',  ( 2.175000000468748900, 0.8939695520413333300, 0.9249999997749972500 ) ) ;
#3550 = EDGE_LOOP ( 'NONE', ( #5237, #6327, #5720, #3565 ) ) ;
#3551 = DIRECTION ( 'NONE',  ( 2.891205795222149400E-015, 0.0000000000000000000, -1.000000000000000000 ) ) ;
#3552 = PLANE ( 'NONE',  #5799 ) ;
#3553 = AXIS2_PLACEMENT_3D ( 'NONE', #98, #5468, #2497 ) ;
#3554 = EDGE_CURVE ( 'NONE', #698, #4050, #6304, .T. ) ;
#3555 = EDGE_CURVE ( 'NONE', #6656, #1567, #4687, .T. ) ;
#3556 = ORIENTED_EDGE ( 'NONE', *, *, #7494, .F. ) ;
#3557 = CARTESIAN_POINT ( 'NONE',  ( 2.172429550463394600, 0.5794742210558058200, 0.7882270107946581800 ) ) ;
#3558 = VECTOR ( 'NONE', #681, 1000.000000000000100 ) ;
#3559 = DIRECTION ( 'NONE',  ( -0.0000000000000000000, 1.000000000000000000, -0.0000000000000000000 ) ) ;
#3560 = ORIENTED_EDGE ( 'NONE', *, *, #4552, .F. ) ;
#3561 = CARTESIAN_POINT ( 'NONE',  ( 1.425000000000001200, 1.000000000000000000, 1.649999999924999000 ) ) ;
#3562 = EDGE_LOOP ( 'NONE', ( #4382, #5044 ) ) ;
#3563 = DIRECTION ( 'NONE',  ( 0.0000000000000000000, 0.0000000000000000000, 1.000000000000000000 ) ) ;
#3564 = LINE ( 'NONE', #6346, #6020 ) ;
#3565 = ORIENTED_EDGE ( 'NONE', *, *, #1101, .F. ) ;
#3566 = DIRECTION ( 'NONE',  ( 1.000000000000000000, 0.0000000000000000000, -0.0000000000000000000 ) ) ;
#3567 = DIRECTION ( 'NONE',  ( -2.891205795222149400E-015, -0.0000000000000000000, -1.000000000000000000 ) ) ;
#3568 = CARTESIAN_POINT ( 'NONE',  ( -1.000000000281249200, 1.200000000000000000, -1.899999999925000100 ) ) ;
#3569 = PLANE ( 'NONE',  #2076 ) ;
#3570 = CIRCLE ( 'NONE', #3489, 0.2749999999999996300 ) ;
#3571 = EDGE_LOOP ( 'NONE', ( #410, #3535, #2209, #7916 ) ) ;
#3572 = DIRECTION ( 'NONE',  ( 0.0000000000000000000, 0.0000000000000000000, 1.000000000000000000 ) ) ;
#3573 = VERTEX_POINT ( 'NONE', #6216 ) ;
#3574 = FACE_OUTER_BOUND ( 'NONE', #3451, .T. ) ;
#3575 = ORIENTED_EDGE ( 'NONE', *, *, #1954, .F. ) ;
#3576 = ORIENTED_EDGE ( 'NONE', *, *, #2353, .T. ) ;
#3577 = CARTESIAN_POINT ( 'NONE',  ( -2.600000000468750000, 0.7999999999999999300, 0.7999999997750000300 ) ) ;
#3578 = EDGE_CURVE ( 'NONE', #93, #600, #2075, .T. ) ;
#3579 = CARTESIAN_POINT ( 'NONE',  ( 0.3249999999999990100, 0.7499999999999998900, -0.5232233048283635400 ) ) ;
#3580 = LINE ( 'NONE', #3047, #6231 ) ;
#3581 = VERTEX_POINT ( 'NONE', #5564 ) ;
#3582 = ORIENTED_EDGE ( 'NONE', *, *, #6272, .T. ) ;
#3583 = AXIS2_PLACEMENT_3D ( 'NONE', #5669, #2067, #2088 ) ;
#3584 = VECTOR ( 'NONE', #2635, 1000.000000000000000 ) ;
#3585 = EDGE_CURVE ( 'NONE', #2203, #7433, #2161, .T. ) ;
#3586 = DIRECTION ( 'NONE',  ( 0.0000000000000000000, 0.0000000000000000000, -1.000000000000000000 ) ) ;
#3587 = CARTESIAN_POINT ( 'NONE',  ( 1.051954401941374200, 0.9499999999999936300, 1.099135055248403600 ) ) ;
#3588 = ORIENTED_EDGE ( 'NONE', *, *, #4963, .T. ) ;
#3589 = FACE_OUTER_BOUND ( 'NONE', #5062, .T. ) ;
#3590 = EDGE_CURVE ( 'NONE', #4829, #255, #3477, .T. ) ;
#3591 = CARTESIAN_POINT ( 'NONE',  ( -2.692632698070846200, 0.09999999999999993600, -0.5499999999499998200 ) ) ;
#3592 = EDGE_CURVE ( 'NONE', #7190, #4894, #2932, .T. ) ;
#3593 = CARTESIAN_POINT ( 'NONE',  ( -1.051475843957225600, 0.9463208992064710000, 1.096047923129494800 ) ) ;
#3594 = LINE ( 'NONE', #2248, #4743 ) ;
#3595 = ORIENTED_EDGE ( 'NONE', *, *, #7191, .F. ) ;
#3596 = DIRECTION ( 'NONE',  ( 0.0000000000000000000, 0.0000000000000000000, -1.000000000000000000 ) ) ;
#3597 = FACE_OUTER_BOUND ( 'NONE', #6868, .T. ) ;
#3598 = CARTESIAN_POINT ( 'NONE',  ( 0.3999999999999998000, 0.7999999999999999300, -0.5982233048283635000 ) ) ;
#3599 = ORIENTED_EDGE ( 'NONE', *, *, #1315, .F. ) ;
#3600 = LINE ( 'NONE', #2574, #2870 ) ;
#3601 = AXIS2_PLACEMENT_3D ( 'NONE', #4009, #5328, #2864 ) ;
#3602 = LINE ( 'NONE', #6290, #4460 ) ;
#3603 = ORIENTED_EDGE ( 'NONE', *, *, #3354, .T. ) ;
#3604 = DIRECTION ( 'NONE',  ( 0.0000000000000000000, -0.0000000000000000000, 1.000000000000000000 ) ) ;
#3605 = FACE_OUTER_BOUND ( 'NONE', #4217, .T. ) ;
#3606 = CARTESIAN_POINT ( 'NONE',  ( 2.500000000468747700, 1.200000000000000000, -0.5499999999500010400 ) ) ;
#3607 = FACE_OUTER_BOUND ( 'NONE', #5437, .T. ) ;
#3608 = CARTESIAN_POINT ( 'NONE',  ( 2.175000000000000700, 1.050000000000000000, 1.649999999924999000 ) ) ;
#3609 = ORIENTED_EDGE ( 'NONE', *, *, #5389, .F. ) ;
#3610 = VERTEX_POINT ( 'NONE', #82 ) ;
#3611 = CARTESIAN_POINT ( 'NONE',  ( -2.500000000468749900, 0.7999999999999999300, 0.7999999997750006900 ) ) ;
#3612 = PLANE ( 'NONE',  #5082 ) ;
#3613 = ADVANCED_FACE ( 'NONE', ( #2826 ), #6869, .F. ) ;
#3614 = FACE_OUTER_BOUND ( 'NONE', #1638, .T. ) ;
#3615 = ORIENTED_EDGE ( 'NONE', *, *, #5936, .T. ) ;
#3616 = LINE ( 'NONE', #2115, #96 ) ;
#3617 = ORIENTED_EDGE ( 'NONE', *, *, #3592, .F. ) ;
#3618 = DIRECTION ( 'NONE',  ( 1.000000000000000000, -0.0000000000000000000, -0.0000000000000000000 ) ) ;
#3619 = CARTESIAN_POINT ( 'NONE',  ( -1.109612153947468100, 1.139906666467845000, 1.258485669039685700 ) ) ;
#3620 = CARTESIAN_POINT ( 'NONE',  ( -2.600000000000000500, 0.7999999999999999300, 0.7999999997750000300 ) ) ;
#3621 = ADVANCED_FACE ( 'NONE', ( #123 ), #5629, .F. ) ;
#3622 = CARTESIAN_POINT ( 'NONE',  ( 2.749999999999997800, 1.200000000000000000, -1.200000000150000400 ) ) ;
#3623 = FACE_OUTER_BOUND ( 'NONE', #941, .T. ) ;
#3624 = ORIENTED_EDGE ( 'NONE', *, *, #2300, .F. ) ;
#3625 = DIRECTION ( 'NONE',  ( -0.0000000000000000000, -1.000000000000000000, 0.0000000000000000000 ) ) ;
#3626 = LINE ( 'NONE', #3896, #1381 ) ;
#3627 = ORIENTED_EDGE ( 'NONE', *, *, #6934, .F. ) ;
#3628 = EDGE_CURVE ( 'NONE', #2091, #7792, #3377, .T. ) ;
#3629 = DIRECTION ( 'NONE',  ( 0.0000000000000000000, -1.000000000000000000, 0.0000000000000000000 ) ) ;
#3630 = ORIENTED_EDGE ( 'NONE', *, *, #732, .F. ) ;
#3631 = DIRECTION ( 'NONE',  ( -0.0000000000000000000, 1.000000000000000000, 0.0000000000000000000 ) ) ;
#3632 = EDGE_LOOP ( 'NONE', ( #5265, #3481, #940, #6963, #5379, #789 ) ) ;
#3633 = CARTESIAN_POINT ( 'NONE',  ( -1.525000000000000100, 0.8500000000000007500, -0.2500000001249999500 ) ) ;
#3634 = CARTESIAN_POINT ( 'NONE',  ( -0.3249999999999997900, 0.7999999999999999300, -0.2500000001249999500 ) ) ;
#3635 = ORIENTED_EDGE ( 'NONE', *, *, #5073, .T. ) ;
#3636 = AXIS2_PLACEMENT_3D ( 'NONE', #6923, #1481, #4503 ) ;
#3637 = LINE ( 'NONE', #1334, #1391 ) ;
#3638 = LINE ( 'NONE', #3854, #4298 ) ;
#3639 = EDGE_CURVE ( 'NONE', #5552, #7067, #22, .T. ) ;
#3640 = CARTESIAN_POINT ( 'NONE',  ( -2.249999999999999100, 1.050000000000000000, 1.899999999924999000 ) ) ;
#3641 = DIRECTION ( 'NONE',  ( 0.0000000000000000000, 0.0000000000000000000, 1.000000000000000000 ) ) ;
#3642 = VERTEX_POINT ( 'NONE', #140 ) ;
#3643 = EDGE_CURVE ( 'NONE', #1530, #1800, #5077, .T. ) ;
#3644 = EDGE_CURVE ( 'NONE', #5397, #1923, #4979, .T. ) ;
#3645 = CARTESIAN_POINT ( 'NONE',  ( -2.499999999999999600, 0.5000000000000000000, 0.6999999997749999400 ) ) ;
#3646 = VECTOR ( 'NONE', #2421, 1000.000000000000200 ) ;
#3647 = CARTESIAN_POINT ( 'NONE',  ( 1.999999999999999600, 0.7999999999999999300, -0.5750000001249999700 ) ) ;
#3648 = CARTESIAN_POINT ( 'NONE',  ( 2.250000000000001300, 0.1500000000000000800, 1.899999999924999000 ) ) ;
#3649 = DIRECTION ( 'NONE',  ( -1.065275473255936100E-015, -0.0000000000000000000, 1.000000000000000000 ) ) ;
#3650 = ORIENTED_EDGE ( 'NONE', *, *, #870, .T. ) ;
#3651 = DIRECTION ( 'NONE',  ( -1.597913209883917700E-015, -0.0000000000000000000, -1.000000000000000000 ) ) ;
#3652 = ORIENTED_EDGE ( 'NONE', *, *, #2108, .T. ) ;
#3653 = AXIS2_PLACEMENT_3D ( 'NONE', #352, #5874, #7155 ) ;
#3654 = ADVANCED_FACE ( 'NONE', ( #233 ), #3372, .F. ) ;
#3655 = DIRECTION ( 'NONE',  ( 1.000000000000000000, 0.0000000000000000000, 0.0000000000000000000 ) ) ;
#3656 = FACE_OUTER_BOUND ( 'NONE', #4262, .T. ) ;
#3657 = ORIENTED_EDGE ( 'NONE', *, *, #1636, .F. ) ;
#3658 = CARTESIAN_POINT ( 'NONE',  ( -0.7274999999999998100, 0.0000000000000000000, -0.7000000001249999700 ) ) ;
#3659 = ORIENTED_EDGE ( 'NONE', *, *, #3205, .F. ) ;
#3660 = DIRECTION ( 'NONE',  ( 0.9804998957008328500, -0.1736481776669278900, 0.09201230854408061500 ) ) ;
#3661 = EDGE_LOOP ( 'NONE', ( #6178, #5639, #2292, #2797, #305, #3357, #558, #7786, #520, #1792, #4605, #6629 ) ) ;
#3662 = VECTOR ( 'NONE', #2226, 1000.000000000000100 ) ;
#3663 = DIRECTION ( 'NONE',  ( -1.000000000000000000, 0.0000000000000000000, -2.891205795222147400E-015 ) ) ;
#3664 = ORIENTED_EDGE ( 'NONE', *, *, #1174, .F. ) ;
#3665 = CARTESIAN_POINT ( 'NONE',  ( -2.249999999999999100, 0.1499999999999999700, 1.649999999924999000 ) ) ;
#3666 = CIRCLE ( 'NONE', #4033, 0.1500000000000001900 ) ;
#3667 = CARTESIAN_POINT ( 'NONE',  ( 2.074999999999999700, 0.7999999999999999300, -0.2500000001249999500 ) ) ;
#3668 = ORIENTED_EDGE ( 'NONE', *, *, #1752, .T. ) ;
#3669 = PLANE ( 'NONE',  #211 ) ;
#3670 = CARTESIAN_POINT ( 'NONE',  ( -1.672499999999999700, 0.0000000000000000000, 0.0000000000000000000 ) ) ;
#3671 = CARTESIAN_POINT ( 'NONE',  ( 2.500000000468749900, 0.7999999999999999300, -0.3500000001250008200 ) ) ;
#3672 = DIRECTION ( 'NONE',  ( -0.7595443692498170500, -0.6427876096865423600, 0.09958132342140771400 ) ) ;
#3673 = DIRECTION ( 'NONE',  ( -0.0000000000000000000, 1.000000000000000000, -0.0000000000000000000 ) ) ;
#3674 = CARTESIAN_POINT ( 'NONE',  ( -1.674999999999988500, 0.5999999999999999800, -0.7000000001249999700 ) ) ;
#3675 = EDGE_CURVE ( 'NONE', #1264, #5914, #3739, .T. ) ;
#3676 = VECTOR ( 'NONE', #1186, 999.9999999999998900 ) ;
#3677 = EDGE_LOOP ( 'NONE', ( #5033, #1616, #2666, #4213 ) ) ;
#3678 = LINE ( 'NONE', #2642, #2280 ) ;
#3679 = VECTOR ( 'NONE', #5517, 1000.000000000000000 ) ;
#3680 = CARTESIAN_POINT ( 'NONE',  ( -0.3249999999999992900, 0.5999999999999999800, 1.649999999924999000 ) ) ;
#3681 = ORIENTED_EDGE ( 'NONE', *, *, #718, .T. ) ;
#3682 = DIRECTION ( 'NONE',  ( 1.000000000000000000, 0.0000000000000000000, 1.708405683830588100E-016 ) ) ;
#3683 = ORIENTED_EDGE ( 'NONE', *, *, #1217, .F. ) ;
#3684 = EDGE_CURVE ( 'NONE', #6881, #2374, #3918, .T. ) ;
#3685 = PRESENTATION_STYLE_ASSIGNMENT (( #983 ) ) ;
#3686 = ORIENTED_EDGE ( 'NONE', *, *, #4103, .T. ) ;
#3687 = CARTESIAN_POINT ( 'NONE',  ( 2.674999999999999400, 0.0000000000000000000, 0.5660254035594382000 ) ) ;
#3688 = ORIENTED_EDGE ( 'NONE', *, *, #5627, .T. ) ;
#3689 = ADVANCED_FACE ( 'NONE', ( #6683 ), #6300, .F. ) ;
#3690 = FACE_OUTER_BOUND ( 'NONE', #6528, .T. ) ;
#3691 = CARTESIAN_POINT ( 'NONE',  ( -0.1499999999999990500, 1.049999999999999800, 1.649999999924999000 ) ) ;
#3692 = ORIENTED_EDGE ( 'NONE', *, *, #1521, .F. ) ;
#3693 = LINE ( 'NONE', #3114, #63 ) ;
#3694 = ORIENTED_EDGE ( 'NONE', *, *, #3555, .F. ) ;
#3695 = EDGE_CURVE ( 'NONE', #7105, #1457, #6500, .T. ) ;
#3696 = DIRECTION ( 'NONE',  ( 0.0000000000000000000, 0.0000000000000000000, -1.000000000000000000 ) ) ;
#3697 = DIRECTION ( 'NONE',  ( 0.0000000000000000000, 0.0000000000000000000, 1.000000000000000000 ) ) ;
#3698 = LINE ( 'NONE', #3413, #1453 ) ;
#3699 = EDGE_CURVE ( 'NONE', #6004, #4337, #1878, .T. ) ;
#3700 = CARTESIAN_POINT ( 'NONE',  ( -1.047348146619413000, 1.060037016659558500, 1.191467075343293400 ) ) ;
#3701 = EDGE_CURVE ( 'NONE', #7775, #3994, #7547, .T. ) ;
#3702 = ADVANCED_FACE ( 'NONE', ( #6779 ), #3311, .F. ) ;
#3703 = CARTESIAN_POINT ( 'NONE',  ( -1.700709290704810800E-016, 0.7499999999999998900, -0.4000000001249997500 ) ) ;
#3704 = DIRECTION ( 'NONE',  ( -0.0000000000000000000, 1.000000000000000000, -0.0000000000000000000 ) ) ;
#3705 = ORIENTED_EDGE ( 'NONE', *, *, #718, .F. ) ;
#3706 = ORIENTED_EDGE ( 'NONE', *, *, #6991, .F. ) ;
#3707 = LINE ( 'NONE', #4283, #3333 ) ;
#3708 = DIRECTION ( 'NONE',  ( 0.0000000000000000000, 0.0000000000000000000, -1.000000000000000000 ) ) ;
#3709 = ORIENTED_EDGE ( 'NONE', *, *, #5989, .T. ) ;
#3710 = CARTESIAN_POINT ( 'NONE',  ( 0.0000000000000000000, 0.0000000000000000000, -0.7000000001249999700 ) ) ;
#3711 = PLANE ( 'NONE',  #2961 ) ;
#3712 = VECTOR ( 'NONE', #824, 1000.000000000000000 ) ;
#3713 = ORIENTED_EDGE ( 'NONE', *, *, #3675, .F. ) ;
#3714 = DIRECTION ( 'NONE',  ( 6.505213034913023400E-015, 0.0000000000000000000, -1.000000000000000000 ) ) ;
#3715 = CARTESIAN_POINT ( 'NONE',  ( -2.500000000468749500, 0.1000000000000000500, -0.4499999999499997800 ) ) ;
#3716 = LINE ( 'NONE', #3143, #488 ) ;
#3717 = ORIENTED_EDGE ( 'NONE', *, *, #820, .F. ) ;
#3718 = DIRECTION ( 'NONE',  ( 1.000000000000000000, 0.0000000000000000000, -3.989863994746652500E-014 ) ) ;
#3719 = ORIENTED_EDGE ( 'NONE', *, *, #6027, .F. ) ;
#3720 = ORIENTED_EDGE ( 'NONE', *, *, #7913, .T. ) ;
#3721 = ORIENTED_EDGE ( 'NONE', *, *, #7522, .F. ) ;
#3722 = DIRECTION ( 'NONE',  ( -0.0000000000000000000, 1.000000000000000000, -0.0000000000000000000 ) ) ;
#3723 = ORIENTED_EDGE ( 'NONE', *, *, #2002, .F. ) ;
#3724 = DIRECTION ( 'NONE',  ( 1.587276273760931000E-015, 0.0000000000000000000, -1.000000000000000000 ) ) ;
#3725 = ORIENTED_EDGE ( 'NONE', *, *, #7414, .F. ) ;
#3726 = ADVANCED_FACE ( 'NONE', ( #7742 ), #6583, .F. ) ;
#3727 = EDGE_CURVE ( 'NONE', #5906, #4111, #6110, .T. ) ;
#3728 = EDGE_CURVE ( 'NONE', #1925, #2285, #2916, .T. ) ;
#3729 = ORIENTED_EDGE ( 'NONE', *, *, #1278, .T. ) ;
#3730 = CARTESIAN_POINT ( 'NONE',  ( 1.431549515515465600, 0.1916241327089960900, 0.4627821447107718400 ) ) ;
#3731 = CONICAL_SURFACE ( 'NONE', #1260, 0.1500000000000001900, 0.1745329251994303400 ) ;
#3732 = CARTESIAN_POINT ( 'NONE',  ( -1.049999999999998900, 1.049999999999999800, 1.649999999924999000 ) ) ;
#3733 = DIRECTION ( 'NONE',  ( 0.1299941854756607500, 0.0000000000000000000, -0.9915147561900021800 ) ) ;
#3734 = ORIENTED_EDGE ( 'NONE', *, *, #3941, .F. ) ;
#3735 =( BOUNDED_CURVE ( )  B_SPLINE_CURVE ( 3, ( #4043, #6403, #5211, #7719 ),
 .UNSPECIFIED., .F., .F. ) 
 B_SPLINE_CURVE_WITH_KNOTS ( ( 4, 4 ),
 ( 3.141592653589792700, 4.188790204786373600 ),
 .UNSPECIFIED. ) 
 CURVE ( )  GEOMETRIC_REPRESENTATION_ITEM ( )  RATIONAL_B_SPLINE_CURVE ( ( 1.000000000000000000, 0.9106836025229618800, 0.9106836025229618800, 1.000000000000000000 ) ) 
 REPRESENTATION_ITEM ( '' )  );
#3736 = PLANE ( 'NONE',  #35 ) ;
#3737 = AXIS2_PLACEMENT_3D ( 'NONE', #4888, #5398, #4255 ) ;
#3738 = ORIENTED_EDGE ( 'NONE', *, *, #6048, .T. ) ;
#3739 = LINE ( 'NONE', #767, #4119 ) ;
#3740 = EDGE_CURVE ( 'NONE', #2328, #7740, #3279, .T. ) ;
#3741 = FACE_OUTER_BOUND ( 'NONE', #5393, .T. ) ;
#3742 = EDGE_CURVE ( 'NONE', #7904, #2733, #2734, .T. ) ;
#3743 = VERTEX_POINT ( 'NONE', #1475 ) ;
#3744 = EDGE_CURVE ( 'NONE', #2980, #5143, #4876, .T. ) ;
#3745 = VERTEX_POINT ( 'NONE', #3340 ) ;
#3746 = DIRECTION ( 'NONE',  ( -0.7071067811865483500, 0.0000000000000000000, 0.7071067811865468000 ) ) ;
#3747 = DIRECTION ( 'NONE',  ( -0.0000000000000000000, -1.000000000000000000, -0.0000000000000000000 ) ) ;
#3748 = CARTESIAN_POINT ( 'NONE',  ( -2.600000000468750000, 0.7999999999999999300, 0.9732701105718156700 ) ) ;
#3749 = CARTESIAN_POINT ( 'NONE',  ( 0.3250000000000004600, 0.5999999999999999800, 1.399999999924999000 ) ) ;
#3750 = VECTOR ( 'NONE', #646, 1000.000000000000000 ) ;
#3751 = DIRECTION ( 'NONE',  ( -1.000000000000000000, 0.0000000000000000000, 0.0000000000000000000 ) ) ;
#3752 = EDGE_LOOP ( 'NONE', ( #5275, #7156, #4639 ) ) ;
#3753 = AXIS2_PLACEMENT_3D ( 'NONE', #770, #1912, #6841 ) ;
#3754 = CARTESIAN_POINT ( 'NONE',  ( 2.295710678118655100, 0.7999999999999999300, -0.2792893220063453800 ) ) ;
#3755 = DIRECTION ( 'NONE',  ( 1.000000000000000000, 0.0000000000000000000, 0.0000000000000000000 ) ) ;
#3756 = VERTEX_POINT ( 'NONE', #7589 ) ;
#3757 = ORIENTED_EDGE ( 'NONE', *, *, #2857, .F. ) ;
#3758 = PLANE ( 'NONE',  #4766 ) ;
#3759 = LINE ( 'NONE', #4406, #5762 ) ;
#3760 = EDGE_CURVE ( 'NONE', #155, #6004, #4592, .T. ) ;
#3761 = ORIENTED_EDGE ( 'NONE', *, *, #896, .T. ) ;
#3762 = ADVANCED_FACE ( 'NONE', ( #5931 ), #5774, .F. ) ;
#3763 = AXIS2_PLACEMENT_3D ( 'NONE', #5129, #4556, #4010 ) ;
#3764 = ORIENTED_EDGE ( 'NONE', *, *, #5572, .F. ) ;
#3765 = LINE ( 'NONE', #2998, #7773 ) ;
#3766 = DIRECTION ( 'NONE',  ( -0.0000000000000000000, -1.000000000000000000, -0.0000000000000000000 ) ) ;
#3767 = ORIENTED_EDGE ( 'NONE', *, *, #5149, .F. ) ;
#3768 = VERTEX_POINT ( 'NONE', #7666 ) ;
#3769 = CARTESIAN_POINT ( 'NONE',  ( 2.175000000468748900, 0.8189695520413333700, 0.8499999997749972900 ) ) ;
#3770 = CARTESIAN_POINT ( 'NONE',  ( -0.3999999999999998000, 0.7999999999999999300, -0.5982233048283635000 ) ) ;
#3771 = CARTESIAN_POINT ( 'NONE',  ( 0.0000000000000000000, 0.5999999999999999800, -0.7000000001249999700 ) ) ;
#3772 = VERTEX_POINT ( 'NONE', #7028 ) ;
#3773 = DIRECTION ( 'NONE',  ( -0.0000000000000000000, -1.000000000000000000, -0.0000000000000000000 ) ) ;
#3774 = EDGE_CURVE ( 'NONE', #1222, #7190, #1096, .T. ) ;
#3775 = DIRECTION ( 'NONE',  ( 0.0000000000000000000, -0.0000000000000000000, 1.000000000000000000 ) ) ;
#3776 = LINE ( 'NONE', #4428, #2198 ) ;
#3777 = VERTEX_POINT ( 'NONE', #6513 ) ;
#3778 = DIRECTION ( 'NONE',  ( -1.597913209883917700E-015, 0.0000000000000000000, 1.000000000000000000 ) ) ;
#3779 = ORIENTED_EDGE ( 'NONE', *, *, #7835, .F. ) ;
#3780 = VECTOR ( 'NONE', #3431, 1000.000000000000000 ) ;
#3781 = ORIENTED_EDGE ( 'NONE', *, *, #1844, .F. ) ;
#3782 = DIRECTION ( 'NONE',  ( -0.0000000000000000000, 1.000000000000000000, -0.0000000000000000000 ) ) ;
#3783 = DIRECTION ( 'NONE',  ( 0.0000000000000000000, 0.0000000000000000000, -1.000000000000000000 ) ) ;
#3784 = CARTESIAN_POINT ( 'NONE',  ( -2.750000000000000000, 0.4253461364713256300, -0.5499999999499998200 ) ) ;
#3785 = LINE ( 'NONE', #7200, #4738 ) ;
#3786 = EDGE_CURVE ( 'NONE', #2580, #17, #7176, .T. ) ;
#3787 = ORIENTED_EDGE ( 'NONE', *, *, #4658, .F. ) ;
#3788 = LINE ( 'NONE', #5035, #6253 ) ;
#3789 = EDGE_CURVE ( 'NONE', #3483, #6479, #7650, .T. ) ;
#3790 = ORIENTED_EDGE ( 'NONE', *, *, #7417, .T. ) ;
#3791 = LINE ( 'NONE', #1337, #381 ) ;
#3792 = LINE ( 'NONE', #5717, #6551 ) ;
#3793 = ORIENTED_EDGE ( 'NONE', *, *, #7175, .T. ) ;
#3794 = AXIS2_PLACEMENT_3D ( 'NONE', #1637, #7693, #4674 ) ;
#3795 = DIRECTION ( 'NONE',  ( -0.7071067811865495700, 0.0000000000000000000, -0.7071067811865454600 ) ) ;
#3796 = ORIENTED_EDGE ( 'NONE', *, *, #7071, .T. ) ;
#3797 = DIRECTION ( 'NONE',  ( 0.0000000000000000000, -0.9659258262890680900, -0.2588190451025214600 ) ) ;
#3798 = CARTESIAN_POINT ( 'NONE',  ( 0.9750000000000010900, 1.050000000000000000, 1.899999999924998600 ) ) ;
#3799 = EDGE_CURVE ( 'NONE', #1839, #228, #6203, .T. ) ;
#3800 = DIRECTION ( 'NONE',  ( 1.000000000000000000, -0.0000000000000000000, 2.891205795222149400E-015 ) ) ;
#3801 = CARTESIAN_POINT ( 'NONE',  ( 1.050000000000000900, 0.1500000000000000800, 1.649999999924999000 ) ) ;
#3802 = CARTESIAN_POINT ( 'NONE',  ( 0.0000000000000000000, 0.7499999999999998900, 0.0000000000000000000 ) ) ;
#3803 = LINE ( 'NONE', #4223, #5709 ) ;
#3804 = VERTEX_POINT ( 'NONE', #417 ) ;
#3805 = ADVANCED_FACE ( 'NONE', ( #704 ), #5212, .F. ) ;
#3806 = VECTOR ( 'NONE', #7827, 1000.000000000000200 ) ;
#3807 = ORIENTED_EDGE ( 'NONE', *, *, #3728, .T. ) ;
#3808 = DIRECTION ( 'NONE',  ( 0.0000000000000000000, 0.0000000000000000000, -1.000000000000000000 ) ) ;
#3809 = ORIENTED_EDGE ( 'NONE', *, *, #2591, .F. ) ;
#3810 = DIRECTION ( 'NONE',  ( 0.0000000000000000000, 0.0000000000000000000, 1.000000000000000000 ) ) ;
#3811 = DIRECTION ( 'NONE',  ( -0.0000000000000000000, -0.0000000000000000000, -1.000000000000000000 ) ) ;
#3812 = CARTESIAN_POINT ( 'NONE',  ( 1.200000000000000400, 0.7999999999999999300, 1.074999999925000600 ) ) ;
#3813 = ORIENTED_EDGE ( 'NONE', *, *, #1438, .F. ) ;
#3814 = LINE ( 'NONE', #4242, #5433 ) ;
#3815 = ORIENTED_EDGE ( 'NONE', *, *, #5989, .F. ) ;
#3816 = ADVANCED_FACE ( 'NONE', ( #1298 ), #6404, .F. ) ;
#3817 = DIRECTION ( 'NONE',  ( 0.0000000000000000000, -1.000000000000000000, 0.0000000000000000000 ) ) ;
#3818 = VECTOR ( 'NONE', #61, 1000.000000000000000 ) ;
#3819 = ORIENTED_EDGE ( 'NONE', *, *, #1790, .F. ) ;
#3820 = ORIENTED_EDGE ( 'NONE', *, *, #5323, .F. ) ;
#3821 = VERTEX_POINT ( 'NONE', #957 ) ;
#3822 = VECTOR ( 'NONE', #7342, 1000.000000000000000 ) ;
#3823 = FACE_OUTER_BOUND ( 'NONE', #5179, .T. ) ;
#3824 = DIRECTION ( 'NONE',  ( -0.1299941854756607500, 0.0000000000000000000, -0.9915147561900021800 ) ) ;
#3825 = DIRECTION ( 'NONE',  ( -1.065275473255936100E-015, 0.0000000000000000000, -1.000000000000000000 ) ) ;
#3826 = ORIENTED_EDGE ( 'NONE', *, *, #7662, .T. ) ;
#3827 = AXIS2_PLACEMENT_3D ( 'NONE', #3524, #4761, #1797 ) ;
#3828 = LINE ( 'NONE', #5392, #6675 ) ;
#3829 = EDGE_CURVE ( 'NONE', #5404, #2091, #6877, .T. ) ;
#3830 = EDGE_CURVE ( 'NONE', #3142, #6287, #7353, .T. ) ;
#3831 = ORIENTED_EDGE ( 'NONE', *, *, #3590, .F. ) ;
#3832 = CARTESIAN_POINT ( 'NONE',  ( -2.350000000468750000, 0.9499999999999936300, 1.224999999925000500 ) ) ;
#3833 =( BOUNDED_CURVE ( )  B_SPLINE_CURVE ( 3, ( #7907, #36, #1304, #5472 ),
 .UNSPECIFIED., .F., .T. ) 
 B_SPLINE_CURVE_WITH_KNOTS ( ( 4, 4 ),
 ( 4.712388980384690600, 6.283185307179586200 ),
 .UNSPECIFIED. ) 
 CURVE ( )  GEOMETRIC_REPRESENTATION_ITEM ( )  RATIONAL_B_SPLINE_CURVE ( ( 1.000000000000000000, 0.8047378541243652700, 0.8047378541243652700, 1.000000000000000000 ) ) 
 REPRESENTATION_ITEM ( '' )  );
#3834 = ORIENTED_EDGE ( 'NONE', *, *, #1050, .T. ) ;
#3835 = CARTESIAN_POINT ( 'NONE',  ( -1.299999999687508200, 1.200000000000000000, 0.7999999997750038000 ) ) ;
#3836 = LINE ( 'NONE', #2432, #6687 ) ;
#3837 = ORIENTED_EDGE ( 'NONE', *, *, #2550, .F. ) ;
#3838 = ADVANCED_FACE ( 'NONE', ( #2729, #3912 ), #3452, .T. ) ;
#3839 = EDGE_CURVE ( 'NONE', #3821, #872, #1091, .T. ) ;
#3840 = EDGE_CURVE ( 'NONE', #815, #1474, #2338, .T. ) ;
#3841 = EDGE_CURVE ( 'NONE', #2573, #7149, #6970, .T. ) ;
#3842 = LINE ( 'NONE', #6890, #7274 ) ;
#3843 = EDGE_LOOP ( 'NONE', ( #6376, #4739, #3826, #5037 ) ) ;
#3844 = ADVANCED_FACE ( 'NONE', ( #1195 ), #331, .F. ) ;
#3845 = CARTESIAN_POINT ( 'NONE',  ( 2.197193853384644200, 0.8939695520413333300, 1.052119927031593500 ) ) ;
#3846 = AXIS2_PLACEMENT_3D ( 'NONE', #4270, #1894, #6098 ) ;
#3847 = VECTOR ( 'NONE', #6703, 1000.000000000000000 ) ;
#3848 = ORIENTED_EDGE ( 'NONE', *, *, #448, .F. ) ;
#3849 = ORIENTED_EDGE ( 'NONE', *, *, #6854, .F. ) ;
#3850 = DIRECTION ( 'NONE',  ( -0.0000000000000000000, -1.000000000000000000, -0.0000000000000000000 ) ) ;
#3851 = CARTESIAN_POINT ( 'NONE',  ( -1.672499999999999700, 0.0000000000000000000, -0.4000000001250000900 ) ) ;
#3852 = LINE ( 'NONE', #2989, #4140 ) ;
#3853 = ORIENTED_EDGE ( 'NONE', *, *, #5282, .F. ) ;
#3854 = CARTESIAN_POINT ( 'NONE',  ( 1.363665725990659900, 1.200000000000000000, 1.319662964337220900 ) ) ;
#3855 = VECTOR ( 'NONE', #1164, 1000.000000000000000 ) ;
#3856 = DIRECTION ( 'NONE',  ( 0.0000000000000000000, -1.000000000000000000, -0.0000000000000000000 ) ) ;
#3857 = AXIS2_PLACEMENT_3D ( 'NONE', #3979, #944, #5134 ) ;
#3858 = LINE ( 'NONE', #7595, #2283 ) ;
#3859 = VECTOR ( 'NONE', #641, 1000.000000000000000 ) ;
#3860 = EDGE_LOOP ( 'NONE', ( #3064, #1952, #2013, #2731, #4613, #3487, #1975 ) ) ;
#3861 = ORIENTED_EDGE ( 'NONE', *, *, #6585, .F. ) ;
#3862 = ORIENTED_EDGE ( 'NONE', *, *, #1653, .F. ) ;
#3863 = PLANE ( 'NONE',  #3154 ) ;
#3864 = CARTESIAN_POINT ( 'NONE',  ( -2.200656147411876400, 0.8500000000000013100, 1.089014761932505700 ) ) ;
#3865 = ORIENTED_EDGE ( 'NONE', *, *, #5419, .F. ) ;
#3866 = AXIS2_PLACEMENT_3D ( 'NONE', #6840, #5658, #2074 ) ;
#3867 = VECTOR ( 'NONE', #5252, 1000.000000000000000 ) ;
#3868 = DIRECTION ( 'NONE',  ( -0.0000000000000000000, 1.000000000000000000, -0.0000000000000000000 ) ) ;
#3869 = CARTESIAN_POINT ( 'NONE',  ( -1.000000000281250100, 1.200000000000000000, -1.600000000125000100 ) ) ;
#3870 = CARTESIAN_POINT ( 'NONE',  ( -1.674999999999995800, 0.0000000000000000000, -0.7000000001249999700 ) ) ;
#3871 = EDGE_CURVE ( 'NONE', #873, #3917, #3083, .T. ) ;
#3872 = ORIENTED_EDGE ( 'NONE', *, *, #220, .F. ) ;
#3873 = EDGE_CURVE ( 'NONE', #5004, #6561, #5258, .T. ) ;
#3874 = LINE ( 'NONE', #2420, #6730 ) ;
#3875 = VECTOR ( 'NONE', #6415, 1000.000000000000000 ) ;
#3876 = EDGE_LOOP ( 'NONE', ( #7489, #6648, #4648, #6680 ) ) ;
#3877 = ADVANCED_FACE ( 'NONE', ( #5840 ), #1486, .F. ) ;
#3878 = VECTOR ( 'NONE', #4061, 1000.000000000000000 ) ;
#3879 = DIRECTION ( 'NONE',  ( 0.0000000000000000000, 0.0000000000000000000, -1.000000000000000000 ) ) ;
#3880 = AXIS2_PLACEMENT_3D ( 'NONE', #7621, #4581, #3315 ) ;
#3881 = ORIENTED_EDGE ( 'NONE', *, *, #2107, .F. ) ;
#3882 = CARTESIAN_POINT ( 'NONE',  ( -0.2249999999999989500, 1.050000000000000000, 1.649999999924999000 ) ) ;
#3883 = VERTEX_POINT ( 'NONE', #2976 ) ;
#3884 = CARTESIAN_POINT ( 'NONE',  ( 2.220365778345201800, 0.7999999999999999300, 0.8499999997749972900 ) ) ;
#3885 = DIRECTION ( 'NONE',  ( 0.0000000000000000000, 1.000000000000000000, 0.0000000000000000000 ) ) ;
#3886 = EDGE_CURVE ( 'NONE', #7047, #3309, #5446, .T. ) ;
#3887 = ADVANCED_FACE ( 'NONE', ( #1002 ), #5653, .F. ) ;
#3888 = LINE ( 'NONE', #201, #5224 ) ;
#3889 = EDGE_CURVE ( 'NONE', #885, #2094, #7544, .T. ) ;
#3890 = EDGE_CURVE ( 'NONE', #4385, #4372, #693, .T. ) ;
#3891 = ORIENTED_EDGE ( 'NONE', *, *, #3916, .F. ) ;
#3892 = DIRECTION ( 'NONE',  ( -1.000000000000000000, 0.0000000000000000000, -2.130550946511894600E-015 ) ) ;
#3893 = LINE ( 'NONE', #3376, #4940 ) ;
#3894 = ORIENTED_EDGE ( 'NONE', *, *, #7168, .F. ) ;
#3895 = FACE_OUTER_BOUND ( 'NONE', #1885, .T. ) ;
#3896 = CARTESIAN_POINT ( 'NONE',  ( -2.600000000468750000, 0.7999999999999999300, 0.9732701105718156700 ) ) ;
#3897 = AXIS2_PLACEMENT_3D ( 'NONE', #7561, #6606, #3000 ) ;
#3898 = ORIENTED_EDGE ( 'NONE', *, *, #4393, .T. ) ;
#3899 = VECTOR ( 'NONE', #1905, 1000.000000000000000 ) ;
#3900 = ORIENTED_EDGE ( 'NONE', *, *, #7216, .T. ) ;
#3901 = CARTESIAN_POINT ( 'NONE',  ( 1.672500000000000100, 0.0000000000000000000, 0.0000000000000000000 ) ) ;
#3902 = ORIENTED_EDGE ( 'NONE', *, *, #2819, .T. ) ;
#3903 = ORIENTED_EDGE ( 'NONE', *, *, #492, .F. ) ;
#3904 = ORIENTED_EDGE ( 'NONE', *, *, #6588, .T. ) ;
#3905 = DIRECTION ( 'NONE',  ( 1.000000000000000000, -0.0000000000000000000, 7.228014483236778800E-015 ) ) ;
#3906 = PLANE ( 'NONE',  #4865 ) ;
#3907 = DIRECTION ( 'NONE',  ( 1.000000000000000000, 0.0000000000000000000, 0.0000000000000000000 ) ) ;
#3908 = ORIENTED_EDGE ( 'NONE', *, *, #5136, .F. ) ;
#3909 = DIRECTION ( 'NONE',  ( 0.0000000000000000000, 0.0000000000000000000, 1.000000000000000000 ) ) ;
#3910 = VERTEX_POINT ( 'NONE', #1087 ) ;
#3911 = ORIENTED_EDGE ( 'NONE', *, *, #4046, .T. ) ;
#3912 = FACE_OUTER_BOUND ( 'NONE', #4860, .T. ) ;
#3913 = ADVANCED_FACE ( 'NONE', ( #4496 ), #3731, .F. ) ;
#3914 = DIRECTION ( 'NONE',  ( 0.0000000000000000000, 0.0000000000000000000, 1.000000000000000000 ) ) ;
#3915 = EDGE_LOOP ( 'NONE', ( #6351, #5292, #3420, #1573 ) ) ;
#3916 = EDGE_CURVE ( 'NONE', #5726, #4767, #7455, .T. ) ;
#3917 = VERTEX_POINT ( 'NONE', #4730 ) ;
#3918 = LINE ( 'NONE', #7557, #429 ) ;
#3919 = CARTESIAN_POINT ( 'NONE',  ( 0.0000000000000000000, 0.7499999999999998900, 0.0000000000000000000 ) ) ;
#3920 = ADVANCED_FACE ( 'NONE', ( #6297 ), #2907, .T. ) ;
#3921 = CARTESIAN_POINT ( 'NONE',  ( -1.924999999999995400, 0.5999999999999999800, -0.7000000001249999700 ) ) ;
#3922 = CYLINDRICAL_SURFACE ( 'NONE', #7918, 0.1000000000000000500 ) ;
#3923 = CARTESIAN_POINT ( 'NONE',  ( 1.200000000000000400, 1.200000000000000000, 1.074999999925000600 ) ) ;
#3924 = ORIENTED_EDGE ( 'NONE', *, *, #4468, .T. ) ;
#3925 = AXIS2_PLACEMENT_3D ( 'NONE', #2534, #1344, #3775 ) ;
#3926 = EDGE_LOOP ( 'NONE', ( #4448, #7446, #2467, #43, #2246, #4196, #2274, #3615, #4736, #2569, #3556, #2426 ) ) ;
#3927 = EDGE_CURVE ( 'NONE', #678, #5552, #5925, .T. ) ;
#3928 = DIRECTION ( 'NONE',  ( -0.0000000000000000000, -1.000000000000000000, -0.0000000000000000000 ) ) ;
#3929 = LINE ( 'NONE', #2557, #6313 ) ;
#3930 = ORIENTED_EDGE ( 'NONE', *, *, #1158, .T. ) ;
#3931 = DIRECTION ( 'NONE',  ( 0.7071067811865475700, -0.7071067811865475700, 2.044391223607425300E-015 ) ) ;
#3932 = DIRECTION ( 'NONE',  ( -1.000000000000000000, -0.0000000000000000000, -0.0000000000000000000 ) ) ;
#3933 = CARTESIAN_POINT ( 'NONE',  ( -1.349999999687499200, 0.1000000000000000500, -1.899999999925000100 ) ) ;
#3934 = CARTESIAN_POINT ( 'NONE',  ( 1.199999999999999700, 0.7999999999999999300, -0.3750000001249989600 ) ) ;
#3935 = DIRECTION ( 'NONE',  ( 1.000000000000000000, -0.0000000000000000000, -1.084202172180573300E-016 ) ) ;
#3936 = CARTESIAN_POINT ( 'NONE',  ( -2.500000000468749900, 0.7999999999999999300, 0.9732701105718156700 ) ) ;
#3937 = VECTOR ( 'NONE', #3551, 1000.000000000000000 ) ;
#3938 = CARTESIAN_POINT ( 'NONE',  ( 2.500000000468749900, 1.200000000000000000, -0.3500000001250008200 ) ) ;
#3939 = VERTEX_POINT ( 'NONE', #7798 ) ;
#3940 = AXIS2_PLACEMENT_3D ( 'NONE', #5823, #319, #2842 ) ;
#3941 = EDGE_CURVE ( 'NONE', #2365, #7438, #1683, .T. ) ;
#3942 = ORIENTED_EDGE ( 'NONE', *, *, #7252, .T. ) ;
#3943 = EDGE_CURVE ( 'NONE', #4571, #1726, #5071, .T. ) ;
#3944 = VECTOR ( 'NONE', #199, 1000.000000000000000 ) ;
#3945 = EDGE_LOOP ( 'NONE', ( #53, #3531, #2988, #2614, #1681, #4797, #6660, #1335, #6086, #2414, #6928, #3001, #1672, #7605, #7410 ) ) ;
#3946 = VECTOR ( 'NONE', #39, 1000.000000000000000 ) ;
#3947 = DIRECTION ( 'NONE',  ( 0.0000000000000000000, -1.000000000000000000, 0.0000000000000000000 ) ) ;
#3948 = DIRECTION ( 'NONE',  ( 0.0000000000000000000, 0.0000000000000000000, -1.000000000000000000 ) ) ;
#3949 = PLANE ( 'NONE',  #7307 ) ;
#3950 = PLANE ( 'NONE',  #5332 ) ;
#3951 = AXIS2_PLACEMENT_3D ( 'NONE', #4139, #2969, #3566 ) ;
#3952 = DIRECTION ( 'NONE',  ( -0.0000000000000000000, 1.000000000000000000, -0.0000000000000000000 ) ) ;
#3953 = ADVANCED_FACE ( 'NONE', ( #7170 ), #1170, .F. ) ;
#3954 = LINE ( 'NONE', #2581, #6042 ) ;
#3955 = ORIENTED_EDGE ( 'NONE', *, *, #7872, .F. ) ;
#3956 = ORIENTED_EDGE ( 'NONE', *, *, #7675, .F. ) ;
#3957 = LINE ( 'NONE', #1847, #6814 ) ;
#3958 = CARTESIAN_POINT ( 'NONE',  ( 1.350000000000001200, 1.049999999999999800, 1.649999999924999000 ) ) ;
#3959 = DIRECTION ( 'NONE',  ( -0.0000000000000000000, -0.0000000000000000000, 1.000000000000000000 ) ) ;
#3960 = ORIENTED_EDGE ( 'NONE', *, *, #185, .F. ) ;
#3961 = DIRECTION ( 'NONE',  ( 1.000000000000000000, 0.0000000000000000000, 0.0000000000000000000 ) ) ;
#3962 = DIRECTION ( 'NONE',  ( -0.0000000000000000000, -0.0000000000000000000, 1.000000000000000000 ) ) ;
#3963 = DIRECTION ( 'NONE',  ( 7.228014483236778800E-015, -0.0000000000000000000, -1.000000000000000000 ) ) ;
#3964 = CARTESIAN_POINT ( 'NONE',  ( -2.249999999999999100, 1.050000000000000000, 1.649999999924999000 ) ) ;
#3965 = CARTESIAN_POINT ( 'NONE',  ( 1.348045598058626600, 0.9499999999999936300, 1.099135055248403600 ) ) ;
#3966 = CARTESIAN_POINT ( 'NONE',  ( 0.4750000000000114100, 0.0000000000000000000, -1.600000000124983200 ) ) ;
#3967 = FACE_OUTER_BOUND ( 'NONE', #2323, .T. ) ;
#3968 = ADVANCED_FACE ( 'NONE', ( #2156 ), #1135, .F. ) ;
#3969 = VERTEX_POINT ( 'NONE', #517 ) ;
#3970 = VECTOR ( 'NONE', #7000, 1000.000000000000000 ) ;
#3971 = VERTEX_POINT ( 'NONE', #6587 ) ;
#3972 = VECTOR ( 'NONE', #577, 1000.000000000000000 ) ;
#3973 = ORIENTED_EDGE ( 'NONE', *, *, #2253, .T. ) ;
#3974 = PLANE ( 'NONE',  #4177 ) ;
#3975 = AXIS2_PLACEMENT_3D ( 'NONE', #5380, #6016, #1786 ) ;
#3976 = VECTOR ( 'NONE', #7815, 1000.000000000000000 ) ;
#3977 =( BOUNDED_CURVE ( )  B_SPLINE_CURVE ( 3, ( #5476, #3619, #3700, #5395 ),
 .UNSPECIFIED., .F., .F. ) 
 B_SPLINE_CURVE_WITH_KNOTS ( ( 4, 4 ),
 ( 0.0000000000000000000, 1.621779413747545600 ),
 .UNSPECIFIED. ) 
 CURVE ( )  GEOMETRIC_REPRESENTATION_ITEM ( )  RATIONAL_B_SPLINE_CURVE ( ( 1.000000000000000000, 0.7925691712421014700, 0.7925691712421014700, 1.000000000000000000 ) ) 
 REPRESENTATION_ITEM ( '' )  );
#3978 = ORIENTED_EDGE ( 'NONE', *, *, #3146, .T. ) ;
#3979 = CARTESIAN_POINT ( 'NONE',  ( -1.599999999999999600, 0.7999999999999999300, -0.5982233048283637200 ) ) ;
#3980 = AXIS2_PLACEMENT_3D ( 'NONE', #841, #2113, #6964 ) ;
#3981 = VECTOR ( 'NONE', #1029, 1000.000000000000000 ) ;
#3982 = ORIENTED_EDGE ( 'NONE', *, *, #4794, .T. ) ;
#3983 = CIRCLE ( 'NONE', #7885, 0.1500000000000000800 ) ;
#3984 = DIRECTION ( 'NONE',  ( 1.000000000000000000, 0.0000000000000000000, -1.084202172180573300E-016 ) ) ;
#3985 = CARTESIAN_POINT ( 'NONE',  ( -1.051954401941374200, 0.9499999999999936300, 1.099135055248403600 ) ) ;
#3986 = EDGE_CURVE ( 'NONE', #5599, #885, #2524, .T. ) ;
#3987 = CARTESIAN_POINT ( 'NONE',  ( -2.674999999999999800, 0.0000000000000000000, -0.5499999999499998200 ) ) ;
#3988 = LINE ( 'NONE', #6749, #1934 ) ;
#3989 = EDGE_CURVE ( 'NONE', #5145, #5896, #3828, .T. ) ;
#3990 = CARTESIAN_POINT ( 'NONE',  ( 0.3999999999999998000, 1.200000000000000000, -0.5982233048283635000 ) ) ;
#3991 = CARTESIAN_POINT ( 'NONE',  ( 2.500000000468747700, 1.200000000000000000, -1.200000000150000400 ) ) ;
#3992 = EDGE_LOOP ( 'NONE', ( #6948, #2190, #263, #4438, #7212 ) ) ;
#3993 = VECTOR ( 'NONE', #6263, 1000.000000000000000 ) ;
#3994 = VERTEX_POINT ( 'NONE', #7823 ) ;
#3995 = CARTESIAN_POINT ( 'NONE',  ( 2.400000000468749400, 0.7999999999999999300, -0.2500000001249999500 ) ) ;
#3996 = CARTESIAN_POINT ( 'NONE',  ( 1.599999999999999600, 1.200000000000000000, -0.5982233048283637200 ) ) ;
#3997 = AXIS2_PLACEMENT_3D ( 'NONE', #6279, #3885, #5067 ) ;
#3998 = FACE_OUTER_BOUND ( 'NONE', #866, .T. ) ;
#3999 = DIRECTION ( 'NONE',  ( -0.0000000000000000000, -0.0000000000000000000, 1.000000000000000000 ) ) ;
#4000 = PLANE ( 'NONE',  #6296 ) ;
#4001 = CARTESIAN_POINT ( 'NONE',  ( 1.675000000000002500, 0.5999999999999999800, -0.7000000001249999700 ) ) ;
#4002 = ORIENTED_EDGE ( 'NONE', *, *, #7300, .F. ) ;
#4003 = CARTESIAN_POINT ( 'NONE',  ( -1.349999999687500100, 1.200000000000000000, -1.600000000124999900 ) ) ;
#4004 = LINE ( 'NONE', #7272, #2133 ) ;
#4005 = ORIENTED_EDGE ( 'NONE', *, *, #5921, .F. ) ;
#4006 = EDGE_CURVE ( 'NONE', #3473, #4360, #420, .T. ) ;
#4007 = EDGE_CURVE ( 'NONE', #451, #745, #5166, .T. ) ;
#4008 = VERTEX_POINT ( 'NONE', #6664 ) ;
#4009 = CARTESIAN_POINT ( 'NONE',  ( 0.7250000000000111900, 0.5999999999999999800, -1.600000000125019400 ) ) ;
#4010 = DIRECTION ( 'NONE',  ( 0.0000000000000000000, 0.0000000000000000000, -1.000000000000000000 ) ) ;
#4011 = ORIENTED_EDGE ( 'NONE', *, *, #7867, .F. ) ;
#4012 = FACE_OUTER_BOUND ( 'NONE', #7141, .T. ) ;
#4013 = VERTEX_POINT ( 'NONE', #3671 ) ;
#4014 = VECTOR ( 'NONE', #445, 1000.000000000000000 ) ;
#4015 = ORIENTED_EDGE ( 'NONE', *, *, #2251, .T. ) ;
#4016 = PLANE ( 'NONE',  #5956 ) ;
#4017 = VERTEX_POINT ( 'NONE', #3587 ) ;
#4018 = VECTOR ( 'NONE', #5288, 1000.000000000000100 ) ;
#4019 = CYLINDRICAL_SURFACE ( 'NONE', #6893, 0.1500000000000001900 ) ;
#4020 = DIRECTION ( 'NONE',  ( -0.0000000000000000000, 0.0000000000000000000, 1.000000000000000000 ) ) ;
#4021 = DIRECTION ( 'NONE',  ( -1.000000000000000000, -0.0000000000000000000, -9.974659986866623400E-015 ) ) ;
#4022 = ORIENTED_EDGE ( 'NONE', *, *, #593, .T. ) ;
#4023 = CARTESIAN_POINT ( 'NONE',  ( 1.077692881735697000, 0.7999999999999999300, 0.9732701105718156700 ) ) ;
#4024 = CARTESIAN_POINT ( 'NONE',  ( 1.318301269876720700, 1.181698729810778400, -1.868301270114221200 ) ) ;
#4025 = EDGE_CURVE ( 'NONE', #5822, #3130, #898, .T. ) ;
#4026 = LINE ( 'NONE', #6053, #2433 ) ;
#4027 = CARTESIAN_POINT ( 'NONE',  ( 0.7250000000000111900, 0.0000000000000000000, -1.600000000125019400 ) ) ;
#4028 = DIRECTION ( 'NONE',  ( -0.0000000000000000000, -0.0000000000000000000, 1.000000000000000000 ) ) ;
#4029 = CARTESIAN_POINT ( 'NONE',  ( 0.2250000000000009200, 1.050000000000000000, 1.649999999924999000 ) ) ;
#4030 = ORIENTED_EDGE ( 'NONE', *, *, #4509, .F. ) ;
#4031 = ORIENTED_EDGE ( 'NONE', *, *, #7617, .F. ) ;
#4032 = CARTESIAN_POINT ( 'NONE',  ( 1.109612153947468100, 1.139906666467845000, 1.258485669039685700 ) ) ;
#4033 = AXIS2_PLACEMENT_3D ( 'NONE', #4398, #142, #769 ) ;
#4034 = VECTOR ( 'NONE', #1172, 1000.000000000000000 ) ;
#4035 = VERTEX_POINT ( 'NONE', #4306 ) ;
#4036 = CARTESIAN_POINT ( 'NONE',  ( 1.200000000000000400, 0.9499999999999936300, 1.074999999925000600 ) ) ;
#4037 = CARTESIAN_POINT ( 'NONE',  ( -2.174999999999998900, 1.050000000000000000, 1.649999999924999000 ) ) ;
#4038 = CARTESIAN_POINT ( 'NONE',  ( 1.349999999687497400, 0.0000000000000000000, -1.799999999925000300 ) ) ;
#4039 = DIRECTION ( 'NONE',  ( -7.318364664277336400E-015, 0.0000000000000000000, 1.000000000000000000 ) ) ;
#4040 = VECTOR ( 'NONE', #7140, 1000.000000000000000 ) ;
#4041 = ORIENTED_EDGE ( 'NONE', *, *, #5282, .T. ) ;
#4042 = EDGE_CURVE ( 'NONE', #4981, #6085, #4026, .T. ) ;
#4043 = CARTESIAN_POINT ( 'NONE',  ( -1.299999999687500500, 1.200000000000000000, -1.799999999925000500 ) ) ;
#4044 = EDGE_CURVE ( 'NONE', #1402, #569, #2638, .T. ) ;
#4045 = DIRECTION ( 'NONE',  ( 0.0000000000000000000, 0.0000000000000000000, 1.000000000000000000 ) ) ;
#4046 = EDGE_CURVE ( 'NONE', #7656, #6309, #603, .T. ) ;
#4047 = VECTOR ( 'NONE', #3339, 1000.000000000000000 ) ;
#4048 = DIRECTION ( 'NONE',  ( 0.0000000000000000000, -1.000000000000000000, 0.0000000000000000000 ) ) ;
#4049 = ORIENTED_EDGE ( 'NONE', *, *, #3470, .T. ) ;
#4050 = VERTEX_POINT ( 'NONE', #591 ) ;
#4051 = DIRECTION ( 'NONE',  ( -0.0000000000000000000, 1.000000000000000000, -0.0000000000000000000 ) ) ;
#4052 = DIRECTION ( 'NONE',  ( -1.000000000000000000, 0.0000000000000000000, 0.0000000000000000000 ) ) ;
#4053 = CIRCLE ( 'NONE', #6569, 0.1000000000000000500 ) ;
#4054 = PLANE ( 'NONE',  #7352 ) ;
#4055 = ORIENTED_EDGE ( 'NONE', *, *, #7674, .F. ) ;
#4056 = VECTOR ( 'NONE', #5614, 1000.000000000000100 ) ;
#4057 = FACE_OUTER_BOUND ( 'NONE', #6227, .T. ) ;
#4058 = DIRECTION ( 'NONE',  ( -0.0000000000000000000, 1.000000000000000000, -0.0000000000000000000 ) ) ;
#4059 = CARTESIAN_POINT ( 'NONE',  ( -2.750000000000000000, 0.4253461364713256300, -0.5499999999499998200 ) ) ;
#4060 = ORIENTED_EDGE ( 'NONE', *, *, #5992, .T. ) ;
#4061 = DIRECTION ( 'NONE',  ( -0.0000000000000000000, -1.000000000000000000, -0.0000000000000000000 ) ) ;
#4062 = ORIENTED_EDGE ( 'NONE', *, *, #4252, .T. ) ;
#4063 = LINE ( 'NONE', #7111, #5203 ) ;
#4064 = CARTESIAN_POINT ( 'NONE',  ( 2.250000000000001300, 1.049999999999999800, 1.649999999924999000 ) ) ;
#4065 = DIRECTION ( 'NONE',  ( 1.000000000000000000, 0.0000000000000000000, -5.204170426954639800E-016 ) ) ;
#4066 = ORIENTED_EDGE ( 'NONE', *, *, #240, .F. ) ;
#4067 = CARTESIAN_POINT ( 'NONE',  ( -2.201406957038371200, 0.9459980241978321900, 1.095776998828829500 ) ) ;
#4068 = LINE ( 'NONE', #5759, #1345 ) ;
#4069 = CARTESIAN_POINT ( 'NONE',  ( 1.425000000000001200, 1.050000000000000000, 1.649999999924999000 ) ) ;
#4070 = VERTEX_POINT ( 'NONE', #4832 ) ;
#4071 = VECTOR ( 'NONE', #5366, 1000.000000000000000 ) ;
#4072 = CARTESIAN_POINT ( 'NONE',  ( 0.7999999999999997100, 1.200000000000000000, -0.7000000001249999700 ) ) ;
#4073 = CARTESIAN_POINT ( 'NONE',  ( -1.524999999999999900, 0.7499999999999998900, -0.5232233048283636600 ) ) ;
#4074 = ORIENTED_EDGE ( 'NONE', *, *, #6547, .F. ) ;
#4075 = FACE_OUTER_BOUND ( 'NONE', #2521, .T. ) ;
#4076 = DIRECTION ( 'NONE',  ( -2.168404344971007700E-015, 0.0000000000000000000, 1.000000000000000000 ) ) ;
#4077 = VECTOR ( 'NONE', #1625, 1000.000000000000000 ) ;
#4078 = UNCERTAINTY_MEASURE_WITH_UNIT (LENGTH_MEASURE( 1.000000000000000100E-005 ), #6400, 'distance_accuracy_value', 'NONE');
#4079 = ORIENTED_EDGE ( 'NONE', *, *, #604, .F. ) ;
#4080 = APPLICATION_CONTEXT ( 'automotive_design' ) ;
#4081 = CARTESIAN_POINT ( 'NONE',  ( -0.4724999999999998100, 0.7499999999999998900, -0.4000000001250000900 ) ) ;
#4082 = CARTESIAN_POINT ( 'NONE',  ( 1.925000000000011400, 0.0000000000000000000, -1.600000000125011000 ) ) ;
#4083 = ORIENTED_EDGE ( 'NONE', *, *, #4497, .F. ) ;
#4084 = VECTOR ( 'NONE', #2755, 999.9999999999998900 ) ;
#4085 = VERTEX_POINT ( 'NONE', #2555 ) ;
#4086 = VECTOR ( 'NONE', #7593, 1000.000000000000000 ) ;
#4087 = EDGE_LOOP ( 'NONE', ( #5770, #5045, #554, #2995 ) ) ;
#4088 = DIRECTION ( 'NONE',  ( 0.0000000000000000000, 0.0000000000000000000, 1.000000000000000000 ) ) ;
#4089 = ADVANCED_FACE ( 'NONE', ( #223 ), #2427, .T. ) ;
#4090 = EDGE_CURVE ( 'NONE', #1044, #208, #1965, .T. ) ;
#4091 = VECTOR ( 'NONE', #4319, 1000.000000000000000 ) ;
#4092 = VERTEX_POINT ( 'NONE', #3648 ) ;
#4093 = LINE ( 'NONE', #1962, #7716 ) ;
#4094 = ORIENTED_EDGE ( 'NONE', *, *, #4753, .T. ) ;
#4095 = CARTESIAN_POINT ( 'NONE',  ( -2.500000000468749500, 0.2000000000000000900, -1.400000000149999500 ) ) ;
#4096 = CARTESIAN_POINT ( 'NONE',  ( 2.175000000000000700, 1.050000000000000000, 1.649999999924999000 ) ) ;
#4097 = CARTESIAN_POINT ( 'NONE',  ( -0.8749999999999996700, 0.7999999999999999300, -0.2500000001249999500 ) ) ;
#4098 = ORIENTED_EDGE ( 'NONE', *, *, #1957, .T. ) ;
#4099 = CARTESIAN_POINT ( 'NONE',  ( -0.7999999999999997100, 0.7499999999999998900, -0.7000000001249999700 ) ) ;
#4100 = ORIENTED_EDGE ( 'NONE', *, *, #6854, .T. ) ;
#4101 = EDGE_CURVE ( 'NONE', #6790, #6530, #7538, .T. ) ;
#4102 = ORIENTED_EDGE ( 'NONE', *, *, #6546, .T. ) ;
#4103 = EDGE_CURVE ( 'NONE', #3130, #5216, #4488, .T. ) ;
#4104 = EDGE_CURVE ( 'NONE', #5245, #703, #3637, .T. ) ;
#4105 = FILL_AREA_STYLE_COLOUR ( '', #7859 ) ;
#4106 = DIRECTION ( 'NONE',  ( -0.1721747305422586200, -0.9848077530122091300, -0.02257325341514450000 ) ) ;
#4107 = VERTEX_POINT ( 'NONE', #2447 ) ;
#4108 = CARTESIAN_POINT ( 'NONE',  ( -2.750000000000000000, 0.4253461364713256300, -0.5499999999499998200 ) ) ;
#4109 = ORIENTED_EDGE ( 'NONE', *, *, #4965, .T. ) ;
#4110 = AXIS2_PLACEMENT_3D ( 'NONE', #1742, #4197, #6556 ) ;
#4111 = VERTEX_POINT ( 'NONE', #7367 ) ;
#4112 = CARTESIAN_POINT ( 'NONE',  ( 0.0000000000000000000, 0.5999999999999999800, -0.7000000001249999700 ) ) ;
#4113 = AXIS2_PLACEMENT_3D ( 'NONE', #3281, #2114, #1514 ) ;
#4114 = VECTOR ( 'NONE', #3959, 1000.000000000000000 ) ;
#4115 = DIRECTION ( 'NONE',  ( -0.9848077530122079100, -0.1736481776669313300, -0.0000000000000000000 ) ) ;
#4116 = EDGE_LOOP ( 'NONE', ( #6471, #6745, #3429, #6140, #3179, #2305 ) ) ;
#4117 = ORIENTED_EDGE ( 'NONE', *, *, #4655, .T. ) ;
#4118 = CARTESIAN_POINT ( 'NONE',  ( 0.9750000000000009800, 1.050000000000000000, 1.899999999924999000 ) ) ;
#4119 = VECTOR ( 'NONE', #5656, 1000.000000000000000 ) ;
#4120 = DIRECTION ( 'NONE',  ( 1.000000000000000000, 0.0000000000000000000, 0.0000000000000000000 ) ) ;
#4121 = DIRECTION ( 'NONE',  ( 0.0000000000000000000, 0.0000000000000000000, -1.000000000000000000 ) ) ;
#4122 = VECTOR ( 'NONE', #7856, 1000.000000000000000 ) ;
#4123 = DIRECTION ( 'NONE',  ( 1.084202172180573300E-016, -0.0000000000000000000, 1.000000000000000000 ) ) ;
#4124 = ORIENTED_EDGE ( 'NONE', *, *, #6027, .T. ) ;
#4125 = ORIENTED_EDGE ( 'NONE', *, *, #1266, .T. ) ;
#4126 = VERTEX_POINT ( 'NONE', #4859 ) ;
#4127 = AXIS2_PLACEMENT_3D ( 'NONE', #4782, #4120, #5978 ) ;
#4128 = CARTESIAN_POINT ( 'NONE',  ( 2.500000000468749000, 1.200000000000000000, 0.7999999997749980300 ) ) ;
#4129 = DIRECTION ( 'NONE',  ( 0.0000000000000000000, 0.0000000000000000000, -1.000000000000000000 ) ) ;
#4130 = LINE ( 'NONE', #894, #1791 ) ;
#4131 = ORIENTED_EDGE ( 'NONE', *, *, #7191, .T. ) ;
#4132 = AXIS2_PLACEMENT_3D ( 'NONE', #801, #5032, #6782 ) ;
#4133 = DIRECTION ( 'NONE',  ( -0.0000000000000000000, 1.000000000000000000, -0.0000000000000000000 ) ) ;
#4134 = EDGE_CURVE ( 'NONE', #2717, #57, #214, .T. ) ;
#4135 = EDGE_CURVE ( 'NONE', #2963, #587, #7642, .T. ) ;
#4136 = VECTOR ( 'NONE', #7648, 1000.000000000000000 ) ;
#4137 = VERTEX_POINT ( 'NONE', #5473 ) ;
#4138 = VERTEX_POINT ( 'NONE', #2474 ) ;
#4139 = CARTESIAN_POINT ( 'NONE',  ( -1.799999999999999200, 0.5999999999999999800, 1.399999999924999000 ) ) ;
#4140 = VECTOR ( 'NONE', #5495, 1000.000000000000000 ) ;
#4141 = ORIENTED_EDGE ( 'NONE', *, *, #7707, .F. ) ;
#4142 = EDGE_CURVE ( 'NONE', #7525, #6530, #1187, .T. ) ;
#4143 = VECTOR ( 'NONE', #6151, 1000.000000000000000 ) ;
#4144 = CARTESIAN_POINT ( 'NONE',  ( 1.290387846052532600, 1.139906666467845000, 1.258485669039685700 ) ) ;
#4145 = CARTESIAN_POINT ( 'NONE',  ( -1.700709290704808800E-016, 0.7499999999999998900, -0.4000000001249992600 ) ) ;
#4146 = CARTESIAN_POINT ( 'NONE',  ( -2.500000000468749500, 0.2000000000000000900, -1.200000000149999500 ) ) ;
#4147 = EDGE_CURVE ( 'NONE', #2098, #5320, #6197, .T. ) ;
#4148 = DIRECTION ( 'NONE',  ( -1.000000000000000000, -2.891205793294679400E-015, -0.0000000000000000000 ) ) ;
#4149 = DIRECTION ( 'NONE',  ( -0.0000000000000000000, -0.0000000000000000000, 1.000000000000000000 ) ) ;
#4150 = EDGE_CURVE ( 'NONE', #4214, #7405, #3464, .T. ) ;
#4151 = CARTESIAN_POINT ( 'NONE',  ( 2.250000000000001300, 0.1500000000000000800, 1.649999999924999000 ) ) ;
#4152 = VECTOR ( 'NONE', #5612, 1000.000000000000200 ) ;
#4153 = ORIENTED_EDGE ( 'NONE', *, *, #5272, .F. ) ;
#4154 = DIRECTION ( 'NONE',  ( -0.0000000000000000000, 1.000000000000000000, -0.0000000000000000000 ) ) ;
#4155 = ORIENTED_EDGE ( 'NONE', *, *, #1485, .T. ) ;
#4156 = LINE ( 'NONE', #4754, #6338 ) ;
#4157 = VERTEX_POINT ( 'NONE', #7421 ) ;
#4158 = EDGE_LOOP ( 'NONE', ( #797, #5400, #3911 ) ) ;
#4159 = CARTESIAN_POINT ( 'NONE',  ( 2.674999999999998500, 0.0000000000000000000, -0.4499999999500014500 ) ) ;
#4160 = AXIS2_PLACEMENT_3D ( 'NONE', #7685, #1929, #2086 ) ;
#4161 = CIRCLE ( 'NONE', #2321, 0.1000000000000000500 ) ;
#4162 = CARTESIAN_POINT ( 'NONE',  ( 0.2250000000000009200, 1.050000000000000000, 1.649999999924999000 ) ) ;
#4163 = ORIENTED_EDGE ( 'NONE', *, *, #2195, .F. ) ;
#4164 = LINE ( 'NONE', #4740, #7208 ) ;
#4165 = ORIENTED_EDGE ( 'NONE', *, *, #3943, .F. ) ;
#4166 = CARTESIAN_POINT ( 'NONE',  ( -2.220365778345202200, 0.7999999999999999300, 0.8499999997749972900 ) ) ;
#4167 = VECTOR ( 'NONE', #6328, 1000.000000000000000 ) ;
#4168 = ORIENTED_EDGE ( 'NONE', *, *, #6588, .F. ) ;
#4169 = VECTOR ( 'NONE', #691, 1000.000000000000000 ) ;
#4170 = ORIENTED_EDGE ( 'NONE', *, *, #2154, .F. ) ;
#4171 = DIRECTION ( 'NONE',  ( 0.0000000000000000000, -1.000000000000000000, 0.0000000000000000000 ) ) ;
#4172 = CARTESIAN_POINT ( 'NONE',  ( 2.600000000468750000, 0.5000000000000000000, 0.6999999997749999400 ) ) ;
#4173 = VECTOR ( 'NONE', #2957, 1000.000000000000000 ) ;
#4174 = ORIENTED_EDGE ( 'NONE', *, *, #4142, .T. ) ;
#4175 = VECTOR ( 'NONE', #6800, 1000.000000000000000 ) ;
#4177 = AXIS2_PLACEMENT_3D ( 'NONE', #5819, #3892, #6984 ) ;
#4176 = CARTESIAN_POINT ( 'NONE',  ( 0.0000000000000000000, 0.0000000000000000000, -0.7000000001249999700 ) ) ;
#4178 = LINE ( 'NONE', #1310, #1546 ) ;
#4179 = CARTESIAN_POINT ( 'NONE',  ( -2.175000000468748900, 0.8939695520413333300, 1.052119927031593500 ) ) ;
#4180 = DIRECTION ( 'NONE',  ( 1.000000000000000000, 0.0000000000000000000, 0.0000000000000000000 ) ) ;
#4181 = ORIENTED_EDGE ( 'NONE', *, *, #7522, .T. ) ;
#4182 = AXIS2_PLACEMENT_3D ( 'NONE', #1456, #1477, #3245 ) ;
#4183 = ORIENTED_EDGE ( 'NONE', *, *, #1439, .F. ) ;
#4184 = CIRCLE ( 'NONE', #349, 0.09999999999999982500 ) ;
#4185 = EDGE_CURVE ( 'NONE', #2098, #5000, #1083, .T. ) ;
#4186 = DIRECTION ( 'NONE',  ( 0.0000000000000000000, 0.0000000000000000000, -1.000000000000000000 ) ) ;
#4187 = DIRECTION ( 'NONE',  ( 0.0000000000000000000, 0.0000000000000000000, 1.000000000000000000 ) ) ;
#4188 = FACE_OUTER_BOUND ( 'NONE', #7219, .T. ) ;
#4189 = ORIENTED_EDGE ( 'NONE', *, *, #6575, .F. ) ;
#4190 = AXIS2_PLACEMENT_3D ( 'NONE', #6483, #7051, #385 ) ;
#4191 = VERTEX_POINT ( 'NONE', #2618 ) ;
#4192 = ORIENTED_EDGE ( 'NONE', *, *, #5046, .T. ) ;
#4193 = DIRECTION ( 'NONE',  ( -1.000000000000000000, -0.0000000000000000000, -9.974659986866623400E-015 ) ) ;
#4194 = VECTOR ( 'NONE', #188, 1000.000000000000000 ) ;
#4195 = EDGE_CURVE ( 'NONE', #4693, #4765, #5441, .T. ) ;
#4196 = ORIENTED_EDGE ( 'NONE', *, *, #4966, .T. ) ;
#4197 = DIRECTION ( 'NONE',  ( -0.9915147561900021800, 0.0000000000000000000, 0.1299941854756612400 ) ) ;
#4198 = LINE ( 'NONE', #598, #4578 ) ;
#4199 = EDGE_CURVE ( 'NONE', #3768, #6778, #7256, .T. ) ;
#4200 = DIRECTION ( 'NONE',  ( 0.0000000000000000000, 0.0000000000000000000, 1.000000000000000000 ) ) ;
#4201 = EDGE_LOOP ( 'NONE', ( #1201, #2051, #7287, #7238, #13, #7562, #4531, #2310 ) ) ;
#4202 = DIRECTION ( 'NONE',  ( 0.0000000000000000000, 0.0000000000000000000, 1.000000000000000000 ) ) ;
#4203 = ORIENTED_EDGE ( 'NONE', *, *, #4458, .T. ) ;
#4204 = CARTESIAN_POINT ( 'NONE',  ( 0.8749999999999990000, 0.7499999999999998900, -0.5232233048283638800 ) ) ;
#4205 = CARTESIAN_POINT ( 'NONE',  ( -1.200000000000000400, 1.200000000000000000, 1.074999999925000600 ) ) ;
#4206 = FACE_OUTER_BOUND ( 'NONE', #1971, .T. ) ;
#4207 = AXIS2_PLACEMENT_3D ( 'NONE', #3715, #4957, #1970 ) ;
#4208 = FACE_OUTER_BOUND ( 'NONE', #5514, .T. ) ;
#4209 = ADVANCED_FACE ( 'NONE', ( #6484 ), #3949, .F. ) ;
#4210 = ORIENTED_EDGE ( 'NONE', *, *, #5837, .T. ) ;
#4211 = DIRECTION ( 'NONE',  ( 0.0000000000000000000, 0.0000000000000000000, 1.000000000000000000 ) ) ;
#4212 = VECTOR ( 'NONE', #1668, 1000.000000000000000 ) ;
#4213 = ORIENTED_EDGE ( 'NONE', *, *, #2300, .T. ) ;
#4214 = VERTEX_POINT ( 'NONE', #5164 ) ;
#4215 = CARTESIAN_POINT ( 'NONE',  ( -2.400000000468749800, 0.7999999999999999300, -0.2500000001249998400 ) ) ;
#4216 = VECTOR ( 'NONE', #5198, 1000.000000000000000 ) ;
#4217 = EDGE_LOOP ( 'NONE', ( #5706, #6615, #2475, #2809, #5190 ) ) ;
#4218 = ORIENTED_EDGE ( 'NONE', *, *, #4458, .F. ) ;
#4219 = DIRECTION ( 'NONE',  ( -1.000000000000000000, 0.0000000000000000000, -2.891205795222149400E-015 ) ) ;
#4220 = DIRECTION ( 'NONE',  ( 1.000000000000000000, 0.0000000000000000000, -1.084202172180573300E-016 ) ) ;
#4221 = CARTESIAN_POINT ( 'NONE',  ( 0.1487272134285001200, 0.9499999999999936300, 1.094499127746349600 ) ) ;
#4222 = CARTESIAN_POINT ( 'NONE',  ( 0.9932124473696571900, 0.7999999999999999300, 0.3289059263064134100 ) ) ;
#4223 = CARTESIAN_POINT ( 'NONE',  ( -2.159454293771130700, 0.7497915609355260100, -0.2500000001249998400 ) ) ;
#4224 = VECTOR ( 'NONE', #1224, 1000.000000000000000 ) ;
#4225 = ORIENTED_EDGE ( 'NONE', *, *, #2843, .F. ) ;
#4226 = DIRECTION ( 'NONE',  ( -0.9848077530122076900, -0.1736481776669326600, 1.067730705363136700E-015 ) ) ;
#4227 = ORIENTED_EDGE ( 'NONE', *, *, #6788, .T. ) ;
#4228 = DIRECTION ( 'NONE',  ( -0.7071067811865468000, 0.0000000000000000000, 0.7071067811865483500 ) ) ;
#4229 = FACE_OUTER_BOUND ( 'NONE', #7324, .T. ) ;
#4230 = ORIENTED_EDGE ( 'NONE', *, *, #625, .T. ) ;
#4231 = PLANE ( 'NONE',  #7596 ) ;
#4232 = EDGE_CURVE ( 'NONE', #7460, #888, #4969, .T. ) ;
#4233 = ORIENTED_EDGE ( 'NONE', *, *, #1676, .F. ) ;
#4234 = EDGE_CURVE ( 'NONE', #7656, #6366, #6389, .T. ) ;
#4235 = DIRECTION ( 'NONE',  ( 2.891205793294662500E-015, 1.000000000000000000, 0.0000000000000000000 ) ) ;
#4236 = LINE ( 'NONE', #2825, #7001 ) ;
#4237 = DIRECTION ( 'NONE',  ( 0.0000000000000000000, 0.0000000000000000000, 1.000000000000000000 ) ) ;
#4238 = VERTEX_POINT ( 'NONE', #1395 ) ;
#4239 = ADVANCED_FACE ( 'NONE', ( #2901 ), #2186, .F. ) ;
#4240 = DIRECTION ( 'NONE',  ( -0.0000000000000000000, 1.000000000000000000, -0.0000000000000000000 ) ) ;
#4241 = VECTOR ( 'NONE', #4975, 1000.000000000000200 ) ;
#4242 = CARTESIAN_POINT ( 'NONE',  ( -0.3249999999999995700, 0.7499999999999998900, -0.5232233048283631000 ) ) ;
#4243 = CARTESIAN_POINT ( 'NONE',  ( -0.4724999999999998100, 0.7499999999999998900, -0.7000000001249999700 ) ) ;
#4244 = VECTOR ( 'NONE', #3733, 1000.000000000000100 ) ;
#4245 = EDGE_CURVE ( 'NONE', #2791, #5560, #6578, .T. ) ;
#4246 = CARTESIAN_POINT ( 'NONE',  ( -1.927499999999999800, 0.0000000000000000000, -0.4000000001249999800 ) ) ;
#4247 = ORIENTED_EDGE ( 'NONE', *, *, #4806, .T. ) ;
#4248 = LINE ( 'NONE', #5296, #6348 ) ;
#4249 = EDGE_CURVE ( 'NONE', #5996, #3821, #4399, .T. ) ;
#4250 = DIRECTION ( 'NONE',  ( 1.000000000000000000, 0.0000000000000000000, -2.380914410641389900E-015 ) ) ;
#4251 = CARTESIAN_POINT ( 'NONE',  ( 0.7250000000000111900, 0.5999999999999999800, -1.600000000125019400 ) ) ;
#4252 = EDGE_CURVE ( 'NONE', #1855, #405, #5645, .T. ) ;
#4253 = DIRECTION ( 'NONE',  ( -2.891205795222147400E-015, 0.0000000000000000000, 1.000000000000000000 ) ) ;
#4254 = ORIENTED_EDGE ( 'NONE', *, *, #3841, .T. ) ;
#4255 = DIRECTION ( 'NONE',  ( 0.0000000000000000000, 0.0000000000000000000, 1.000000000000000000 ) ) ;
#4256 = ORIENTED_EDGE ( 'NONE', *, *, #5527, .F. ) ;
#4257 = LINE ( 'NONE', #343, #6344 ) ;
#4258 = ORIENTED_EDGE ( 'NONE', *, *, #2664, .F. ) ;
#4259 = VECTOR ( 'NONE', #721, 1000.000000000000000 ) ;
#4260 = AXIS2_PLACEMENT_3D ( 'NONE', #6639, #4149, #7851 ) ;
#4261 = VECTOR ( 'NONE', #1698, 1000.000000000000000 ) ;
#4262 = EDGE_LOOP ( 'NONE', ( #5595, #1440, #2265, #1775 ) ) ;
#4263 = PLANE ( 'NONE',  #2061 ) ;
#4264 = LINE ( 'NONE', #7099, #4463 ) ;
#4265 = DIRECTION ( 'NONE',  ( -1.000000000000000000, 0.0000000000000000000, 0.0000000000000000000 ) ) ;
#4267 = VECTOR ( 'NONE', #716, 1000.000000000000100 ) ;
#4266 = DIRECTION ( 'NONE',  ( 1.000000000000000000, 0.0000000000000000000, -0.0000000000000000000 ) ) ;
#4268 = DIRECTION ( 'NONE',  ( -1.000000000000000000, -0.0000000000000000000, -0.0000000000000000000 ) ) ;
#4269 = VERTEX_POINT ( 'NONE', #2584 ) ;
#4270 = CARTESIAN_POINT ( 'NONE',  ( -1.349999999687500100, 1.200000000000000000, -1.600000000124999900 ) ) ;
#4271 = CARTESIAN_POINT ( 'NONE',  ( 2.600000000468750500, 0.7999999999999999300, 0.6999999997750000500 ) ) ;
#4272 = VECTOR ( 'NONE', #3102, 1000.000000000000000 ) ;
#4273 = CARTESIAN_POINT ( 'NONE',  ( 1.348727213428500700, 0.9444751167444146400, 1.094499127746349600 ) ) ;
#4274 = DIRECTION ( 'NONE',  ( -3.469446951953576300E-015, 0.0000000000000000000, -1.000000000000000000 ) ) ;
#4275 = CARTESIAN_POINT ( 'NONE',  ( 1.350000000000001200, 1.049999999999999800, 1.649999999924999000 ) ) ;
#4276 = ORIENTED_EDGE ( 'NONE', *, *, #325, .T. ) ;
#4277 = AXIS2_PLACEMENT_3D ( 'NONE', #1433, #3817, #6898 ) ;
#4278 = ORIENTED_EDGE ( 'NONE', *, *, #2430, .T. ) ;
#4279 = CARTESIAN_POINT ( 'NONE',  ( -2.174999999999998900, 1.000000000000000000, 1.649999999924999000 ) ) ;
#4280 = DIRECTION ( 'NONE',  ( 0.5000000000000001100, 0.0000000000000000000, -0.8660254037844386000 ) ) ;
#4281 = DIRECTION ( 'NONE',  ( -0.0000000000000000000, -1.000000000000000000, -0.0000000000000000000 ) ) ;
#4282 = DIRECTION ( 'NONE',  ( -1.000000000000000000, 0.0000000000000000000, 0.0000000000000000000 ) ) ;
#4283 = CARTESIAN_POINT ( 'NONE',  ( 2.175000000468748900, 0.8189695520413333700, 0.8499999997749972900 ) ) ;
#4284 = LINE ( 'NONE', #1210, #2231 ) ;
#4285 = ORIENTED_EDGE ( 'NONE', *, *, #7214, .T. ) ;
#4286 = ADVANCED_FACE ( 'NONE', ( #7729 ), #6871, .T. ) ;
#4287 = VECTOR ( 'NONE', #4304, 1000.000000000000000 ) ;
#4288 = ORIENTED_EDGE ( 'NONE', *, *, #3740, .F. ) ;
#4289 = EDGE_CURVE ( 'NONE', #6561, #903, #7448, .T. ) ;
#4290 = EDGE_CURVE ( 'NONE', #2105, #1264, #414, .T. ) ;
#4291 = CARTESIAN_POINT ( 'NONE',  ( -1.599999999999999600, 0.7999999999999999300, -0.5982233048283637200 ) ) ;
#4292 = ORIENTED_EDGE ( 'NONE', *, *, #151, .F. ) ;
#4293 = VERTEX_POINT ( 'NONE', #3798 ) ;
#4294 = CARTESIAN_POINT ( 'NONE',  ( -2.175000000468748900, 0.8189695520413333700, 0.9249999997749972500 ) ) ;
#4295 = ORIENTED_EDGE ( 'NONE', *, *, #2603, .F. ) ;
#4296 = ADVANCED_FACE ( 'NONE', ( #4206 ), #6398, .F. ) ;
#4297 = LINE ( 'NONE', #2817, #7442 ) ;
#4298 = VECTOR ( 'NONE', #1430, 1000.000000000000100 ) ;
#4299 = DIRECTION ( 'NONE',  ( -2.130550946511894600E-015, 0.0000000000000000000, -1.000000000000000000 ) ) ;
#4300 = EDGE_CURVE ( 'NONE', #6002, #2152, #3369, .T. ) ;
#4301 = ORIENTED_EDGE ( 'NONE', *, *, #5876, .F. ) ;
#4302 = EDGE_CURVE ( 'NONE', #1416, #3910, #187, .T. ) ;
#4303 = EDGE_CURVE ( 'NONE', #483, #5145, #5063, .T. ) ;
#4304 = DIRECTION ( 'NONE',  ( 0.0000000000000000000, 0.0000000000000000000, 1.000000000000000000 ) ) ;
#4305 = VECTOR ( 'NONE', #3479, 1000.000000000000000 ) ;
#4306 = CARTESIAN_POINT ( 'NONE',  ( -2.499999999999999600, 0.5000000000000000000, 0.6999999997749999400 ) ) ;
#4307 = CARTESIAN_POINT ( 'NONE',  ( 0.0000000000000000000, 0.7999999999999999300, -0.2500000001250000700 ) ) ;
#4308 = VERTEX_POINT ( 'NONE', #2900 ) ;
#4309 = CARTESIAN_POINT ( 'NONE',  ( -1.672499999999999700, 0.0000000000000000000, 0.0000000000000000000 ) ) ;
#4310 = CARTESIAN_POINT ( 'NONE',  ( -2.600000000468750000, 0.7999999999999999300, 0.7999999997750000300 ) ) ;
#4311 = ORIENTED_EDGE ( 'NONE', *, *, #4704, .F. ) ;
#4312 = AXIS2_PLACEMENT_3D ( 'NONE', #5985, #4048, #2929 ) ;
#4313 = DIRECTION ( 'NONE',  ( -0.0000000000000000000, -0.0000000000000000000, 1.000000000000000000 ) ) ;
#4314 = VECTOR ( 'NONE', #3629, 1000.000000000000000 ) ;
#4315 = EDGE_CURVE ( 'NONE', #5570, #2334, #4862, .T. ) ;
#4316 = VECTOR ( 'NONE', #545, 1000.000000000000100 ) ;
#4317 = ORIENTED_EDGE ( 'NONE', *, *, #5073, .F. ) ;
#4318 = VERTEX_POINT ( 'NONE', #7137 ) ;
#4319 = DIRECTION ( 'NONE',  ( -1.000000000000000000, 0.0000000000000000000, 0.0000000000000000000 ) ) ;
#4320 = DIRECTION ( 'NONE',  ( 0.1750888650302264400, 0.9845526341148183000, -0.0000000000000000000 ) ) ;
#4321 = DIRECTION ( 'NONE',  ( -0.7071067811865469100, 0.0000000000000000000, -0.7071067811865482400 ) ) ;
#4322 = CARTESIAN_POINT ( 'NONE',  ( -2.600000000468750000, 0.7999999999999999300, 0.9732701105718156700 ) ) ;
#4323 = FACE_OUTER_BOUND ( 'NONE', #4346, .T. ) ;
#4324 = ORIENTED_EDGE ( 'NONE', *, *, #747, .T. ) ;
#4325 = ADVANCED_FACE ( 'NONE', ( #5916 ), #4595, .F. ) ;
#4326 = DIRECTION ( 'NONE',  ( -0.4912631695488044500, -0.6672332842540761300, -0.5598752027268056900 ) ) ;
#4327 = AXIS2_PLACEMENT_3D ( 'NONE', #2748, #2696, #7579 ) ;
#4328 = VECTOR ( 'NONE', #1427, 1000.000000000000000 ) ;
#4329 = CARTESIAN_POINT ( 'NONE',  ( -2.195322264263700700, 0.8297151434549597800, 0.8499999997749972900 ) ) ;
#4330 = ORIENTED_EDGE ( 'NONE', *, *, #2548, .F. ) ;
#4331 = DIRECTION ( 'NONE',  ( -0.0000000000000000000, 1.000000000000000000, -0.0000000000000000000 ) ) ;
#4332 = DIRECTION ( 'NONE',  ( -0.0000000000000000000, 1.000000000000000000, -0.0000000000000000000 ) ) ;
#4333 = ADVANCED_FACE ( 'NONE', ( #5251 ), #2219, .T. ) ;
#4334 = DIRECTION ( 'NONE',  ( -0.0000000000000000000, 0.0000000000000000000, 1.000000000000000000 ) ) ;
#4335 = EDGE_CURVE ( 'NONE', #1755, #1567, #1678, .T. ) ;
#4336 = VECTOR ( 'NONE', #275, 1000.000000000000000 ) ;
#4337 = VERTEX_POINT ( 'NONE', #2289 ) ;
#4338 = CARTESIAN_POINT ( 'NONE',  ( -0.3249999999999995700, 0.7999999999999999300, -0.5232233048283628800 ) ) ;
#4339 = CARTESIAN_POINT ( 'NONE',  ( -1.524999999999999900, 0.7499999999999998900, -0.5232233048283636600 ) ) ;
#4340 = CIRCLE ( 'NONE', #1303, 0.2749999999999996300 ) ;
#4341 = CARTESIAN_POINT ( 'NONE',  ( 0.9750000000000009800, 1.000000000000000000, 1.899999999924999000 ) ) ;
#4342 = ORIENTED_EDGE ( 'NONE', *, *, #7721, .T. ) ;
#4343 = EDGE_CURVE ( 'NONE', #5499, #1402, #6668, .T. ) ;
#4344 = VECTOR ( 'NONE', #5427, 1000.000000000000000 ) ;
#4345 = ORIENTED_EDGE ( 'NONE', *, *, #699, .F. ) ;
#4346 = EDGE_LOOP ( 'NONE', ( #4512, #5525, #622, #856 ) ) ;
#4347 = CARTESIAN_POINT ( 'NONE',  ( -1.051272786571499500, 0.9499999999999937400, 1.094499127746349600 ) ) ;
#4348 = FACE_OUTER_BOUND ( 'NONE', #355, .T. ) ;
#4349 = EDGE_LOOP ( 'NONE', ( #2890, #1192, #1013, #7793, #3015, #5733, #6195, #7900, #3881, #5309, #3178, #6875, #4482, #661, #4812, #4330, #2033, #2499, #299, #7154, #6985, #6723, #6267, #6347, #5965, #6912, #3203, #2131, #6077, #990, #5785, #6493, #5083, #6688, #3516, #7565, #562, #5271, #1043, #1280, #4102, #2376, #1886, #4554, #1465, #2740, #2044 ) ) ;
#4350 = VECTOR ( 'NONE', #1649, 1000.000000000000000 ) ;
#4351 = FACE_OUTER_BOUND ( 'NONE', #1349, .T. ) ;
#4352 = VERTEX_POINT ( 'NONE', #460 ) ;
#4353 = PLANE ( 'NONE',  #997 ) ;
#4354 = EDGE_CURVE ( 'NONE', #600, #2895, #1580, .T. ) ;
#4355 = LINE ( 'NONE', #5361, #284 ) ;
#4356 = EDGE_CURVE ( 'NONE', #1745, #2701, #115, .T. ) ;
#4357 = DIRECTION ( 'NONE',  ( 7.589415207398527900E-015, 0.0000000000000000000, -1.000000000000000000 ) ) ;
#4358 = CARTESIAN_POINT ( 'NONE',  ( -2.500000000468749900, 0.0000000000000000000, 1.899999999925000300 ) ) ;
#4359 = CARTESIAN_POINT ( 'NONE',  ( 1.425000000000001200, 1.000000000000000000, 1.649999999924999000 ) ) ;
#4360 = VERTEX_POINT ( 'NONE', #3417 ) ;
#4361 = VERTEX_POINT ( 'NONE', #982 ) ;
#4362 = ADVANCED_FACE ( 'NONE', ( #6291, #4671 ), #2263, .F. ) ;
#4363 = LINE ( 'NONE', #3770, #6636 ) ;
#4364 = DIRECTION ( 'NONE',  ( 0.7071067811865462400, 0.0000000000000000000, -0.7071067811865489100 ) ) ;
#4365 = DIRECTION ( 'NONE',  ( -1.000000000000000000, -0.0000000000000000000, -0.0000000000000000000 ) ) ;
#4366 = FACE_OUTER_BOUND ( 'NONE', #2939, .T. ) ;
#4367 = DIRECTION ( 'NONE',  ( -0.0000000000000000000, -1.000000000000000000, -0.0000000000000000000 ) ) ;
#4368 = DIRECTION ( 'NONE',  ( -0.08397606092017094500, 0.7633385997021097100, 0.6405171374734277600 ) ) ;
#4369 = EDGE_LOOP ( 'NONE', ( #2845, #5337 ) ) ;
#4370 = DIRECTION ( 'NONE',  ( -0.0000000000000000000, 1.000000000000000000, -0.0000000000000000000 ) ) ;
#4371 = DIRECTION ( 'NONE',  ( 0.0000000000000000000, 0.0000000000000000000, 1.000000000000000000 ) ) ;
#4372 = VERTEX_POINT ( 'NONE', #2876 ) ;
#4373 = EDGE_CURVE ( 'NONE', #7144, #5454, #7, .T. ) ;
#4374 = CARTESIAN_POINT ( 'NONE',  ( 0.9750000000000009800, 1.050000000000000000, 1.649999999924999000 ) ) ;
#4375 = DIRECTION ( 'NONE',  ( 0.0000000000000000000, 0.0000000000000000000, 1.000000000000000000 ) ) ;
#4376 = VECTOR ( 'NONE', #2369, 1000.000000000000000 ) ;
#4377 = ORIENTED_EDGE ( 'NONE', *, *, #2711, .F. ) ;
#4378 = CARTESIAN_POINT ( 'NONE',  ( -2.600000000468750000, 1.099999999999999900, -1.799999999925000300 ) ) ;
#4379 = LINE ( 'NONE', #4945, #3168 ) ;
#4380 = ORIENTED_EDGE ( 'NONE', *, *, #4042, .T. ) ;
#4381 = EDGE_LOOP ( 'NONE', ( #6122, #1076, #5333, #6384 ) ) ;
#4382 = ORIENTED_EDGE ( 'NONE', *, *, #911, .T. ) ;
#4383 = DIRECTION ( 'NONE',  ( 0.0000000000000000000, 0.0000000000000000000, 1.000000000000000000 ) ) ;
#4384 = CONICAL_SURFACE ( 'NONE', #902, 0.1499999999999997400, 0.1745329251994302000 ) ;
#4385 = VERTEX_POINT ( 'NONE', #4064 ) ;
#4386 = CARTESIAN_POINT ( 'NONE',  ( 1.000000000281248600, 0.0000000000000000000, -1.500000000125000200 ) ) ;
#4387 = CARTESIAN_POINT ( 'NONE',  ( 0.0000000000000000000, 1.200000000000000000, -0.3750000001249999500 ) ) ;
#4388 = DIRECTION ( 'NONE',  ( 0.0000000000000000000, 0.0000000000000000000, 1.000000000000000000 ) ) ;
#4389 = VECTOR ( 'NONE', #5867, 1000.000000000000100 ) ;
#4390 = AXIS2_PLACEMENT_3D ( 'NONE', #3919, #3947, #3363 ) ;
#4391 = ORIENTED_EDGE ( 'NONE', *, *, #6576, .T. ) ;
#4392 = CARTESIAN_POINT ( 'NONE',  ( -1.049999999999998900, 0.1500000000000000800, 1.899999999924999000 ) ) ;
#4393 = EDGE_CURVE ( 'NONE', #5111, #1918, #4772, .T. ) ;
#4394 = CARTESIAN_POINT ( 'NONE',  ( -0.08838834764831850200, 0.7999999999999999300, -0.2866116524766816900 ) ) ;
#4395 = EDGE_CURVE ( 'NONE', #1321, #2805, #586, .T. ) ;
#4396 = ORIENTED_EDGE ( 'NONE', *, *, #3146, .F. ) ;
#4397 = CARTESIAN_POINT ( 'NONE',  ( -2.750000000000000000, 1.200000000000000000, -1.600000000124999700 ) ) ;
#4398 = CARTESIAN_POINT ( 'NONE',  ( 1.200000000000000400, 0.9499999999999936300, 1.074999999925000600 ) ) ;
#4399 = LINE ( 'NONE', #101, #3269 ) ;
#4400 = DIRECTION ( 'NONE',  ( 1.000000000000000000, -0.0000000000000000000, -0.0000000000000000000 ) ) ;
#4401 = CARTESIAN_POINT ( 'NONE',  ( -2.030724580280853300, 1.200000000000000000, -0.2500000001249999500 ) ) ;
#4402 = CIRCLE ( 'NONE', #802, 0.1250000000000000000 ) ;
#4403 = PLANE ( 'NONE',  #6714 ) ;
#4404 = DIRECTION ( 'NONE',  ( -0.0000000000000000000, 1.000000000000000000, -0.0000000000000000000 ) ) ;
#4405 = CARTESIAN_POINT ( 'NONE',  ( -1.599999999999999900, 0.7499999999999998900, -0.7000000001249999700 ) ) ;
#4406 = CARTESIAN_POINT ( 'NONE',  ( 2.674999999999998000, 0.0000000000000000000, -1.200000000150000400 ) ) ;
#4407 = EDGE_LOOP ( 'NONE', ( #7383, #3694, #359, #5990 ) ) ;
#4408 = VECTOR ( 'NONE', #1401, 1000.000000000000000 ) ;
#4409 = ADVANCED_FACE ( 'NONE', ( #7159 ), #1768, .F. ) ;
#4410 = EDGE_CURVE ( 'NONE', #5610, #3971, #2146, .T. ) ;
#4411 = VERTEX_POINT ( 'NONE', #4779 ) ;
#4412 = EDGE_CURVE ( 'NONE', #7727, #710, #2053, .T. ) ;
#4413 = EDGE_LOOP ( 'NONE', ( #5710, #3381, #5303, #6283 ) ) ;
#4414 = CARTESIAN_POINT ( 'NONE',  ( -0.9173140263893599900, 0.7999999999999999300, -0.2500000001250000700 ) ) ;
#4415 = DIRECTION ( 'NONE',  ( 0.0000000000000000000, 0.0000000000000000000, 1.000000000000000000 ) ) ;
#4416 = CARTESIAN_POINT ( 'NONE',  ( 0.4725000000000000300, 0.7499999999999998900, -0.0000000000000000000 ) ) ;
#4417 = DIRECTION ( 'NONE',  ( 0.0000000000000000000, 0.2588190451025214600, -0.9659258262890680900 ) ) ;
#4418 = ADVANCED_FACE ( 'NONE', ( #2516 ), #4054, .F. ) ;
#4419 = CARTESIAN_POINT ( 'NONE',  ( -0.4749999999999887600, 0.5999999999999999800, -1.600000000125001400 ) ) ;
#4420 = LINE ( 'NONE', #594, #4034 ) ;
#4421 = DIRECTION ( 'NONE',  ( -0.0000000000000000000, -0.9659258262890680900, -0.2588190451025214600 ) ) ;
#4422 = ORIENTED_EDGE ( 'NONE', *, *, #4135, .F. ) ;
#4423 = AXIS2_PLACEMENT_3D ( 'NONE', #7735, #455, #6527 ) ;
#4424 = ORIENTED_EDGE ( 'NONE', *, *, #2714, .T. ) ;
#4425 = DIRECTION ( 'NONE',  ( -0.0000000000000000000, 1.000000000000000000, -0.0000000000000000000 ) ) ;
#4426 = LINE ( 'NONE', #4179, #2837 ) ;
#4427 = ORIENTED_EDGE ( 'NONE', *, *, #3300, .F. ) ;
#4428 = CARTESIAN_POINT ( 'NONE',  ( -2.500000000468749900, 1.200000000000000000, 0.7999999997750006900 ) ) ;
#4429 = ORIENTED_EDGE ( 'NONE', *, *, #6223, .T. ) ;
#4430 = CARTESIAN_POINT ( 'NONE',  ( 0.0000000000000000000, 1.149999999999999900, 0.0000000000000000000 ) ) ;
#4431 = FACE_OUTER_BOUND ( 'NONE', #4987, .T. ) ;
#4432 = EDGE_CURVE ( 'NONE', #678, #206, #6653, .T. ) ;
#4433 = CARTESIAN_POINT ( 'NONE',  ( -0.9749999999999989800, 1.050000000000000000, 1.649999999924999000 ) ) ;
#4434 = ORIENTED_EDGE ( 'NONE', *, *, #3628, .T. ) ;
#4435 = ORIENTED_EDGE ( 'NONE', *, *, #6126, .F. ) ;
#4436 = DIRECTION ( 'NONE',  ( -0.0000000000000000000, 1.000000000000000000, -0.0000000000000000000 ) ) ;
#4437 = FACE_OUTER_BOUND ( 'NONE', #3632, .T. ) ;
#4438 = ORIENTED_EDGE ( 'NONE', *, *, #6897, .T. ) ;
#4439 = VECTOR ( 'NONE', #4200, 1000.000000000000000 ) ;
#4440 = ORIENTED_EDGE ( 'NONE', *, *, #5788, .F. ) ;
#4441 = EDGE_CURVE ( 'NONE', #2863, #4571, #6766, .T. ) ;
#4442 = ADVANCED_FACE ( 'NONE', ( #5055 ), #4654, .T. ) ;
#4443 = FACE_OUTER_BOUND ( 'NONE', #7814, .T. ) ;
#4444 = DIRECTION ( 'NONE',  ( -0.0000000000000000000, -1.000000000000000000, -0.0000000000000000000 ) ) ;
#4445 = VERTEX_POINT ( 'NONE', #1700 ) ;
#4446 = LINE ( 'NONE', #2275, #2777 ) ;
#4447 = DIRECTION ( 'NONE',  ( 0.0000000000000000000, -1.000000000000000000, 0.0000000000000000000 ) ) ;
#4448 = ORIENTED_EDGE ( 'NONE', *, *, #1067, .F. ) ;
#4449 = EDGE_LOOP ( 'NONE', ( #5935, #7116, #6260, #4841 ) ) ;
#4450 = DIRECTION ( 'NONE',  ( 1.000000000000000000, 0.0000000000000000000, 0.0000000000000000000 ) ) ;
#4451 = CARTESIAN_POINT ( 'NONE',  ( -2.674999999999998900, 0.0000000000000000000, -1.400000000149999500 ) ) ;
#4452 = CARTESIAN_POINT ( 'NONE',  ( 0.8749999999999996700, 0.7999999999999999300, -0.2500000001249999500 ) ) ;
#4453 = CYLINDRICAL_SURFACE ( 'NONE', #4583, 0.1000000000000000500 ) ;
#4454 = EDGE_CURVE ( 'NONE', #3743, #1055, #2332, .T. ) ;
#4455 = ADVANCED_FACE ( 'NONE', ( #3546 ), #1176, .F. ) ;
#4456 = EDGE_LOOP ( 'NONE', ( #353, #3779, #5974, #1731, #7210 ) ) ;
#4457 = LINE ( 'NONE', #3748, #3425 ) ;
#4458 = EDGE_CURVE ( 'NONE', #6752, #7460, #3177, .T. ) ;
#4459 = EDGE_CURVE ( 'NONE', #3745, #6447, #4198, .T. ) ;
#4460 = VECTOR ( 'NONE', #6855, 1000.000000000000000 ) ;
#4461 = ORIENTED_EDGE ( 'NONE', *, *, #4753, .F. ) ;
#4462 = CARTESIAN_POINT ( 'NONE',  ( 2.749999999999998200, 0.6500000000000016900, -0.5499999999500014800 ) ) ;
#4463 = VECTOR ( 'NONE', #511, 1000.000000000000000 ) ;
#4464 = VECTOR ( 'NONE', #2828, 1000.000000000000000 ) ;
#4465 = ORIENTED_EDGE ( 'NONE', *, *, #3331, .F. ) ;
#4466 = AXIS2_PLACEMENT_3D ( 'NONE', #2464, #4028, #613 ) ;
#4467 = VERTEX_POINT ( 'NONE', #5539 ) ;
#4468 = EDGE_CURVE ( 'NONE', #6002, #6407, #989, .T. ) ;
#4469 = DIRECTION ( 'NONE',  ( 0.0000000000000000000, 1.000000000000000000, -0.0000000000000000000 ) ) ;
#4470 = LINE ( 'NONE', #4151, #195 ) ;
#4471 = ORIENTED_EDGE ( 'NONE', *, *, #6048, .F. ) ;
#4472 = CARTESIAN_POINT ( 'NONE',  ( -2.400000000468749800, 0.7999999999999999300, -0.3500000001249999300 ) ) ;
#4473 = LINE ( 'NONE', #6431, #2887 ) ;
#4474 = EDGE_LOOP ( 'NONE', ( #1942, #1736, #7622, #3576, #3723 ) ) ;
#4475 = LINE ( 'NONE', #2658, #570 ) ;
#4476 = CARTESIAN_POINT ( 'NONE',  ( 0.6000000000000006400, 0.5999999999999999800, 1.649999999924999000 ) ) ;
#4477 = DIRECTION ( 'NONE',  ( -2.891205795222147400E-015, 0.0000000000000000000, 1.000000000000000000 ) ) ;
#4478 = EDGE_LOOP ( 'NONE', ( #2431, #1907, #2149, #7290, #2435, #1606, #3719, #4949 ) ) ;
#4479 = CARTESIAN_POINT ( 'NONE',  ( -0.8749999999999996700, 0.7499999999999998900, -0.5232233048283629900 ) ) ;
#4480 = DIRECTION ( 'NONE',  ( 0.0000000000000000000, 0.0000000000000000000, 1.000000000000000000 ) ) ;
#4481 = LINE ( 'NONE', #33, #7440 ) ;
#4482 = ORIENTED_EDGE ( 'NONE', *, *, #7370, .F. ) ;
#4483 = ORIENTED_EDGE ( 'NONE', *, *, #7061, .T. ) ;
#4484 = ADVANCED_FACE ( 'NONE', ( #7060 ), #3134, .F. ) ;
#4485 = ORIENTED_EDGE ( 'NONE', *, *, #2502, .T. ) ;
#4486 = ORIENTED_EDGE ( 'NONE', *, *, #568, .F. ) ;
#4487 = CARTESIAN_POINT ( 'NONE',  ( 0.2250000000000009200, 1.000000000000000000, 1.649999999924999000 ) ) ;
#4488 = LINE ( 'NONE', #6104, #316 ) ;
#4489 = DIRECTION ( 'NONE',  ( 0.09343174671670150000, 0.0000000000000000000, -0.9956256870458224400 ) ) ;
#4490 = FACE_OUTER_BOUND ( 'NONE', #2517, .T. ) ;
#4491 = DIRECTION ( 'NONE',  ( -0.0000000000000000000, 1.000000000000000000, -0.0000000000000000000 ) ) ;
#4492 = ADVANCED_FACE ( 'NONE', ( #892 ), #7395, .T. ) ;
#4493 = PLANE ( 'NONE',  #2972 ) ;
#4494 = VERTEX_POINT ( 'NONE', #135 ) ;
#4495 = EDGE_LOOP ( 'NONE', ( #2068, #3244, #1915, #1823 ) ) ;
#4496 = FACE_OUTER_BOUND ( 'NONE', #7512, .T. ) ;
#4497 = EDGE_CURVE ( 'NONE', #6479, #6437, #1960, .T. ) ;
#4498 = VERTEX_POINT ( 'NONE', #5652 ) ;
#4499 = ORIENTED_EDGE ( 'NONE', *, *, #2012, .F. ) ;
#4500 = DIRECTION ( 'NONE',  ( -8.673617379884030700E-015, 0.0000000000000000000, 1.000000000000000000 ) ) ;
#4501 = VECTOR ( 'NONE', #6973, 1000.000000000000000 ) ;
#4502 = CARTESIAN_POINT ( 'NONE',  ( -0.1499999999999990000, 0.1500000000000000800, 1.649999999924999000 ) ) ;
#4503 = DIRECTION ( 'NONE',  ( 0.0000000000000000000, 0.0000000000000000000, 1.000000000000000000 ) ) ;
#4504 = LINE ( 'NONE', #1806, #4316 ) ;
#4505 = ORIENTED_EDGE ( 'NONE', *, *, #65, .F. ) ;
#4506 = VERTEX_POINT ( 'NONE', #3190 ) ;
#4507 = AXIS2_PLACEMENT_3D ( 'NONE', #3754, #4364, #5594 ) ;
#4508 = EDGE_CURVE ( 'NONE', #7359, #4907, #6962, .T. ) ;
#4509 = EDGE_CURVE ( 'NONE', #2001, #6955, #793, .T. ) ;
#4510 = EDGE_CURVE ( 'NONE', #5302, #1463, #6865, .T. ) ;
#4511 = VECTOR ( 'NONE', #3824, 1000.000000000000100 ) ;
#4512 = ORIENTED_EDGE ( 'NONE', *, *, #542, .T. ) ;
#4513 = DIRECTION ( 'NONE',  ( -0.7071067811865468000, 0.0000000000000000000, -0.7071067811865483500 ) ) ;
#4514 = FACE_OUTER_BOUND ( 'NONE', #6023, .T. ) ;
#4515 = ORIENTED_EDGE ( 'NONE', *, *, #7370, .T. ) ;
#4516 = ADVANCED_FACE ( 'NONE', ( #5158 ), #7633, .T. ) ;
#4517 = CARTESIAN_POINT ( 'NONE',  ( -1.349999999999998800, 0.1499999999999999700, 1.649999999924999000 ) ) ;
#4518 = CARTESIAN_POINT ( 'NONE',  ( 2.175000000468748900, 0.7999999999999999300, 0.9732701105718156700 ) ) ;
#4519 = CARTESIAN_POINT ( 'NONE',  ( -0.7999999999999997100, 1.200000000000000000, -0.7000000001249999700 ) ) ;
#4520 = VECTOR ( 'NONE', #4365, 1000.000000000000000 ) ;
#4521 = CARTESIAN_POINT ( 'NONE',  ( 1.599999999999999600, 0.7499999999999998900, -0.5982233048283637200 ) ) ;
#4522 = ORIENTED_EDGE ( 'NONE', *, *, #6419, .T. ) ;
#4523 = VECTOR ( 'NONE', #3158, 1000.000000000000000 ) ;
#4524 = ORIENTED_EDGE ( 'NONE', *, *, #64, .F. ) ;
#4525 = CARTESIAN_POINT ( 'NONE',  ( -0.2425501115594078400, 0.7525738088808735500, -0.2500000001249999500 ) ) ;
#4526 = DIRECTION ( 'NONE',  ( 0.0000000000000000000, 0.0000000000000000000, 1.000000000000000000 ) ) ;
#4527 = LINE ( 'NONE', #4176, #5192 ) ;
#4528 = ORIENTED_EDGE ( 'NONE', *, *, #6108, .F. ) ;
#4529 = ORIENTED_EDGE ( 'NONE', *, *, #7835, .T. ) ;
#4530 = FACE_OUTER_BOUND ( 'NONE', #7524, .T. ) ;
#4531 = ORIENTED_EDGE ( 'NONE', *, *, #1595, .F. ) ;
#4532 = AXIS2_PLACEMENT_3D ( 'NONE', #2510, #1884, #4186 ) ;
#4533 = LINE ( 'NONE', #2716, #176 ) ;
#4534 = DIRECTION ( 'NONE',  ( 0.1736481776669326300, -0.9848077530122075800, 0.0000000000000000000 ) ) ;
#4535 = EDGE_CURVE ( 'NONE', #7882, #7653, #110, .T. ) ;
#4536 = ORIENTED_EDGE ( 'NONE', *, *, #3461, .F. ) ;
#4537 = VECTOR ( 'NONE', #2913, 1000.000000000000100 ) ;
#4538 = DIRECTION ( 'NONE',  ( -1.000000000000000000, 0.0000000000000000000, -2.891205795222147400E-015 ) ) ;
#4539 = DIRECTION ( 'NONE',  ( -0.0000000000000000000, 1.000000000000000000, -0.0000000000000000000 ) ) ;
#4540 = ORIENTED_EDGE ( 'NONE', *, *, #6013, .T. ) ;
#4541 = VECTOR ( 'NONE', #7407, 1000.000000000000200 ) ;
#4542 = ORIENTED_EDGE ( 'NONE', *, *, #5934, .T. ) ;
#4543 = VECTOR ( 'NONE', #7100, 1000.000000000000000 ) ;
#4544 = AXIS2_PLACEMENT_3D ( 'NONE', #1545, #922, #5767 ) ;
#4545 = ORIENTED_EDGE ( 'NONE', *, *, #6743, .T. ) ;
#4546 = DIRECTION ( 'NONE',  ( -2.130550946511894600E-015, 0.0000000000000000000, 1.000000000000000000 ) ) ;
#4547 = VERTEX_POINT ( 'NONE', #1030 ) ;
#4548 = VECTOR ( 'NONE', #1098, 1000.000000000000000 ) ;
#4549 = DIRECTION ( 'NONE',  ( -2.891205793294679400E-015, 1.000000000000000000, 0.0000000000000000000 ) ) ;
#4550 = FACE_OUTER_BOUND ( 'NONE', #2982, .T. ) ;
#4551 = CARTESIAN_POINT ( 'NONE',  ( 2.674999999999998500, 0.0000000000000000000, -1.500000000125000200 ) ) ;
#4552 = EDGE_CURVE ( 'NONE', #3804, #5145, #7819, .T. ) ;
#4553 = EDGE_CURVE ( 'NONE', #4498, #5143, #4959, .T. ) ;
#4554 = ORIENTED_EDGE ( 'NONE', *, *, #5735, .T. ) ;
#4555 = ADVANCED_FACE ( 'NONE', ( #6573 ), #4570, .F. ) ;
#4556 = DIRECTION ( 'NONE',  ( 1.000000000000000000, 0.0000000000000000000, 0.0000000000000000000 ) ) ;
#4557 = VECTOR ( 'NONE', #5839, 1000.000000000000100 ) ;
#4558 = EDGE_LOOP ( 'NONE', ( #4499, #6324, #5547, #4924, #6089 ) ) ;
#4559 = FACE_OUTER_BOUND ( 'NONE', #4941, .T. ) ;
#4560 = CARTESIAN_POINT ( 'NONE',  ( 0.4725000000000000300, 0.0000000000000000000, -0.7000000001249999700 ) ) ;
#4561 = AXIS2_PLACEMENT_3D ( 'NONE', #7205, #6716, #6185 ) ;
#4562 = ORIENTED_EDGE ( 'NONE', *, *, #6757, .F. ) ;
#4563 = LINE ( 'NONE', #1368, #5814 ) ;
#4564 = ORIENTED_EDGE ( 'NONE', *, *, #6439, .T. ) ;
#4565 = DIRECTION ( 'NONE',  ( -1.000000000000000000, 0.0000000000000000000, -0.0000000000000000000 ) ) ;
#4566 = ADVANCED_FACE ( 'NONE', ( #1968 ), #7182, .F. ) ;
#4567 = DIRECTION ( 'NONE',  ( -0.0000000000000000000, -1.000000000000000000, -0.0000000000000000000 ) ) ;
#4568 = CARTESIAN_POINT ( 'NONE',  ( -2.750000000000000000, 1.200000000000000000, 0.6999999997749999400 ) ) ;
#4569 = CARTESIAN_POINT ( 'NONE',  ( 1.925000000000005200, 0.5999999999999999800, -0.7000000001249999700 ) ) ;
#4570 = PLANE ( 'NONE',  #280 ) ;
#4571 = VERTEX_POINT ( 'NONE', #2994 ) ;
#4572 = ORIENTED_EDGE ( 'NONE', *, *, #7152, .T. ) ;
#4573 = DIRECTION ( 'NONE',  ( 1.000000000000000000, -0.0000000000000000000, 7.589415207398791400E-015 ) ) ;
#4574 = VECTOR ( 'NONE', #2181, 1000.000000000000000 ) ;
#4575 = VERTEX_POINT ( 'NONE', #1836 ) ;
#4576 = DIRECTION ( 'NONE',  ( 0.0000000000000000000, 0.0000000000000000000, -1.000000000000000000 ) ) ;
#4577 = CARTESIAN_POINT ( 'NONE',  ( 0.0000000000000000000, 0.0000000000000000000, 1.649999999924999000 ) ) ;
#4578 = VECTOR ( 'NONE', #5028, 1000.000000000000000 ) ;
#4579 = DIRECTION ( 'NONE',  ( 0.7071067811865482400, 0.0000000000000000000, -0.7071067811865469100 ) ) ;
#4580 = DIRECTION ( 'NONE',  ( -0.0000000000000000000, 1.000000000000000000, 0.0000000000000000000 ) ) ;
#4581 = DIRECTION ( 'NONE',  ( -0.0000000000000000000, -1.000000000000000000, 0.0000000000000000000 ) ) ;
#4582 = VERTEX_POINT ( 'NONE', #3019 ) ;
#4583 = AXIS2_PLACEMENT_3D ( 'NONE', #4378, #837, #1488 ) ;
#4584 = DIRECTION ( 'NONE',  ( 0.0000000000000000000, 1.000000000000000000, 0.0000000000000000000 ) ) ;
#4585 = ORIENTED_EDGE ( 'NONE', *, *, #5628, .T. ) ;
#4586 = VECTOR ( 'NONE', #4539, 1000.000000000000000 ) ;
#4587 = AXIS2_PLACEMENT_3D ( 'NONE', #4476, #3810, #7560 ) ;
#4588 = LINE ( 'NONE', #3476, #415 ) ;
#4589 = DIRECTION ( 'NONE',  ( -2.168404344971007700E-015, 0.0000000000000000000, -1.000000000000000000 ) ) ;
#4590 = EDGE_CURVE ( 'NONE', #7813, #1620, #2810, .T. ) ;
#4591 = VERTEX_POINT ( 'NONE', #2342 ) ;
#4592 = LINE ( 'NONE', #1553, #4501 ) ;
#4593 = PLANE ( 'NONE',  #2089 ) ;
#4594 = CARTESIAN_POINT ( 'NONE',  ( 0.9750000000000009800, 1.000000000000000000, 1.649999999924999000 ) ) ;
#4595 = PLANE ( 'NONE',  #3540 ) ;
#4596 = EDGE_LOOP ( 'NONE', ( #4714, #7230, #478, #1594 ) ) ;
#4597 = AXIS2_PLACEMENT_3D ( 'NONE', #1931, #728, #794 ) ;
#4598 = EDGE_LOOP ( 'NONE', ( #2712, #6456, #2079, #3258 ) ) ;
#4599 = DIRECTION ( 'NONE',  ( 2.891205795222149400E-015, 0.0000000000000000000, 1.000000000000000000 ) ) ;
#4600 = CARTESIAN_POINT ( 'NONE',  ( -2.201954402410123600, 0.9499999999999936300, 1.099135055248403600 ) ) ;
#4601 = EDGE_CURVE ( 'NONE', #7153, #999, #5435, .T. ) ;
#4602 = CARTESIAN_POINT ( 'NONE',  ( -0.7999999999999997100, 0.7999999999999999300, -0.7000000001249999700 ) ) ;
#4603 = VECTOR ( 'NONE', #1468, 1000.000000000000000 ) ;
#4604 = DIRECTION ( 'NONE',  ( 2.168404346868374800E-015, 0.0000000000000000000, 1.000000000000000000 ) ) ;
#4605 = ORIENTED_EDGE ( 'NONE', *, *, #7705, .F. ) ;
#4606 = EDGE_CURVE ( 'NONE', #2444, #6918, #5238, .T. ) ;
#4607 = ORIENTED_EDGE ( 'NONE', *, *, #2802, .T. ) ;
#4608 = LINE ( 'NONE', #1034, #5184 ) ;
#4609 = ORIENTED_EDGE ( 'NONE', *, *, #64, .T. ) ;
#4610 = CARTESIAN_POINT ( 'NONE',  ( -2.175000000468748900, 0.8189695520413333700, 0.8499999997749972900 ) ) ;
#4611 = AXIS2_PLACEMENT_3D ( 'NONE', #3577, #4846, #3085 ) ;
#4612 = EDGE_CURVE ( 'NONE', #6367, #4111, #2627, .T. ) ;
#4613 = ORIENTED_EDGE ( 'NONE', *, *, #1218, .F. ) ;
#4614 = DIRECTION ( 'NONE',  ( 0.0000000000000000000, 0.0000000000000000000, 1.000000000000000000 ) ) ;
#4615 = LINE ( 'NONE', #3314, #7757 ) ;
#4616 = ORIENTED_EDGE ( 'NONE', *, *, #4896, .T. ) ;
#4617 = CARTESIAN_POINT ( 'NONE',  ( -2.500000000468749900, 0.0000000000000000000, 1.899999999925000300 ) ) ;
#4618 = DIRECTION ( 'NONE',  ( -0.0000000000000000000, 1.000000000000000000, -0.0000000000000000000 ) ) ;
#4619 = AXIS2_PLACEMENT_3D ( 'NONE', #461, #2317, #2877 ) ;
#4620 = LINE ( 'NONE', #2633, #6715 ) ;
#4621 = ORIENTED_EDGE ( 'NONE', *, *, #2050, .F. ) ;
#4622 = LINE ( 'NONE', #6209, #3121 ) ;
#4623 = VERTEX_POINT ( 'NONE', #4271 ) ;
#4624 = CARTESIAN_POINT ( 'NONE',  ( 2.500000000468749500, 0.7999999999999999300, -0.5499999999499998200 ) ) ;
#4625 = DIRECTION ( 'NONE',  ( 0.0000000000000000000, 0.0000000000000000000, -1.000000000000000000 ) ) ;
#4626 = DIRECTION ( 'NONE',  ( -6.023345402697249200E-017, 1.000000000000000000, 0.0000000000000000000 ) ) ;
#4627 = CARTESIAN_POINT ( 'NONE',  ( -1.674999999999989200, 0.0000000000000000000, -1.500000000124999800 ) ) ;
#4628 = LINE ( 'NONE', #3966, #6051 ) ;
#4629 = DIRECTION ( 'NONE',  ( 1.000000000000000000, 0.0000000000000000000, 0.0000000000000000000 ) ) ;
#4630 = VERTEX_POINT ( 'NONE', #1273 ) ;
#4631 = LINE ( 'NONE', #5864, #5394 ) ;
#4632 = ORIENTED_EDGE ( 'NONE', *, *, #3699, .T. ) ;
#4633 = ORIENTED_EDGE ( 'NONE', *, *, #7867, .T. ) ;
#4634 = VECTOR ( 'NONE', #2127, 1000.000000000000000 ) ;
#4635 = ORIENTED_EDGE ( 'NONE', *, *, #7300, .T. ) ;
#4636 = FACE_OUTER_BOUND ( 'NONE', #432, .T. ) ;
#4637 = AXIS2_PLACEMENT_3D ( 'NONE', #2881, #7849, #7165 ) ;
#4638 = LINE ( 'NONE', #2886, #2592 ) ;
#4639 = ORIENTED_EDGE ( 'NONE', *, *, #6289, .T. ) ;
#4640 = VECTOR ( 'NONE', #2144, 1000.000000000000000 ) ;
#4641 = CARTESIAN_POINT ( 'NONE',  ( 2.173635284891741300, 0.7999999999999999300, 0.3520313618593899400 ) ) ;
#4642 = CARTESIAN_POINT ( 'NONE',  ( -2.249999999999999100, 0.1499999999999999700, 1.899999999924999000 ) ) ;
#4643 = EDGE_CURVE ( 'NONE', #5753, #690, #6658, .T. ) ;
#4644 = VECTOR ( 'NONE', #3078, 1000.000000000000000 ) ;
#4645 = DIRECTION ( 'NONE',  ( 0.1750888650302265000, -0.9845526341148183000, 0.0000000000000000000 ) ) ;
#4646 =( NAMED_UNIT ( * ) SI_UNIT ( $, .STERADIAN. ) SOLID_ANGLE_UNIT ( ) );
#4647 = ORIENTED_EDGE ( 'NONE', *, *, #7723, .T. ) ;
#4648 = ORIENTED_EDGE ( 'NONE', *, *, #1858, .F. ) ;
#4649 = DIRECTION ( 'NONE',  ( 0.9764514191219244600, -0.1736481776669242800, 0.1280192817029378000 ) ) ;
#4650 = LINE ( 'NONE', #309, #7043 ) ;
#4651 = CARTESIAN_POINT ( 'NONE',  ( 1.800000000000000700, 0.5999999999999999800, 1.649999999924999000 ) ) ;
#4652 = CARTESIAN_POINT ( 'NONE',  ( -1.924999999999988700, 0.5999999999999999800, -1.600000000124999900 ) ) ;
#4653 = ORIENTED_EDGE ( 'NONE', *, *, #2855, .T. ) ;
#4654 = PLANE ( 'NONE',  #3140 ) ;
#4655 = EDGE_CURVE ( 'NONE', #4137, #1365, #7348, .T. ) ;
#4656 = ORIENTED_EDGE ( 'NONE', *, *, #3470, .F. ) ;
#4657 = EDGE_CURVE ( 'NONE', #3573, #5177, #2992, .T. ) ;
#4658 = EDGE_CURVE ( 'NONE', #569, #1416, #3370, .T. ) ;
#4659 = VECTOR ( 'NONE', #858, 1000.000000000000000 ) ;
#4660 = DIRECTION ( 'NONE',  ( 0.0000000000000000000, 0.0000000000000000000, 1.000000000000000000 ) ) ;
#4661 = VECTOR ( 'NONE', #7644, 1000.000000000000100 ) ;
#4662 = ORIENTED_EDGE ( 'NONE', *, *, #3095, .T. ) ;
#4663 = DIRECTION ( 'NONE',  ( 0.0000000000000000000, 0.0000000000000000000, -1.000000000000000000 ) ) ;
#4664 = MECHANICAL_DESIGN_GEOMETRIC_PRESENTATION_REPRESENTATION (  '', ( #2670 ), #5484 ) ;
#4665 = ORIENTED_EDGE ( 'NONE', *, *, #6128, .T. ) ;
#4666 = DIRECTION ( 'NONE',  ( -1.000000000000000000, 0.0000000000000000000, 0.0000000000000000000 ) ) ;
#4667 = CARTESIAN_POINT ( 'NONE',  ( -1.000000000281250100, 0.1000000000000000500, -1.600000000125000100 ) ) ;
#4668 = VERTEX_POINT ( 'NONE', #6852 ) ;
#4669 = CARTESIAN_POINT ( 'NONE',  ( 0.0000000000000000000, 1.139906666467844100, 1.258485669039685100 ) ) ;
#4670 = DIRECTION ( 'NONE',  ( 0.0000000000000000000, 0.0000000000000000000, -1.000000000000000000 ) ) ;
#4671 = FACE_BOUND ( 'NONE', #6983, .T. ) ;
#4672 = VECTOR ( 'NONE', #7513, 1000.000000000000000 ) ;
#4673 = DIRECTION ( 'NONE',  ( -1.000000000000000000, 0.0000000000000000000, 1.734723479229412300E-015 ) ) ;
#4674 = DIRECTION ( 'NONE',  ( 0.0000000000000000000, 0.0000000000000000000, -1.000000000000000000 ) ) ;
#4675 = ORIENTED_EDGE ( 'NONE', *, *, #6695, .F. ) ;
#4676 = DIRECTION ( 'NONE',  ( -0.0000000000000000000, -0.0000000000000000000, 1.000000000000000000 ) ) ;
#4677 = ORIENTED_EDGE ( 'NONE', *, *, #3106, .T. ) ;
#4678 = EDGE_CURVE ( 'NONE', #1463, #2818, #6009, .T. ) ;
#4679 = VECTOR ( 'NONE', #4884, 1000.000000000000000 ) ;
#4680 = ADVANCED_FACE ( 'NONE', ( #4208 ), #3407, .F. ) ;
#4681 = CARTESIAN_POINT ( 'NONE',  ( -1.799999999999999200, 0.5999999999999999800, 1.399999999924999000 ) ) ;
#4682 = ORIENTED_EDGE ( 'NONE', *, *, #4689, .T. ) ;
#4683 = ORIENTED_EDGE ( 'NONE', *, *, #3695, .T. ) ;
#4684 = CARTESIAN_POINT ( 'NONE',  ( -0.3249999999999995700, 0.7499999999999998900, -0.5232233048283631000 ) ) ;
#4685 = PLANE ( 'NONE',  #4727 ) ;
#4686 = AXIS2_PLACEMENT_3D ( 'NONE', #7909, #4250, #7880 ) ;
#4687 = LINE ( 'NONE', #1910, #6012 ) ;
#4688 = CARTESIAN_POINT ( 'NONE',  ( 0.3999999999999998000, 0.7499999999999998900, -0.5982233048283635000 ) ) ;
#4689 = EDGE_CURVE ( 'NONE', #3286, #844, #4970, .T. ) ;
#4690 = FACE_OUTER_BOUND ( 'NONE', #1995, .T. ) ;
#4691 = EDGE_CURVE ( 'NONE', #7774, #612, #3270, .T. ) ;
#4692 = ORIENTED_EDGE ( 'NONE', *, *, #5149, .T. ) ;
#4693 = VERTEX_POINT ( 'NONE', #5378 ) ;
#4694 = ORIENTED_EDGE ( 'NONE', *, *, #3760, .T. ) ;
#4695 = CARTESIAN_POINT ( 'NONE',  ( 0.1500000000000009400, 0.1500000000000000800, 1.649999999924999000 ) ) ;
#4696 = AXIS2_PLACEMENT_3D ( 'NONE', #7242, #3625, #7888 ) ;
#4697 = LINE ( 'NONE', #7474, #3290 ) ;
#4698 = ORIENTED_EDGE ( 'NONE', *, *, #3500, .T. ) ;
#4699 = PLANE ( 'NONE',  #6609 ) ;
#4700 = EDGE_CURVE ( 'NONE', #4352, #1839, #1679, .T. ) ;
#4701 = DIRECTION ( 'NONE',  ( 1.000000000000000000, 0.0000000000000000000, 0.0000000000000000000 ) ) ;
#4702 = EDGE_CURVE ( 'NONE', #4988, #1860, #7643, .T. ) ;
#4703 = CARTESIAN_POINT ( 'NONE',  ( -2.692632698070846200, 0.1000000000000001000, -1.600000000124999700 ) ) ;
#4704 = EDGE_CURVE ( 'NONE', #198, #1238, #4402, .T. ) ;
#4705 = CARTESIAN_POINT ( 'NONE',  ( -0.7274999999999998100, 0.7499999999999998900, 0.0000000000000000000 ) ) ;
#4706 = CARTESIAN_POINT ( 'NONE',  ( 1.672500000000000100, 0.0000000000000000000, -0.4000000001249999800 ) ) ;
#4707 = FACE_OUTER_BOUND ( 'NONE', #6162, .T. ) ;
#4708 = ORIENTED_EDGE ( 'NONE', *, *, #3095, .F. ) ;
#4709 = DIRECTION ( 'NONE',  ( 1.000000000000000000, -0.0000000000000000000, 2.891205795222149400E-015 ) ) ;
#4710 = ADVANCED_FACE ( 'NONE', ( #6485, #1285 ), #1233, .T. ) ;
#4711 = DIRECTION ( 'NONE',  ( -0.7071067811865468000, 0.0000000000000000000, -0.7071067811865483500 ) ) ;
#4712 = VECTOR ( 'NONE', #112, 1000.000000000000000 ) ;
#4713 = AXIS2_PLACEMENT_3D ( 'NONE', #174, #4928, #2543 ) ;
#4714 = ORIENTED_EDGE ( 'NONE', *, *, #578, .T. ) ;
#4715 = VECTOR ( 'NONE', #4995, 1000.000000000000000 ) ;
#4716 = EDGE_CURVE ( 'NONE', #5540, #2081, #6199, .T. ) ;
#4717 = ORIENTED_EDGE ( 'NONE', *, *, #687, .F. ) ;
#4718 = LINE ( 'NONE', #4003, #6611 ) ;
#4719 = ORIENTED_EDGE ( 'NONE', *, *, #435, .F. ) ;
#4720 = ORIENTED_EDGE ( 'NONE', *, *, #326, .T. ) ;
#4721 = FACE_OUTER_BOUND ( 'NONE', #3550, .T. ) ;
#4722 = DIRECTION ( 'NONE',  ( 1.000000000000000000, 0.0000000000000000000, -1.448494102440635200E-013 ) ) ;
#4723 = EDGE_LOOP ( 'NONE', ( #4545, #4005, #7694, #6100 ) ) ;
#4724 = ORIENTED_EDGE ( 'NONE', *, *, #2353, .F. ) ;
#4725 = CARTESIAN_POINT ( 'NONE',  ( -2.600000000468750000, 1.139906666467844800, 1.258485669039685700 ) ) ;
#4727 = AXIS2_PLACEMENT_3D ( 'NONE', #5943, #1073, #2914 ) ;
#4726 = CARTESIAN_POINT ( 'NONE',  ( 0.8749999999999996700, 0.7499999999999998900, -0.2500000001249999500 ) ) ;
#4728 = LINE ( 'NONE', #6391, #1442 ) ;
#4729 = CARTESIAN_POINT ( 'NONE',  ( 1.349999999687497600, 0.0000000000000000000, -1.799999999925000300 ) ) ;
#4730 = CARTESIAN_POINT ( 'NONE',  ( -1.051272786571499500, 0.9499999999999936300, 1.094499127746349600 ) ) ;
#4731 = ORIENTED_EDGE ( 'NONE', *, *, #7548, .T. ) ;
#4732 = LINE ( 'NONE', #3186, #949 ) ;
#4733 = DIRECTION ( 'NONE',  ( 1.000000000000000000, 0.0000000000000000000, 0.0000000000000000000 ) ) ;
#4734 = CARTESIAN_POINT ( 'NONE',  ( -1.348296932440513900, 0.9481626767409747600, 1.097593357979407700 ) ) ;
#4735 = VECTOR ( 'NONE', #5283, 1000.000000000000000 ) ;
#4736 = ORIENTED_EDGE ( 'NONE', *, *, #6768, .T. ) ;
#4737 = CARTESIAN_POINT ( 'NONE',  ( 1.925000000000011400, 0.5999999999999999800, -1.600000000125011000 ) ) ;
#4738 = VECTOR ( 'NONE', #2339, 1000.000000000000000 ) ;
#4739 = ORIENTED_EDGE ( 'NONE', *, *, #6679, .T. ) ;
#4740 = CARTESIAN_POINT ( 'NONE',  ( 0.8749999999999996700, 0.7999999999999999300, -0.2500000001249999500 ) ) ;
#4741 = CARTESIAN_POINT ( 'NONE',  ( 2.400000000468749800, 0.7999999999999999300, -0.3500000001249999300 ) ) ;
#4742 = ORIENTED_EDGE ( 'NONE', *, *, #6585, .T. ) ;
#4743 = VECTOR ( 'NONE', #2273, 1000.000000000000000 ) ;
#4744 = FACE_OUTER_BOUND ( 'NONE', #6413, .T. ) ;
#4745 = DIRECTION ( 'NONE',  ( -0.7071067811865468000, -0.0000000000000000000, -0.7071067811865483500 ) ) ;
#4746 = CARTESIAN_POINT ( 'NONE',  ( 2.173635284891741300, 0.7999999999999999300, 0.3520313618593899400 ) ) ;
#4747 = AXIS2_PLACEMENT_3D ( 'NONE', #5722, #7554, #137 ) ;
#4748 = ORIENTED_EDGE ( 'NONE', *, *, #5527, .T. ) ;
#4749 = LINE ( 'NONE', #2698, #3993 ) ;
#4750 = VERTEX_POINT ( 'NONE', #1378 ) ;
#4751 = DIRECTION ( 'NONE',  ( -0.0000000000000000000, 1.000000000000000000, -0.0000000000000000000 ) ) ;
#4752 = CARTESIAN_POINT ( 'NONE',  ( 1.925000000000011400, 0.5999999999999999800, -1.600000000125011000 ) ) ;
#4753 = EDGE_CURVE ( 'NONE', #5177, #3573, #7349, .T. ) ;
#4754 = CARTESIAN_POINT ( 'NONE',  ( -0.7249999999999954300, 0.5999999999999999800, -0.7000000001249999700 ) ) ;
#4755 = ORIENTED_EDGE ( 'NONE', *, *, #5419, .T. ) ;
#4756 = CARTESIAN_POINT ( 'NONE',  ( 1.672500000000000100, 0.7499999999999998900, -0.0000000000000000000 ) ) ;
#4757 = VERTEX_POINT ( 'NONE', #3352 ) ;
#4758 = VECTOR ( 'NONE', #6829, 1000.000000000000000 ) ;
#4759 = EDGE_LOOP ( 'NONE', ( #7224, #3358, #2222, #3380 ) ) ;
#4760 = DIRECTION ( 'NONE',  ( 1.000000000000000000, -0.0000000000000000000, -0.0000000000000000000 ) ) ;
#4761 = DIRECTION ( 'NONE',  ( 0.0000000000000000000, 1.000000000000000000, 0.0000000000000000000 ) ) ;
#4762 = CARTESIAN_POINT ( 'NONE',  ( -1.799999999999999200, 0.5999999999999999800, 1.649999999924999000 ) ) ;
#4763 = CARTESIAN_POINT ( 'NONE',  ( -2.400000000468749800, 0.7999999999999999300, -0.3500000001249999300 ) ) ;
#4764 = DIRECTION ( 'NONE',  ( -0.0000000000000000000, -0.0000000000000000000, 1.000000000000000000 ) ) ;
#4765 = VERTEX_POINT ( 'NONE', #3936 ) ;
#4766 = AXIS2_PLACEMENT_3D ( 'NONE', #7356, #737, #4321 ) ;
#4767 = VERTEX_POINT ( 'NONE', #5300 ) ;
#4768 = LINE ( 'NONE', #7741, #7629 ) ;
#4769 = EDGE_LOOP ( 'NONE', ( #2851, #4391, #6299, #7201 ) ) ;
#4770 = EDGE_CURVE ( 'NONE', #7878, #4269, #4777, .T. ) ;
#4771 = CARTESIAN_POINT ( 'NONE',  ( 0.7999999999999997100, 0.7999999999999999300, -0.7000000001249999700 ) ) ;
#4772 = LINE ( 'NONE', #7712, #5340 ) ;
#4773 = ORIENTED_EDGE ( 'NONE', *, *, #6900, .F. ) ;
#4774 = PLANE ( 'NONE',  #1734 ) ;
#4775 = EDGE_LOOP ( 'NONE', ( #2116, #6533 ) ) ;
#4776 = AXIS2_PLACEMENT_3D ( 'NONE', #489, #4905, #1248 ) ;
#4777 = LINE ( 'NONE', #7007, #7257 ) ;
#4778 = PLANE ( 'NONE',  #5225 ) ;
#4779 = CARTESIAN_POINT ( 'NONE',  ( -1.672499999999999700, 0.7499999999999998900, -0.7000000001249999700 ) ) ;
#4780 = ORIENTED_EDGE ( 'NONE', *, *, #3590, .T. ) ;
#4781 = FACE_OUTER_BOUND ( 'NONE', #6951, .T. ) ;
#4782 = CARTESIAN_POINT ( 'NONE',  ( -1.524999999999999900, 0.7499999999999998900, -0.2500000001249999500 ) ) ;
#4783 = DIRECTION ( 'NONE',  ( -0.0000000000000000000, -1.000000000000000000, -0.0000000000000000000 ) ) ;
#4784 = DIRECTION ( 'NONE',  ( 1.000000000000000000, 0.0000000000000000000, 0.0000000000000000000 ) ) ;
#4785 = ORIENTED_EDGE ( 'NONE', *, *, #6885, .T. ) ;
#4786 = ORIENTED_EDGE ( 'NONE', *, *, #2663, .T. ) ;
#4787 = AXIS2_PLACEMENT_3D ( 'NONE', #1166, #7821, #4805 ) ;
#4788 = CARTESIAN_POINT ( 'NONE',  ( -1.049999999999998900, 1.049999999999999800, 1.649999999924999000 ) ) ;
#4789 = FACE_OUTER_BOUND ( 'NONE', #2657, .T. ) ;
#4790 = ORIENTED_EDGE ( 'NONE', *, *, #2551, .T. ) ;
#4791 = AXIS2_PLACEMENT_3D ( 'NONE', #6273, #229, #901 ) ;
#4792 = CARTESIAN_POINT ( 'NONE',  ( -2.499999999999999600, 0.5000000000000000000, 0.7999999997750004700 ) ) ;
#4793 = VERTEX_POINT ( 'NONE', #5863 ) ;
#4794 = EDGE_CURVE ( 'NONE', #1131, #2863, #118, .T. ) ;
#4795 = CARTESIAN_POINT ( 'NONE',  ( -2.500000000468749500, 0.0000000000000000000, -1.400000000149999500 ) ) ;
#4796 = LINE ( 'NONE', #4096, #4989 ) ;
#4797 = ORIENTED_EDGE ( 'NONE', *, *, #338, .T. ) ;
#4798 = DIRECTION ( 'NONE',  ( 0.0000000000000000000, 0.0000000000000000000, -1.000000000000000000 ) ) ;
#4799 = ADVANCED_FACE ( 'NONE', ( #6873 ), #5432, .T. ) ;
#4800 = ORIENTED_EDGE ( 'NONE', *, *, #2664, .T. ) ;
#4801 = CARTESIAN_POINT ( 'NONE',  ( 2.692632698070844800, 0.1000000000000000500, -0.5499999999500013700 ) ) ;
#4802 = DIRECTION ( 'NONE',  ( 0.0000000000000000000, -1.000000000000000000, 0.0000000000000000000 ) ) ;
#4803 = LINE ( 'NONE', #6943, #5467 ) ;
#4804 = ORIENTED_EDGE ( 'NONE', *, *, #3300, .T. ) ;
#4805 = DIRECTION ( 'NONE',  ( 0.5000000000000001100, 0.0000000000000000000, -0.8660254037844386000 ) ) ;
#4806 = EDGE_CURVE ( 'NONE', #165, #5530, #2823, .T. ) ;
#4807 = CARTESIAN_POINT ( 'NONE',  ( 1.000000000281248400, 0.1000000000000000500, -1.500000000125000200 ) ) ;
#4808 = EDGE_CURVE ( 'NONE', #5716, #4630, #1480, .T. ) ;
#4809 = CARTESIAN_POINT ( 'NONE',  ( 0.2826859736106392400, 0.7999999999999999300, -0.2500000001250002900 ) ) ;
#4810 = EDGE_CURVE ( 'NONE', #3772, #4214, #2429, .T. ) ;
#4811 = FACE_OUTER_BOUND ( 'NONE', #6549, .T. ) ;
#4812 = ORIENTED_EDGE ( 'NONE', *, *, #532, .F. ) ;
#4813 = CARTESIAN_POINT ( 'NONE',  ( -1.111611652351681700, 0.7999999999999999300, -0.2866116524766814700 ) ) ;
#4814 = FACE_OUTER_BOUND ( 'NONE', #3086, .T. ) ;
#4815 = AXIS2_PLACEMENT_3D ( 'NONE', #7752, #5278, #2232 ) ;
#4816 = CARTESIAN_POINT ( 'NONE',  ( -1.924999999999988700, 0.5999999999999999800, -1.600000000124999900 ) ) ;
#4817 = VECTOR ( 'NONE', #3401, 1000.000000000000000 ) ;
#4818 = EDGE_CURVE ( 'NONE', #7503, #2751, #5646, .T. ) ;
#4819 = ORIENTED_EDGE ( 'NONE', *, *, #6333, .F. ) ;
#4820 = LINE ( 'NONE', #6444, #4537 ) ;
#4821 = ORIENTED_EDGE ( 'NONE', *, *, #4354, .F. ) ;
#4822 = PLANE ( 'NONE',  #3975 ) ;
#4823 = LINE ( 'NONE', #5897, #6442 ) ;
#4824 = ORIENTED_EDGE ( 'NONE', *, *, #5922, .T. ) ;
#4825 = LINE ( 'NONE', #4610, #3043 ) ;
#4826 = FILL_AREA_STYLE ('',( #585 ) ) ;
#4827 = ORIENTED_EDGE ( 'NONE', *, *, #7101, .F. ) ;
#4828 = FACE_OUTER_BOUND ( 'NONE', #370, .T. ) ;
#4829 = VERTEX_POINT ( 'NONE', #7431 ) ;
#4830 = CIRCLE ( 'NONE', #3005, 0.1500000000000000800 ) ;
#4831 = DIRECTION ( 'NONE',  ( -1.065275473255936100E-015, 0.0000000000000000000, -1.000000000000000000 ) ) ;
#4832 = CARTESIAN_POINT ( 'NONE',  ( 0.7250000000000111900, 0.5999999999999999800, -0.7000000001249999700 ) ) ;
#4833 = LINE ( 'NONE', #1206, #5464 ) ;
#4834 = CARTESIAN_POINT ( 'NONE',  ( 2.750000000000000000, 0.5000000000000000000, 0.6999999997749999400 ) ) ;
#4835 = DIRECTION ( 'NONE',  ( 1.000000000000000000, -0.0000000000000000000, -0.0000000000000000000 ) ) ;
#4836 = ORIENTED_EDGE ( 'NONE', *, *, #2396, .F. ) ;
#4837 = ORIENTED_EDGE ( 'NONE', *, *, #3839, .F. ) ;
#4838 = ADVANCED_FACE ( 'NONE', ( #4490 ), #2373, .F. ) ;
#4839 = LINE ( 'NONE', #4652, #1554 ) ;
#4840 = EDGE_CURVE ( 'NONE', #2287, #5624, #4588, .T. ) ;
#4841 = ORIENTED_EDGE ( 'NONE', *, *, #5256, .T. ) ;
#4842 = CARTESIAN_POINT ( 'NONE',  ( -2.692632698070846200, 0.1000000000000001000, -1.600000000124999700 ) ) ;
#4843 = CARTESIAN_POINT ( 'NONE',  ( 2.500000000468749000, 0.0000000000000000000, 1.899999999924997700 ) ) ;
#4844 = VECTOR ( 'NONE', #108, 1000.000000000000100 ) ;
#4845 = EDGE_LOOP ( 'NONE', ( #1865, #2930, #3787, #222, #7441 ) ) ;
#4846 = DIRECTION ( 'NONE',  ( 0.0000000000000000000, 1.000000000000000000, 0.0000000000000000000 ) ) ;
#4847 = ADVANCED_FACE ( 'NONE', ( #2244 ), #5002, .F. ) ;
#4848 = LINE ( 'NONE', #1938, #579 ) ;
#4849 = DIRECTION ( 'NONE',  ( -0.0000000000000000000, 1.000000000000000000, -0.0000000000000000000 ) ) ;
#4850 = VECTOR ( 'NONE', #5095, 1000.000000000000000 ) ;
#4851 = EDGE_CURVE ( 'NONE', #7047, #3492, #1780, .T. ) ;
#4852 = ORIENTED_EDGE ( 'NONE', *, *, #3006, .T. ) ;
#4853 = EDGE_CURVE ( 'NONE', #4293, #1474, #3183, .T. ) ;
#4854 = EDGE_CURVE ( 'NONE', #7433, #5843, #3268, .T. ) ;
#4855 = ORIENTED_EDGE ( 'NONE', *, *, #3251, .T. ) ;
#4856 = DIRECTION ( 'NONE',  ( -0.0000000000000000000, 1.000000000000000000, -0.0000000000000000000 ) ) ;
#4857 = CARTESIAN_POINT ( 'NONE',  ( 1.288388347648318400, 0.7999999999999999300, -0.2866116524766808600 ) ) ;
#4858 = ORIENTED_EDGE ( 'NONE', *, *, #6982, .T. ) ;
#4859 = CARTESIAN_POINT ( 'NONE',  ( 0.7999999999999998200, 0.7499999999999998900, -0.5982233048283627200 ) ) ;
#4860 = EDGE_LOOP ( 'NONE', ( #1421, #2313, #4800, #5452, #2593, #4227, #772, #4230 ) ) ;
#4861 = CARTESIAN_POINT ( 'NONE',  ( 2.156767229583731500, 1.200000000000000000, 1.093133396382724100 ) ) ;
#4862 = LINE ( 'NONE', #4416, #2720 ) ;
#4863 = CARTESIAN_POINT ( 'NONE',  ( 2.749999999999998200, 0.4253461364713256300, -0.5499999999500014800 ) ) ;
#4864 = VECTOR ( 'NONE', #235, 1000.000000000000000 ) ;
#4865 = AXIS2_PLACEMENT_3D ( 'NONE', #5092, #5064, #833 ) ;
#4866 = EDGE_CURVE ( 'NONE', #676, #1626, #2723, .T. ) ;
#4867 = EDGE_LOOP ( 'NONE', ( #1951, #5986, #2254, #3734 ) ) ;
#4868 = CARTESIAN_POINT ( 'NONE',  ( 2.250000000000001300, 0.1500000000000000800, 1.649999999924999000 ) ) ;
#4869 = VECTOR ( 'NONE', #7908, 1000.000000000000000 ) ;
#4870 = DIRECTION ( 'NONE',  ( -0.0000000000000000000, 1.000000000000000000, -0.0000000000000000000 ) ) ;
#4871 = CARTESIAN_POINT ( 'NONE',  ( 0.0000000000000000000, 0.0000000000000000000, 0.0000000000000000000 ) ) ;
#4872 = DIRECTION ( 'NONE',  ( -0.0000000000000000000, -1.000000000000000000, -0.0000000000000000000 ) ) ;
#4873 = EDGE_LOOP ( 'NONE', ( #6246, #2236, #3496, #5763, #5777, #7330, #2878, #7074, #6737 ) ) ;
#4874 = CARTESIAN_POINT ( 'NONE',  ( 2.250000000000001300, 0.1500000000000000800, 1.649999999924999000 ) ) ;
#4875 = ORIENTED_EDGE ( 'NONE', *, *, #7566, .T. ) ;
#4876 = LINE ( 'NONE', #5114, #323 ) ;
#4877 = ADVANCED_FACE ( 'NONE', ( #7539 ), #1897, .F. ) ;
#4878 = PLANE ( 'NONE',  #3846 ) ;
#4879 = CARTESIAN_POINT ( 'NONE',  ( 0.9489875138713899100, 0.7625732999377324800, -0.2500000001250010100 ) ) ;
#4880 = LINE ( 'NONE', #1259, #5745 ) ;
#4881 = ORIENTED_EDGE ( 'NONE', *, *, #7072, .F. ) ;
#4882 = EDGE_LOOP ( 'NONE', ( #328, #3781, #572, #3956 ) ) ;
#4883 = DIRECTION ( 'NONE',  ( 0.0000000000000000000, -1.000000000000000000, -0.0000000000000000000 ) ) ;
#4884 = DIRECTION ( 'NONE',  ( -1.000000000000000000, -0.0000000000000000000, -0.0000000000000000000 ) ) ;
#4885 = CARTESIAN_POINT ( 'NONE',  ( 0.1924349142502187200, 1.200000000000000000, 1.100229498304994500 ) ) ;
#4886 = ADVANCED_FACE ( 'NONE', ( #1862 ), #1794, .F. ) ;
#4887 = FACE_OUTER_BOUND ( 'NONE', #6308, .T. ) ;
#4888 = CARTESIAN_POINT ( 'NONE',  ( 0.0000000000000000000, 0.7999999999999999300, 1.074999999925000400 ) ) ;
#4889 = ORIENTED_EDGE ( 'NONE', *, *, #3133, .F. ) ;
#4890 = CARTESIAN_POINT ( 'NONE',  ( 2.175000000468748900, 0.8189695520413333700, 0.9249999997749972500 ) ) ;
#4891 = VECTOR ( 'NONE', #546, 1000.000000000000000 ) ;
#4892 = ORIENTED_EDGE ( 'NONE', *, *, #5477, .T. ) ;
#4893 = DIRECTION ( 'NONE',  ( 0.0000000000000000000, 0.0000000000000000000, 1.000000000000000000 ) ) ;
#4894 = VERTEX_POINT ( 'NONE', #4801 ) ;
#4895 = CARTESIAN_POINT ( 'NONE',  ( -0.2718160508543782700, 1.200000000000000000, 0.4947595842610711400 ) ) ;
#4896 = EDGE_CURVE ( 'NONE', #3910, #7273, #1581, .T. ) ;
#4897 =( BOUNDED_CURVE ( )  B_SPLINE_CURVE ( 3, ( #930, #5241, #5171, #288 ),
 .UNSPECIFIED., .F., .T. ) 
 B_SPLINE_CURVE_WITH_KNOTS ( ( 4, 4 ),
 ( 3.141592653589799300, 4.712388980384695000 ),
 .UNSPECIFIED. ) 
 CURVE ( )  GEOMETRIC_REPRESENTATION_ITEM ( )  RATIONAL_B_SPLINE_CURVE ( ( 1.000000000000000000, 0.8047378541243652700, 0.8047378541243652700, 1.000000000000000000 ) ) 
 REPRESENTATION_ITEM ( '' )  );
#4898 = VECTOR ( 'NONE', #936, 1000.000000000000000 ) ;
#4899 = EDGE_LOOP ( 'NONE', ( #6131, #738, #1408, #2234, #7527, #1902 ) ) ;
#4900 = EDGE_LOOP ( 'NONE', ( #7121, #6762, #3815, #1179, #7467 ) ) ;
#4901 = AXIS2_PLACEMENT_3D ( 'NONE', #3264, #5750, #7505 ) ;
#4902 = DIRECTION ( 'NONE',  ( -7.047314121155785900E-015, 0.0000000000000000000, 1.000000000000000000 ) ) ;
#4903 = VECTOR ( 'NONE', #5623, 1000.000000000000000 ) ;
#4904 = EDGE_CURVE ( 'NONE', #6752, #7813, #1393, .T. ) ;
#4905 = DIRECTION ( 'NONE',  ( 0.0000000000000000000, 0.0000000000000000000, 1.000000000000000000 ) ) ;
#4906 = CARTESIAN_POINT ( 'NONE',  ( -0.1499999999999990500, 1.049999999999999800, 1.899999999924999000 ) ) ;
#4907 = VERTEX_POINT ( 'NONE', #1193 ) ;
#4908 = CARTESIAN_POINT ( 'NONE',  ( 2.500000000468747700, 1.200000000000000000, -1.200000000150000400 ) ) ;
#4909 = ORIENTED_EDGE ( 'NONE', *, *, #6695, .T. ) ;
#4910 = EDGE_CURVE ( 'NONE', #451, #2315, #1188, .T. ) ;
#4911 = CARTESIAN_POINT ( 'NONE',  ( -2.499999999999999600, 0.5000000000000000000, 0.6999999997749999400 ) ) ;
#4912 = EDGE_CURVE ( 'NONE', #2081, #291, #3465, .T. ) ;
#4913 = DIRECTION ( 'NONE',  ( 1.000000000000000000, -0.0000000000000000000, -0.0000000000000000000 ) ) ;
#4914 = ORIENTED_EDGE ( 'NONE', *, *, #166, .T. ) ;
#4915 = CARTESIAN_POINT ( 'NONE',  ( 1.675000000000011600, 0.5999999999999999800, -1.600000000124974800 ) ) ;
#4916 = ORIENTED_EDGE ( 'NONE', *, *, #183, .T. ) ;
#4917 = ADVANCED_FACE ( 'NONE', ( #217 ), #4019, .F. ) ;
#4918 = VECTOR ( 'NONE', #971, 1000.000000000000100 ) ;
#4919 = DIRECTION ( 'NONE',  ( 0.0000000000000000000, 1.000000000000000000, 0.0000000000000000000 ) ) ;
#4920 = PRODUCT_DEFINITION_SHAPE ( 'NONE', 'NONE',  #2220 ) ;
#4921 = ORIENTED_EDGE ( 'NONE', *, *, #5787, .T. ) ;
#4922 = VECTOR ( 'NONE', #6663, 1000.000000000000000 ) ;
#4923 = DIRECTION ( 'NONE',  ( 1.000000000000000000, 0.0000000000000000000, -1.065275473255936100E-015 ) ) ;
#4924 = ORIENTED_EDGE ( 'NONE', *, *, #1208, .F. ) ;
#4925 = VECTOR ( 'NONE', #7279, 999.9999999999998900 ) ;
#4926 = ORIENTED_EDGE ( 'NONE', *, *, #48, .T. ) ;
#4927 = DIRECTION ( 'NONE',  ( -0.7071067811865468000, -0.0000000000000000000, -0.7071067811865483500 ) ) ;
#4928 = DIRECTION ( 'NONE',  ( -0.0000000000000000000, -1.000000000000000000, -0.0000000000000000000 ) ) ;
#4929 = CARTESIAN_POINT ( 'NONE',  ( -2.133368264463816600, 1.200000000000000000, 0.8437897680942068000 ) ) ;
#4930 = DIRECTION ( 'NONE',  ( -0.0000000000000000000, 1.000000000000000000, -0.0000000000000000000 ) ) ;
#4932 = LINE ( 'NONE', #6684, #5970 ) ;
#4931 = DIRECTION ( 'NONE',  ( 0.0000000000000000000, 0.7660444431189751300, 0.6427876096865429200 ) ) ;
#4933 = ADVANCED_FACE ( 'NONE', ( #5442 ), #7541, .F. ) ;
#4934 = ORIENTED_EDGE ( 'NONE', *, *, #5972, .T. ) ;
#4935 = VERTEX_POINT ( 'NONE', #265 ) ;
#4936 = VECTOR ( 'NONE', #4835, 1000.000000000000000 ) ;
#4937 = DIRECTION ( 'NONE',  ( -0.0000000000000000000, 1.000000000000000000, -0.0000000000000000000 ) ) ;
#4938 = ORIENTED_EDGE ( 'NONE', *, *, #1219, .F. ) ;
#4939 = AXIS2_PLACEMENT_3D ( 'NONE', #2446, #1926, #1363 ) ;
#4940 = VECTOR ( 'NONE', #7063, 1000.000000000000100 ) ;
#4941 = EDGE_LOOP ( 'NONE', ( #1533, #4675, #375, #1760, #3865, #3942 ) ) ;
#4942 = CARTESIAN_POINT ( 'NONE',  ( -1.524999999999999900, 0.8500000000000005300, -0.2500000001249999500 ) ) ;
#4943 = DIRECTION ( 'NONE',  ( -0.0000000000000000000, -1.000000000000000000, -0.0000000000000000000 ) ) ;
#4944 = CARTESIAN_POINT ( 'NONE',  ( 1.927500000000000200, 0.0000000000000000000, 0.0000000000000000000 ) ) ;
#4945 = CARTESIAN_POINT ( 'NONE',  ( 0.2142542641115577900, 1.972721710683651000, 1.957300465480065000 ) ) ;
#4946 = ORIENTED_EDGE ( 'NONE', *, *, #4904, .F. ) ;
#4947 = EDGE_LOOP ( 'NONE', ( #4311, #2606, #4155, #4465 ) ) ;
#4948 = FACE_OUTER_BOUND ( 'NONE', #2576, .T. ) ;
#4949 = ORIENTED_EDGE ( 'NONE', *, *, #2911, .F. ) ;
#4950 = EDGE_CURVE ( 'NONE', #2967, #4191, #2060, .T. ) ;
#4951 = EDGE_CURVE ( 'NONE', #5530, #5868, #1085, .T. ) ;
#4952 = CARTESIAN_POINT ( 'NONE',  ( 1.425000000000001200, 1.050000000000000000, 1.899999999924999000 ) ) ;
#4953 = ORIENTED_EDGE ( 'NONE', *, *, #6631, .F. ) ;
#4954 = CARTESIAN_POINT ( 'NONE',  ( -2.750000000000000000, 1.200000000000000000, 0.6999999997749999400 ) ) ;
#4955 = ORIENTED_EDGE ( 'NONE', *, *, #7357, .F. ) ;
#4956 = CARTESIAN_POINT ( 'NONE',  ( 1.199999999999999700, 0.7999999999999999300, -0.2500000001249989600 ) ) ;
#4957 = DIRECTION ( 'NONE',  ( 1.000000000000000000, 0.0000000000000000000, 0.0000000000000000000 ) ) ;
#4958 = ORIENTED_EDGE ( 'NONE', *, *, #4810, .F. ) ;
#4959 = LINE ( 'NONE', #2264, #5824 ) ;
#4960 = ORIENTED_EDGE ( 'NONE', *, *, #1382, .F. ) ;
#4961 = ADVANCED_FACE ( 'NONE', ( #3823 ), #7484, .T. ) ;
#4962 = DIRECTION ( 'NONE',  ( 0.1299941854756612200, 0.0000000000000000000, -0.9915147561900020700 ) ) ;
#4963 = EDGE_CURVE ( 'NONE', #1963, #5070, #6292, .T. ) ;
#4964 = ORIENTED_EDGE ( 'NONE', *, *, #2852, .T. ) ;
#4965 = EDGE_CURVE ( 'NONE', #1826, #4582, #3638, .T. ) ;
#4966 = EDGE_CURVE ( 'NONE', #5377, #4085, #4475, .T. ) ;
#4967 = ORIENTED_EDGE ( 'NONE', *, *, #589, .T. ) ;
#4968 = CARTESIAN_POINT ( 'NONE',  ( -2.204378500868753800, 0.8189695520413333700, 0.8499999997749972900 ) ) ;
#4969 = LINE ( 'NONE', #4992, #2821 ) ;
#4970 = LINE ( 'NONE', #2936, #7732 ) ;
#4971 = DIRECTION ( 'NONE',  ( 0.7071067811865493500, 0.7071067811865456900, -4.906538934466252800E-016 ) ) ;
#4972 = DIRECTION ( 'NONE',  ( 0.1299941854756607500, 0.0000000000000000000, 0.9915147561900021800 ) ) ;
#4973 = CARTESIAN_POINT ( 'NONE',  ( 0.0000000000000000000, 0.0000000000000000000, 1.649999999924999000 ) ) ;
#4974 = ADVANCED_FACE ( 'NONE', ( #8 ), #3422, .T. ) ;
#4975 = DIRECTION ( 'NONE',  ( 0.1299941854756611900, 0.0000000000000000000, -0.9915147561900020700 ) ) ;
#4976 = DIRECTION ( 'NONE',  ( 0.0000000000000000000, -0.0000000000000000000, -1.000000000000000000 ) ) ;
#4977 = VERTEX_POINT ( 'NONE', #2760 ) ;
#4978 = AXIS2_PLACEMENT_3D ( 'NONE', #7747, #4676, #4180 ) ;
#4979 = CIRCLE ( 'NONE', #1150, 0.1000000000000000500 ) ;
#4980 = DIRECTION ( 'NONE',  ( 1.000000000000000000, 0.0000000000000000000, 0.0000000000000000000 ) ) ;
#4981 = VERTEX_POINT ( 'NONE', #4627 ) ;
#4982 = ORIENTED_EDGE ( 'NONE', *, *, #6440, .F. ) ;
#4983 = CARTESIAN_POINT ( 'NONE',  ( 2.400000000468749400, 0.7999999999999999300, -0.2500000001249999500 ) ) ;
#4984 = DIRECTION ( 'NONE',  ( -1.000000000000000000, -0.0000000000000000000, -0.0000000000000000000 ) ) ;
#4985 = CARTESIAN_POINT ( 'NONE',  ( -0.4749999999999960900, 0.0000000000000000000, -0.7000000001249999700 ) ) ;
#4986 = CIRCLE ( 'NONE', #41, 0.1000000000000000500 ) ;
#4987 = EDGE_LOOP ( 'NONE', ( #1974, #1160, #7738, #1236 ) ) ;
#4988 = VERTEX_POINT ( 'NONE', #311 ) ;
#4989 = VECTOR ( 'NONE', #6514, 1000.000000000000000 ) ;
#4990 = VERTEX_POINT ( 'NONE', #1015 ) ;
#4991 = PLANE ( 'NONE',  #1124 ) ;
#4992 = CARTESIAN_POINT ( 'NONE',  ( -2.249999999999999100, 0.1499999999999999700, 1.899999999924999000 ) ) ;
#4993 = ORIENTED_EDGE ( 'NONE', *, *, #7010, .F. ) ;
#4994 = CARTESIAN_POINT ( 'NONE',  ( -2.600000000468750000, 0.7999999999999999300, 0.9732701105718156700 ) ) ;
#4995 = DIRECTION ( 'NONE',  ( 0.0000000000000000000, 1.000000000000000000, 0.0000000000000000000 ) ) ;
#4996 = CARTESIAN_POINT ( 'NONE',  ( -2.249999999999999100, 0.1499999999999999700, 1.649999999924999000 ) ) ;
#4997 = CARTESIAN_POINT ( 'NONE',  ( 1.000000000281248400, 0.1000000000000000500, -1.500000000125000200 ) ) ;
#4998 = EDGE_CURVE ( 'NONE', #3581, #855, #868, .T. ) ;
#4999 = CYLINDRICAL_SURFACE ( 'NONE', #2277, 0.2749999999999996300 ) ;
#5000 = VERTEX_POINT ( 'NONE', #3403 ) ;
#5001 = ADVANCED_FACE ( 'NONE', ( #6455 ), #5109, .T. ) ;
#5002 = PLANE ( 'NONE',  #2337 ) ;
#5003 = CARTESIAN_POINT ( 'NONE',  ( 1.925000000000011400, 0.5999999999999999800, -0.7000000001249999700 ) ) ;
#5004 = VERTEX_POINT ( 'NONE', #295 ) ;
#5005 = DIRECTION ( 'NONE',  ( -1.000000000000000000, 0.0000000000000000000, 0.0000000000000000000 ) ) ;
#5006 = CIRCLE ( 'NONE', #5191, 0.1940817451771164300 ) ;
#5007 = ORIENTED_EDGE ( 'NONE', *, *, #4090, .F. ) ;
#5008 = ORIENTED_EDGE ( 'NONE', *, *, #1641, .T. ) ;
#5009 = EDGE_CURVE ( 'NONE', #3286, #2580, #651, .T. ) ;
#5010 = CIRCLE ( 'NONE', #602, 0.1000000000000000500 ) ;
#5011 = EDGE_CURVE ( 'NONE', #2733, #5245, #2934, .T. ) ;
#5012 = CYLINDRICAL_SURFACE ( 'NONE', #7142, 0.1000000000000000500 ) ;
#5013 = ORIENTED_EDGE ( 'NONE', *, *, #46, .F. ) ;
#5014 = VECTOR ( 'NONE', #107, 1000.000000000000000 ) ;
#5015 = ORIENTED_EDGE ( 'NONE', *, *, #5837, .F. ) ;
#5016 = FACE_OUTER_BOUND ( 'NONE', #4775, .T. ) ;
#5017 = VERTEX_POINT ( 'NONE', #2673 ) ;
#5018 = AXIS2_PLACEMENT_3D ( 'NONE', #548, #5461, #1784 ) ;
#5019 = EDGE_CURVE ( 'NONE', #698, #3199, #3208, .T. ) ;
#5020 = DIRECTION ( 'NONE',  ( -0.0000000000000000000, 1.000000000000000000, -0.0000000000000000000 ) ) ;
#5021 = DIRECTION ( 'NONE',  ( 0.0000000000000000000, -0.7660444431189750200, -0.6427876096865429200 ) ) ;
#5022 = VECTOR ( 'NONE', #4711, 999.9999999999998900 ) ;
#5023 = EDGE_CURVE ( 'NONE', #6842, #1080, #3842, .T. ) ;
#5024 = CARTESIAN_POINT ( 'NONE',  ( 2.250000000000001300, 0.1500000000000000800, 1.649999999924999000 ) ) ;
#5025 = DIRECTION ( 'NONE',  ( 0.0000000000000000000, 1.000000000000000000, 0.0000000000000000000 ) ) ;
#5026 = ORIENTED_EDGE ( 'NONE', *, *, #2898, .F. ) ;
#5027 = LINE ( 'NONE', #7317, #3859 ) ;
#5028 = DIRECTION ( 'NONE',  ( 1.587276273760917700E-015, -0.0000000000000000000, 1.000000000000000000 ) ) ;
#5029 = ORIENTED_EDGE ( 'NONE', *, *, #1314, .F. ) ;
#5030 = CYLINDRICAL_SURFACE ( 'NONE', #1227, 0.2749999999999996300 ) ;
#5031 = VECTOR ( 'NONE', #6294, 1000.000000000000000 ) ;
#5032 = DIRECTION ( 'NONE',  ( 1.000000000000000000, 0.0000000000000000000, 0.0000000000000000000 ) ) ;
#5033 = ORIENTED_EDGE ( 'NONE', *, *, #4808, .T. ) ;
#5034 = DIRECTION ( 'NONE',  ( -0.0000000000000000000, -0.0000000000000000000, 1.000000000000000000 ) ) ;
#5035 = CARTESIAN_POINT ( 'NONE',  ( -1.675000000468750000, 1.149999999999999900, 1.198686027843559200 ) ) ;
#5036 = FACE_OUTER_BOUND ( 'NONE', #6726, .T. ) ;
#5037 = ORIENTED_EDGE ( 'NONE', *, *, #7252, .F. ) ;
#5038 = CARTESIAN_POINT ( 'NONE',  ( -1.000000000281249500, 1.200000000000000000, -1.799999999925000300 ) ) ;
#5039 = CARTESIAN_POINT ( 'NONE',  ( -1.049999999999998900, 0.1500000000000000800, 1.649999999924999000 ) ) ;
#5040 = VECTOR ( 'NONE', #6248, 1000.000000000000000 ) ;
#5041 = VERTEX_POINT ( 'NONE', #6017 ) ;
#5042 = ADVANCED_FACE ( 'NONE', ( #5079 ), #1563, .F. ) ;
#5043 = CIRCLE ( 'NONE', #1162, 0.1249999999999998900 ) ;
#5044 = ORIENTED_EDGE ( 'NONE', *, *, #3544, .T. ) ;
#5045 = ORIENTED_EDGE ( 'NONE', *, *, #5662, .T. ) ;
#5046 = EDGE_CURVE ( 'NONE', #4757, #4070, #1399, .T. ) ;
#5047 = DIRECTION ( 'NONE',  ( 0.0000000000000000000, 0.0000000000000000000, 1.000000000000000000 ) ) ;
#5048 = EDGE_LOOP ( 'NONE', ( #1648, #6524, #7652, #7893, #4524, #3630, #3070, #5490, #3960, #2601, #6942, #1667 ) ) ;
#5049 = DIRECTION ( 'NONE',  ( 0.0000000000000000000, 0.0000000000000000000, -1.000000000000000000 ) ) ;
#5050 = CIRCLE ( 'NONE', #4696, 0.1940817451771164300 ) ;
#5051 = ORIENTED_EDGE ( 'NONE', *, *, #1101, .T. ) ;
#5052 = CARTESIAN_POINT ( 'NONE',  ( -2.749999999999999600, 1.200000000000000000, -1.200000000149999500 ) ) ;
#5053 = ADVANCED_FACE ( 'NONE', ( #6977 ), #366, .F. ) ;
#5054 = CARTESIAN_POINT ( 'NONE',  ( 2.500000000468747700, 1.200000000000000000, -0.5499999999500010400 ) ) ;
#5055 = FACE_OUTER_BOUND ( 'NONE', #3562, .T. ) ;
#5056 = AXIS2_PLACEMENT_3D ( 'NONE', #2704, #3928, #6379 ) ;
#5057 = EDGE_LOOP ( 'NONE', ( #719, #2380, #6548, #3198, #2920, #1599, #6069, #7679, #7779, #3898, #509, #6214 ) ) ;
#5058 = ORIENTED_EDGE ( 'NONE', *, *, #3786, .F. ) ;
#5059 = EDGE_CURVE ( 'NONE', #707, #7625, #4297, .T. ) ;
#5060 = CARTESIAN_POINT ( 'NONE',  ( -2.249999999999999100, 1.050000000000000000, 1.649999999924999000 ) ) ;
#5061 = EDGE_CURVE ( 'NONE', #2564, #7503, #5920, .T. ) ;
#5062 = EDGE_LOOP ( 'NONE', ( #1728, #3148, #2270, #3978 ) ) ;
#5063 = LINE ( 'NONE', #1687, #4018 ) ;
#5064 = DIRECTION ( 'NONE',  ( 1.000000000000000000, 0.0000000000000000000, 0.0000000000000000000 ) ) ;
#5065 = VECTOR ( 'NONE', #430, 1000.000000000000000 ) ;
#5066 = DIRECTION ( 'NONE',  ( -1.000000000000000000, 0.0000000000000000000, -0.0000000000000000000 ) ) ;
#5067 = DIRECTION ( 'NONE',  ( 0.0000000000000000000, -0.0000000000000000000, 1.000000000000000000 ) ) ;
#5068 = PLANE ( 'NONE',  #623 ) ;
#5069 = ORIENTED_EDGE ( 'NONE', *, *, #6853, .F. ) ;
#5070 = VERTEX_POINT ( 'NONE', #1041 ) ;
#5071 = LINE ( 'NONE', #2394, #7262 ) ;
#5072 = EDGE_CURVE ( 'NONE', #1860, #3610, #5298, .T. ) ;
#5073 = EDGE_CURVE ( 'NONE', #1473, #1855, #6416, .T. ) ;
#5074 = ORIENTED_EDGE ( 'NONE', *, *, #2764, .F. ) ;
#5075 = EDGE_CURVE ( 'NONE', #763, #1148, #5178, .T. ) ;
#5076 = VERTEX_POINT ( 'NONE', #1727 ) ;
#5077 = LINE ( 'NONE', #1316, #5743 ) ;
#5078 = DIRECTION ( 'NONE',  ( 1.000000000000000000, -0.0000000000000000000, 0.0000000000000000000 ) ) ;
#5079 = FACE_OUTER_BOUND ( 'NONE', #1120, .T. ) ;
#5080 = CARTESIAN_POINT ( 'NONE',  ( 0.0000000000000000000, 0.0000000000000000000, -0.7000000001249999700 ) ) ;
#5081 = EDGE_LOOP ( 'NONE', ( #1483, #2083, #5966, #634, #3153 ) ) ;
#5082 = AXIS2_PLACEMENT_3D ( 'NONE', #7839, #4798, #1189 ) ;
#5083 = ORIENTED_EDGE ( 'NONE', *, *, #6739, .F. ) ;
#5084 = ADVANCED_FACE ( 'NONE', ( #1504 ), #1758, .F. ) ;
#5085 = CARTESIAN_POINT ( 'NONE',  ( 1.425000000000001200, 1.000000000000000000, 1.899999999924999000 ) ) ;
#5086 = CARTESIAN_POINT ( 'NONE',  ( -0.7274999999999998100, 0.7499999999999998900, -0.4000000001249999800 ) ) ;
#5087 = CARTESIAN_POINT ( 'NONE',  ( -1.524999999999999000, 0.5999999999999999800, 1.399999999924999000 ) ) ;
#5088 = CARTESIAN_POINT ( 'NONE',  ( -1.349999999687499200, 1.150000000000001000, -1.899999999925000100 ) ) ;
#5089 = FACE_BOUND ( 'NONE', #7085, .T. ) ;
#5090 = CARTESIAN_POINT ( 'NONE',  ( 2.366421356237310200, 1.200000000000000000, -0.2500000001249999500 ) ) ;
#5091 = ORIENTED_EDGE ( 'NONE', *, *, #5524, .F. ) ;
#5092 = CARTESIAN_POINT ( 'NONE',  ( -2.750000000000000000, 1.200000000000000000, -0.5499999999499998200 ) ) ;
#5093 = CARTESIAN_POINT ( 'NONE',  ( 0.2250000000000009200, 1.050000000000000000, 1.899999999924999000 ) ) ;
#5094 = DIRECTION ( 'NONE',  ( 1.000000000000000000, 0.0000000000000000000, -6.195440996141578300E-016 ) ) ;
#5095 = DIRECTION ( 'NONE',  ( 1.000000000000000000, -0.0000000000000000000, -0.0000000000000000000 ) ) ;
#5096 = ADVANCED_FACE ( 'NONE', ( #4781 ), #1059, .F. ) ;
#5097 = LINE ( 'NONE', #4517, #5948 ) ;
#5098 = DIRECTION ( 'NONE',  ( 0.0000000000000000000, 0.0000000000000000000, -1.000000000000000000 ) ) ;
#5099 = EDGE_LOOP ( 'NONE', ( #1489, #2799, #134 ) ) ;
#5100 = DIRECTION ( 'NONE',  ( 0.1299941854756612200, 0.0000000000000000000, 0.9915147561900020700 ) ) ;
#5101 = DIRECTION ( 'NONE',  ( 0.0000000000000000000, -0.0000000000000000000, 1.000000000000000000 ) ) ;
#5102 = FACE_OUTER_BOUND ( 'NONE', #2157, .T. ) ;
#5103 = VERTEX_POINT ( 'NONE', #1287 ) ;
#5104 = SURFACE_STYLE_FILL_AREA ( #7122 ) ;
#5105 = DIRECTION ( 'NONE',  ( -1.000000000000000000, 0.0000000000000000000, 0.0000000000000000000 ) ) ;
#5106 = DIRECTION ( 'NONE',  ( -0.0000000000000000000, -0.0000000000000000000, 1.000000000000000000 ) ) ;
#5107 = EDGE_CURVE ( 'NONE', #2016, #4630, #4833, .T. ) ;
#5108 = EDGE_CURVE ( 'NONE', #5454, #6018, #2058, .T. ) ;
#5109 = CYLINDRICAL_SURFACE ( 'NONE', #1476, 0.1250000000000000000 ) ;
#5110 = ORIENTED_EDGE ( 'NONE', *, *, #7045, .T. ) ;
#5111 = VERTEX_POINT ( 'NONE', #5482 ) ;
#5112 = VECTOR ( 'NONE', #4670, 1000.000000000000000 ) ;
#5113 = DIRECTION ( 'NONE',  ( -0.0000000000000000000, 1.000000000000000000, -0.0000000000000000000 ) ) ;
#5114 = CARTESIAN_POINT ( 'NONE',  ( 1.599999999999999900, 0.7499999999999998900, -0.7000000001249999700 ) ) ;
#5115 = ORIENTED_EDGE ( 'NONE', *, *, #5788, .T. ) ;
#5116 = ORIENTED_EDGE ( 'NONE', *, *, #6025, .F. ) ;
#5117 = DIRECTION ( 'NONE',  ( -0.0000000000000000000, 1.000000000000000000, -0.0000000000000000000 ) ) ;
#5118 = CARTESIAN_POINT ( 'NONE',  ( 0.3999999999999999700, 0.7499999999999998900, -0.7000000001249999700 ) ) ;
#5119 = CARTESIAN_POINT ( 'NONE',  ( 1.000000000281247500, 0.1000000000000000500, -1.799999999925000000 ) ) ;
#5120 = LINE ( 'NONE', #7336, #3233 ) ;
#5121 = EDGE_CURVE ( 'NONE', #2984, #7273, #5050, .T. ) ;
#5122 = ORIENTED_EDGE ( 'NONE', *, *, #5121, .F. ) ;
#5123 = VECTOR ( 'NONE', #6808, 1000.000000000000000 ) ;
#5124 = EDGE_CURVE ( 'NONE', #3072, #192, #6655, .T. ) ;
#5125 = EDGE_CURVE ( 'NONE', #5423, #5753, #7150, .T. ) ;
#5126 = FACE_OUTER_BOUND ( 'NONE', #649, .T. ) ;
#5127 = ORIENTED_EDGE ( 'NONE', *, *, #3592, .T. ) ;
#5128 = ADVANCED_FACE ( 'NONE', ( #3450 ), #4384, .F. ) ;
#5129 = CARTESIAN_POINT ( 'NONE',  ( -2.500000000468749500, 1.200000000000000000, -1.200000000149999500 ) ) ;
#5130 = VECTOR ( 'NONE', #3493, 1000.000000000000000 ) ;
#5131 = DIRECTION ( 'NONE',  ( -0.7071067811865454600, 0.0000000000000000000, 0.7071067811865495700 ) ) ;
#5132 = ORIENTED_EDGE ( 'NONE', *, *, #1171, .T. ) ;
#5133 = AXIS2_PLACEMENT_3D ( 'NONE', #4973, #1308, #2526 ) ;
#5134 = DIRECTION ( 'NONE',  ( -0.7071067811865462400, 0.0000000000000000000, -0.7071067811865489100 ) ) ;
#5135 = ORIENTED_EDGE ( 'NONE', *, *, #5738, .F. ) ;
#5136 = EDGE_CURVE ( 'NONE', #6366, #6367, #4093, .T. ) ;
#5137 = PLANE ( 'NONE',  #4390 ) ;
#5138 = ADVANCED_FACE ( 'NONE', ( #2808 ), #731, .F. ) ;
#5139 = CARTESIAN_POINT ( 'NONE',  ( 2.117139312097653400, 0.7999999999999999300, -0.2500000001250022300 ) ) ;
#5140 = CARTESIAN_POINT ( 'NONE',  ( -1.200000000000000400, 1.139906666467845200, 1.258485669039686000 ) ) ;
#5141 = VECTOR ( 'NONE', #3825, 1000.000000000000000 ) ;
#5142 = ORIENTED_EDGE ( 'NONE', *, *, #6547, .T. ) ;
#5143 = VERTEX_POINT ( 'NONE', #3193 ) ;
#5144 = DIRECTION ( 'NONE',  ( 1.000000000000000000, -0.0000000000000000000, -0.0000000000000000000 ) ) ;
#5145 = VERTEX_POINT ( 'NONE', #6754 ) ;
#5146 = PLANE ( 'NONE',  #4182 ) ;
#5147 = PLANE ( 'NONE',  #249 ) ;
#5148 = ORIENTED_EDGE ( 'NONE', *, *, #1064, .T. ) ;
#5149 = EDGE_CURVE ( 'NONE', #3548, #1436, #406, .T. ) ;
#5150 = AXIS2_PLACEMENT_3D ( 'NONE', #5569, #686, #3144 ) ;
#5151 = LINE ( 'NONE', #3187, #574 ) ;
#5152 = ORIENTED_EDGE ( 'NONE', *, *, #1422, .F. ) ;
#5153 = VERTEX_POINT ( 'NONE', #3136 ) ;
#5154 = CARTESIAN_POINT ( 'NONE',  ( -2.750000000000000000, 0.5000000000000000000, 0.6999999997749999400 ) ) ;
#5155 = EDGE_LOOP ( 'NONE', ( #642, #7358, #526, #4926, #1346 ) ) ;
#5156 = ORIENTED_EDGE ( 'NONE', *, *, #1749, .F. ) ;
#5157 = CARTESIAN_POINT ( 'NONE',  ( -1.672499999999999700, 0.7499999999999998900, -0.4000000001250000900 ) ) ;
#5158 = FACE_OUTER_BOUND ( 'NONE', #630, .T. ) ;
#5159 = CARTESIAN_POINT ( 'NONE',  ( -0.8749999999999996700, 0.7499999999999998900, -0.2500000001249999500 ) ) ;
#5160 = ORIENTED_EDGE ( 'NONE', *, *, #2191, .T. ) ;
#5161 = CARTESIAN_POINT ( 'NONE',  ( -2.600000000000000500, 0.7999999999999999300, -0.5499999999499998200 ) ) ;
#5162 = CARTESIAN_POINT ( 'NONE',  ( 2.295710678118655100, 1.200000000000000000, -0.2792893220063453800 ) ) ;
#5163 = ORIENTED_EDGE ( 'NONE', *, *, #7011, .T. ) ;
#5164 = CARTESIAN_POINT ( 'NONE',  ( -2.500000000468749500, 0.1000000000000000500, -0.5499999999499998200 ) ) ;
#5165 = ORIENTED_EDGE ( 'NONE', *, *, #2640, .T. ) ;
#5166 = LINE ( 'NONE', #5554, #3469 ) ;
#5167 = ADVANCED_FACE ( 'NONE', ( #1178 ), #7584, .F. ) ;
#5168 = CARTESIAN_POINT ( 'NONE',  ( -2.182422527083392300, 0.8939695520413334400, 0.8947139872512305200 ) ) ;
#5169 = EDGE_CURVE ( 'NONE', #2007, #5585, #4768, .T. ) ;
#5170 = ORIENTED_EDGE ( 'NONE', *, *, #5878, .T. ) ;
#5171 = CARTESIAN_POINT ( 'NONE',  ( 2.682303702682172600, 0.04142135623730949800, -1.600000000125000300 ) ) ;
#5172 = VECTOR ( 'NONE', #854, 1000.000000000000000 ) ;
#5173 = CARTESIAN_POINT ( 'NONE',  ( 2.175000000000000700, 1.050000000000000000, 1.899999999924999000 ) ) ;
#5174 = DIRECTION ( 'NONE',  ( -0.0000000000000000000, 0.0000000000000000000, -1.000000000000000000 ) ) ;
#5175 = VERTEX_POINT ( 'NONE', #1664 ) ;
#5176 = EDGE_LOOP ( 'NONE', ( #14, #5185, #1074, #1948, #2637, #5969, #6905, #893, #5316, #1621 ) ) ;
#5177 = VERTEX_POINT ( 'NONE', #7104 ) ;
#5178 = LINE ( 'NONE', #2307, #7744 ) ;
#5179 = EDGE_LOOP ( 'NONE', ( #816, #1542, #5344, #4434, #2401, #4819, #2473, #4564, #7746, #243, #7715, #6428, #3104, #1211, #5503 ) ) ;
#5180 = CARTESIAN_POINT ( 'NONE',  ( 0.8749999999999990000, 0.7499999999999998900, -0.5232233048283638800 ) ) ;
#5181 = DIRECTION ( 'NONE',  ( -0.0000000000000000000, 0.0000000000000000000, 1.000000000000000000 ) ) ;
#5182 = CARTESIAN_POINT ( 'NONE',  ( -0.1482969324405129800, 0.9481626767409744300, 1.097593357979407300 ) ) ;
#5183 = DIRECTION ( 'NONE',  ( -0.4912631695488065000, 0.6672332842540752400, 0.5598752027268051300 ) ) ;
#5184 = VECTOR ( 'NONE', #1527, 1000.000000000000000 ) ;
#5185 = ORIENTED_EDGE ( 'NONE', *, *, #6823, .T. ) ;
#5186 = ORIENTED_EDGE ( 'NONE', *, *, #3643, .F. ) ;
#5187 = CARTESIAN_POINT ( 'NONE',  ( -2.219810460123611900, 0.8006589075544273700, 0.8499999997749972900 ) ) ;
#5188 = CIRCLE ( 'NONE', #7288, 0.09999999999999993600 ) ;
#5189 = ORIENTED_EDGE ( 'NONE', *, *, #7506, .T. ) ;
#5190 = ORIENTED_EDGE ( 'NONE', *, *, #4432, .F. ) ;
#5191 = AXIS2_PLACEMENT_3D ( 'NONE', #6183, #1900, #3098 ) ;
#5192 = VECTOR ( 'NONE', #6584, 1000.000000000000000 ) ;
#5193 = ORIENTED_EDGE ( 'NONE', *, *, #1846, .F. ) ;
#5194 = VERTEX_POINT ( 'NONE', #6426 ) ;
#5195 = LINE ( 'NONE', #7842, #357 ) ;
#5196 = ORIENTED_EDGE ( 'NONE', *, *, #4612, .T. ) ;
#5197 = VECTOR ( 'NONE', #5243, 1000.000000000000000 ) ;
#5198 = DIRECTION ( 'NONE',  ( -0.0000000000000000000, 1.000000000000000000, -0.0000000000000000000 ) ) ;
#5199 = ADVANCED_FACE ( 'NONE', ( #887 ), #2093, .F. ) ;
#5200 = DIRECTION ( 'NONE',  ( -0.0000000000000000000, 1.000000000000000000, -0.0000000000000000000 ) ) ;
#5201 = ORIENTED_EDGE ( 'NONE', *, *, #3250, .T. ) ;
#5202 = EDGE_CURVE ( 'NONE', #6522, #7626, #5905, .T. ) ;
#5203 = VECTOR ( 'NONE', #6383, 1000.000000000000100 ) ;
#5204 = CARTESIAN_POINT ( 'NONE',  ( 0.3999999999999998000, 0.7999999999999999300, -0.5982233048283635000 ) ) ;
#5205 = DIRECTION ( 'NONE',  ( -0.0000000000000000000, 1.000000000000000000, -0.0000000000000000000 ) ) ;
#5206 = ORIENTED_EDGE ( 'NONE', *, *, #811, .T. ) ;
#5207 = CIRCLE ( 'NONE', #3405, 0.1000000000000000500 ) ;
#5208 = EDGE_LOOP ( 'NONE', ( #4855, #6301, #6441, #6106 ) ) ;
#5209 = CARTESIAN_POINT ( 'NONE',  ( -2.117139312097653400, 0.7999999999999999300, -0.2500000001249999500 ) ) ;
#5210 = CYLINDRICAL_SURFACE ( 'NONE', #5812, 0.2000000000000000900 ) ;
#5211 = CARTESIAN_POINT ( 'NONE',  ( -1.318301269876721800, 1.181698729810778400, -1.868301270114221600 ) ) ;
#5212 = PLANE ( 'NONE',  #7658 ) ;
#5213 = VECTOR ( 'NONE', #3696, 1000.000000000000000 ) ;
#5214 = DIRECTION ( 'NONE',  ( 1.000000000000000000, 0.0000000000000000000, 0.0000000000000000000 ) ) ;
#5215 = FACE_OUTER_BOUND ( 'NONE', #3518, .T. ) ;
#5216 = VERTEX_POINT ( 'NONE', #2388 ) ;
#5217 = LINE ( 'NONE', #5294, #2031 ) ;
#5218 = EDGE_CURVE ( 'NONE', #6599, #5474, #1666, .T. ) ;
#5219 = VECTOR ( 'NONE', #701, 1000.000000000000000 ) ;
#5220 = EDGE_CURVE ( 'NONE', #475, #5404, #2025, .T. ) ;
#5221 = EDGE_CURVE ( 'NONE', #1785, #7542, #1852, .T. ) ;
#5222 = ORIENTED_EDGE ( 'NONE', *, *, #6393, .T. ) ;
#5223 = ORIENTED_EDGE ( 'NONE', *, *, #5202, .T. ) ;
#5224 = VECTOR ( 'NONE', #2121, 1000.000000000000000 ) ;
#5225 = AXIS2_PLACEMENT_3D ( 'NONE', #7788, #1714, #4088 ) ;
#5226 = ORIENTED_EDGE ( 'NONE', *, *, #3585, .F. ) ;
#5227 = FACE_OUTER_BOUND ( 'NONE', #3752, .T. ) ;
#5228 = EDGE_LOOP ( 'NONE', ( #825, #4424, #4486, #7035, #433 ) ) ;
#5229 = CARTESIAN_POINT ( 'NONE',  ( 1.350000000000001200, 0.1500000000000000800, 1.899999999924999000 ) ) ;
#5230 = CARTESIAN_POINT ( 'NONE',  ( -1.349999999687500300, 0.0000000000000000000, -1.500000000124999800 ) ) ;
#5231 = DIRECTION ( 'NONE',  ( -0.0000000000000000000, -1.000000000000000000, -0.0000000000000000000 ) ) ;
#5232 = DIRECTION ( 'NONE',  ( -0.0000000000000000000, 1.000000000000000000, -0.0000000000000000000 ) ) ;
#5233 = ORIENTED_EDGE ( 'NONE', *, *, #3500, .F. ) ;
#5234 = ORIENTED_EDGE ( 'NONE', *, *, #2951, .T. ) ;
#5235 = CARTESIAN_POINT ( 'NONE',  ( -0.1499999999999990500, 1.049999999999999800, 1.649999999924999000 ) ) ;
#5236 = VECTOR ( 'NONE', #5740, 1000.000000000000000 ) ;
#5237 = ORIENTED_EDGE ( 'NONE', *, *, #221, .T. ) ;
#5238 = LINE ( 'NONE', #3691, #7245 ) ;
#5239 = CARTESIAN_POINT ( 'NONE',  ( -1.049999999999998900, 0.1500000000000000800, 1.899999999924999000 ) ) ;
#5240 = DIRECTION ( 'NONE',  ( 1.000000000000000000, -0.0000000000000000000, 2.891205795222147400E-015 ) ) ;
#5241 = CARTESIAN_POINT ( 'NONE',  ( 2.674999999999998500, 3.749247120090035300E-017, -1.558578643887690700 ) ) ;
#5242 = VERTEX_POINT ( 'NONE', #1275 ) ;
#5243 = DIRECTION ( 'NONE',  ( -7.047314121155794600E-015, 0.0000000000000000000, 1.000000000000000000 ) ) ;
#5244 = CARTESIAN_POINT ( 'NONE',  ( 0.1500000000000009400, 1.049999999999999800, 1.899999999924999000 ) ) ;
#5245 = VERTEX_POINT ( 'NONE', #6560 ) ;
#5246 = DIRECTION ( 'NONE',  ( 1.000000000000000000, 0.0000000000000000000, -0.0000000000000000000 ) ) ;
#5247 = ORIENTED_EDGE ( 'NONE', *, *, #2538, .F. ) ;
#5248 =( BOUNDED_CURVE ( )  B_SPLINE_CURVE ( 3, ( #4703, #1722, #7745, #7109 ),
 .UNSPECIFIED., .F., .T. ) 
 B_SPLINE_CURVE_WITH_KNOTS ( ( 4, 4 ),
 ( 4.712388980384684300, 6.283185307179580900 ),
 .UNSPECIFIED. ) 
 CURVE ( )  GEOMETRIC_REPRESENTATION_ITEM ( )  RATIONAL_B_SPLINE_CURVE ( ( 1.000000000000000000, 0.8047378541243637200, 0.8047378541243637200, 1.000000000000000000 ) ) 
 REPRESENTATION_ITEM ( '' )  );
#5249 = DIRECTION ( 'NONE',  ( -0.0000000000000000000, 1.000000000000000000, -0.0000000000000000000 ) ) ;
#5250 = DIRECTION ( 'NONE',  ( -0.0000000000000000000, 1.000000000000000000, -0.0000000000000000000 ) ) ;
#5251 = FACE_OUTER_BOUND ( 'NONE', #1152, .T. ) ;
#5252 = DIRECTION ( 'NONE',  ( 1.000000000000000000, -0.0000000000000000000, -0.0000000000000000000 ) ) ;
#5253 = AXIS2_PLACEMENT_3D ( 'NONE', #3995, #6402, #2807 ) ;
#5254 = VECTOR ( 'NONE', #2405, 1000.000000000000000 ) ;
#5255 = DIRECTION ( 'NONE',  ( -0.0000000000000000000, -0.0000000000000000000, -1.000000000000000000 ) ) ;
#5256 = EDGE_CURVE ( 'NONE', #6532, #6437, #2619, .T. ) ;
#5257 = ORIENTED_EDGE ( 'NONE', *, *, #7822, .T. ) ;
#5258 = LINE ( 'NONE', #7108, #4305 ) ;
#5259 = CARTESIAN_POINT ( 'NONE',  ( 0.0000000000000000000, 0.0000000000000000000, -0.7000000001249999700 ) ) ;
#5260 = DIRECTION ( 'NONE',  ( 1.000000000000000000, 0.0000000000000000000, 0.0000000000000000000 ) ) ;
#5261 = ORIENTED_EDGE ( 'NONE', *, *, #5355, .T. ) ;
#5262 = DIRECTION ( 'NONE',  ( -0.7071067811865489100, 0.0000000000000000000, -0.7071067811865462400 ) ) ;
#5263 = AXIS2_PLACEMENT_3D ( 'NONE', #5830, #5232, #2221 ) ;
#5264 = ORIENTED_EDGE ( 'NONE', *, *, #4289, .T. ) ;
#5265 = ORIENTED_EDGE ( 'NONE', *, *, #4806, .F. ) ;
#5266 = EDGE_CURVE ( 'NONE', #7310, #6451, #3814, .T. ) ;
#5267 = DIRECTION ( 'NONE',  ( -0.0000000000000000000, -1.000000000000000000, -0.0000000000000000000 ) ) ;
#5268 = VECTOR ( 'NONE', #2827, 1000.000000000000000 ) ;
#5269 = EDGE_CURVE ( 'NONE', #6955, #7378, #4481, .T. ) ;
#5270 = DIRECTION ( 'NONE',  ( -0.0000000000000000000, -1.000000000000000000, -0.0000000000000000000 ) ) ;
#5271 = ORIENTED_EDGE ( 'NONE', *, *, #5169, .T. ) ;
#5272 = EDGE_CURVE ( 'NONE', #5610, #1261, #6187, .T. ) ;
#5273 = CARTESIAN_POINT ( 'NONE',  ( -1.999999999999999600, 1.200000000000000000, -0.5750000001249999700 ) ) ;
#5274 = ORIENTED_EDGE ( 'NONE', *, *, #2191, .F. ) ;
#5275 = ORIENTED_EDGE ( 'NONE', *, *, #48, .F. ) ;
#5276 = CARTESIAN_POINT ( 'NONE',  ( 0.4750000000000045900, 0.5999999999999999800, -0.7000000001249999700 ) ) ;
#5277 = VECTOR ( 'NONE', #2019, 1000.000000000000000 ) ;
#5278 = DIRECTION ( 'NONE',  ( -0.0000000000000000000, 1.000000000000000000, 0.0000000000000000000 ) ) ;
#5279 = ORIENTED_EDGE ( 'NONE', *, *, #4134, .T. ) ;
#5280 = AXIS2_PLACEMENT_3D ( 'NONE', #454, #1713, #2316 ) ;
#5281 = AXIS2_PLACEMENT_3D ( 'NONE', #5632, #6198, #1404 ) ;
#5282 = EDGE_CURVE ( 'NONE', #1455, #2963, #1568, .T. ) ;
#5283 = DIRECTION ( 'NONE',  ( -1.000000000000000000, -0.0000000000000000000, -0.0000000000000000000 ) ) ;
#5284 = CARTESIAN_POINT ( 'NONE',  ( -1.299999999687501100, 1.200000000000000000, -1.600000000124999900 ) ) ;
#5285 = LINE ( 'NONE', #6275, #2090 ) ;
#5286 = ORIENTED_EDGE ( 'NONE', *, *, #3742, .T. ) ;
#5287 = CARTESIAN_POINT ( 'NONE',  ( 2.350000000468750000, 0.9499999999999936300, 1.224999999925000500 ) ) ;
#5288 = DIRECTION ( 'NONE',  ( -0.1728885861938902500, -0.9848077530122084600, -0.01622425255359299900 ) ) ;
#5289 = DIRECTION ( 'NONE',  ( 1.000000000000000000, 6.023345402697249200E-017, 0.0000000000000000000 ) ) ;
#5290 = LINE ( 'NONE', #1622, #4336 ) ;
#5291 = CARTESIAN_POINT ( 'NONE',  ( 2.200656147411876400, 0.9499999999999936300, 1.089014761932505700 ) ) ;
#5292 = ORIENTED_EDGE ( 'NONE', *, *, #7216, .F. ) ;
#5293 = LINE ( 'NONE', #6082, #1512 ) ;
#5294 = CARTESIAN_POINT ( 'NONE',  ( -1.424999999999998700, 1.050000000000000000, 1.649999999924999000 ) ) ;
#5295 = CARTESIAN_POINT ( 'NONE',  ( 0.2250000000000009200, 1.000000000000000000, 1.899999999924999000 ) ) ;
#5296 = CARTESIAN_POINT ( 'NONE',  ( -0.2249999999999989500, 1.050000000000000000, 1.649999999924999000 ) ) ;
#5297 = CARTESIAN_POINT ( 'NONE',  ( 2.674999999999998000, 8.016937751890692800E-016, -1.282842712624618500 ) ) ;
#5298 = LINE ( 'NONE', #4551, #4898 ) ;
#5299 = ORIENTED_EDGE ( 'NONE', *, *, #2039, .T. ) ;
#5300 = CARTESIAN_POINT ( 'NONE',  ( -1.424999999999998700, 1.050000000000000000, 1.649999999924999000 ) ) ;
#5301 = CYLINDRICAL_SURFACE ( 'NONE', #1854, 0.1000000000000001000 ) ;
#5302 = VERTEX_POINT ( 'NONE', #6744 ) ;
#5303 = ORIENTED_EDGE ( 'NONE', *, *, #696, .F. ) ;
#5304 = CARTESIAN_POINT ( 'NONE',  ( -0.3250000000000000100, 0.9499999999999935200, -0.2500000001249999500 ) ) ;
#5305 = FACE_OUTER_BOUND ( 'NONE', #3571, .T. ) ;
#5306 = ORIENTED_EDGE ( 'NONE', *, *, #4966, .F. ) ;
#5307 = FACE_OUTER_BOUND ( 'NONE', #278, .T. ) ;
#5308 = LINE ( 'NONE', #7772, #1643 ) ;
#5309 = ORIENTED_EDGE ( 'NONE', *, *, #1485, .F. ) ;
#5310 = DIRECTION ( 'NONE',  ( -0.0000000000000000000, 1.000000000000000000, -0.0000000000000000000 ) ) ;
#5311 = LINE ( 'NONE', #1765, #3976 ) ;
#5312 = EDGE_CURVE ( 'NONE', #4008, #1175, #2710, .T. ) ;
#5313 = DIRECTION ( 'NONE',  ( 1.000000000000000000, 0.0000000000000000000, 0.0000000000000000000 ) ) ;
#5314 = EDGE_LOOP ( 'NONE', ( #6662, #5450, #4141, #4909 ) ) ;
#5315 = VECTOR ( 'NONE', #4764, 1000.000000000000000 ) ;
#5316 = ORIENTED_EDGE ( 'NONE', *, *, #1705, .F. ) ;
#5317 = DIRECTION ( 'NONE',  ( -0.0000000000000000000, -0.0000000000000000000, 1.000000000000000000 ) ) ;
#5318 = LINE ( 'NONE', #1873, #766 ) ;
#5319 = CARTESIAN_POINT ( 'NONE',  ( -2.074999999999999700, 0.7999999999999999300, -0.5000000001250000100 ) ) ;
#5320 = VERTEX_POINT ( 'NONE', #3277 ) ;
#5321 = AXIS2_PLACEMENT_3D ( 'NONE', #549, #1213, #7196 ) ;
#5322 = DIRECTION ( 'NONE',  ( -0.0000000000000000000, -0.0000000000000000000, -1.000000000000000000 ) ) ;
#5323 = EDGE_CURVE ( 'NONE', #4623, #3313, #7816, .T. ) ;
#5324 = ORIENTED_EDGE ( 'NONE', *, *, #2621, .T. ) ;
#5325 = EDGE_CURVE ( 'NONE', #6863, #475, #7337, .T. ) ;
#5326 = EDGE_CURVE ( 'NONE', #569, #6064, #2235, .T. ) ;
#5327 = EDGE_LOOP ( 'NONE', ( #5013, #3973, #409, #3692 ) ) ;
#5328 = DIRECTION ( 'NONE',  ( 1.000000000000000000, -0.0000000000000000000, 7.047314121155794600E-015 ) ) ;
#5329 = ORIENTED_EDGE ( 'NONE', *, *, #2207, .F. ) ;
#5330 = VECTOR ( 'NONE', #3935, 1000.000000000000000 ) ;
#5331 = VERTEX_POINT ( 'NONE', #5157 ) ;
#5332 = AXIS2_PLACEMENT_3D ( 'NONE', #329, #1630, #3389 ) ;
#5333 = ORIENTED_EDGE ( 'NONE', *, *, #1326, .F. ) ;
#5334 = ORIENTED_EDGE ( 'NONE', *, *, #1117, .F. ) ;
#5335 = CARTESIAN_POINT ( 'NONE',  ( 0.0000000000000000000, 0.7999999999999999300, -0.3750000001249999500 ) ) ;
#5336 = DIRECTION ( 'NONE',  ( 1.000000000000000000, -0.0000000000000000000, 7.047314121155794600E-015 ) ) ;
#5337 = ORIENTED_EDGE ( 'NONE', *, *, #1593, .T. ) ;
#5338 = DIRECTION ( 'NONE',  ( 0.0000000000000000000, -1.000000000000000000, 0.0000000000000000000 ) ) ;
#5339 = CARTESIAN_POINT ( 'NONE',  ( -1.424999999999998700, 1.050000000000000000, 1.649999999924999000 ) ) ;
#5340 = VECTOR ( 'NONE', #4618, 1000.000000000000000 ) ;
#5341 = CARTESIAN_POINT ( 'NONE',  ( 0.3250000000000000100, 0.7999999999999999300, -0.2500000001249999500 ) ) ;
#5342 = ORIENTED_EDGE ( 'NONE', *, *, #1315, .T. ) ;
#5343 = CARTESIAN_POINT ( 'NONE',  ( -1.424999999999998700, 1.050000000000000000, 1.649999999924999000 ) ) ;
#5344 = ORIENTED_EDGE ( 'NONE', *, *, #293, .T. ) ;
#5345 = CARTESIAN_POINT ( 'NONE',  ( 1.525000000000001000, 0.5999999999999999800, 1.399999999924999000 ) ) ;
#5346 = DIRECTION ( 'NONE',  ( -0.7071067811865495700, 0.7071067811865454600, 0.0000000000000000000 ) ) ;
#5347 = CARTESIAN_POINT ( 'NONE',  ( -1.348727213428500700, 0.9444751167444150900, 1.094499127746349800 ) ) ;
#5348 = EDGE_LOOP ( 'NONE', ( #5516, #4536, #5222, #962, #3241, #2974, #102, #5954, #6171, #1605, #2739, #1472 ) ) ;
#5349 = CARTESIAN_POINT ( 'NONE',  ( 0.3999999999999999700, 0.7999999999999999300, -0.7000000001249999700 ) ) ;
#5350 = VECTOR ( 'NONE', #1870, 1000.000000000000000 ) ;
#5351 = CARTESIAN_POINT ( 'NONE',  ( -2.174999999999998900, 1.050000000000000000, 1.899999999924999000 ) ) ;
#5352 = ORIENTED_EDGE ( 'NONE', *, *, #2003, .T. ) ;
#5353 = VERTEX_POINT ( 'NONE', #6961 ) ;
#5354 = AXIS2_PLACEMENT_3D ( 'NONE', #4911, #4417, #1958 ) ;
#5355 = EDGE_CURVE ( 'NONE', #2805, #4337, #2981, .T. ) ;
#5356 = LINE ( 'NONE', #5826, #7549 ) ;
#5357 = CARTESIAN_POINT ( 'NONE',  ( -0.5999999999999993100, 0.5999999999999999800, 1.399999999924999000 ) ) ;
#5358 = EDGE_CURVE ( 'NONE', #3116, #6917, #3069, .T. ) ;
#5359 = ORIENTED_EDGE ( 'NONE', *, *, #2296, .F. ) ;
#5360 = VERTEX_POINT ( 'NONE', #4560 ) ;
#5361 = CARTESIAN_POINT ( 'NONE',  ( 0.4750000000000023100, 0.0000000000000000000, -0.4000000001250246200 ) ) ;
#5362 = LINE ( 'NONE', #2085, #1407 ) ;
#5363 = ORIENTED_EDGE ( 'NONE', *, *, #3774, .F. ) ;
#5364 = CARTESIAN_POINT ( 'NONE',  ( 0.4750000000000114100, 0.1000000000000000500, -1.600000000124983200 ) ) ;
#5365 = EDGE_CURVE ( 'NONE', #4352, #3745, #5999, .T. ) ;
#5366 = DIRECTION ( 'NONE',  ( 1.000000000000000000, 0.0000000000000000000, -4.251773225433350700E-016 ) ) ;
#5367 = EDGE_CURVE ( 'NONE', #3910, #2782, #5973, .T. ) ;
#5368 = CARTESIAN_POINT ( 'NONE',  ( 1.000000000281247700, 0.0000000000000000000, -1.799999999925000000 ) ) ;
#5369 = EDGE_CURVE ( 'NONE', #1126, #3042, #3626, .T. ) ;
#5370 = CARTESIAN_POINT ( 'NONE',  ( 0.7275000000000000400, 0.0000000000000000000, 0.0000000000000000000 ) ) ;
#5371 = CARTESIAN_POINT ( 'NONE',  ( 2.350000000468750000, 1.200000000000000000, 1.074999999925000600 ) ) ;
#5372 = LINE ( 'NONE', #4221, #2652 ) ;
#5373 = CARTESIAN_POINT ( 'NONE',  ( 1.800000000000000700, 0.5999999999999999800, 1.399999999924999000 ) ) ;
#5374 = EDGE_LOOP ( 'NONE', ( #7546, #4656, #2675, #5895, #3624, #389 ) ) ;
#5375 = ORIENTED_EDGE ( 'NONE', *, *, #4290, .T. ) ;
#5376 = LINE ( 'NONE', #321, #2364 ) ;
#5377 = VERTEX_POINT ( 'NONE', #2795 ) ;
#5378 = CARTESIAN_POINT ( 'NONE',  ( -2.500000000468749900, 1.139906666467844600, 1.258485669039685500 ) ) ;
#5379 = ORIENTED_EDGE ( 'NONE', *, *, #5691, .T. ) ;
#5380 = CARTESIAN_POINT ( 'NONE',  ( -2.600000000468750000, 0.7999999999999999300, 0.7999999997750000300 ) ) ;
#5381 = VECTOR ( 'NONE', #3567, 1000.000000000000000 ) ;
#5382 = EDGE_LOOP ( 'NONE', ( #4181, #3011, #5196, #6537, #4528, #3713, #3900, #3848, #1759, #1770, #5828, #7782 ) ) ;
#5383 = ORIENTED_EDGE ( 'NONE', *, *, #1987, .F. ) ;
#5384 = LINE ( 'NONE', #6685, #459 ) ;
#5385 = ADVANCED_BREP_SHAPE_REPRESENTATION ( 'ACHR-04V-A-S', ( #7491, #7531 ), #7221 ) ;
#5386 = EDGE_LOOP ( 'NONE', ( #4889, #2894, #5789, #5997, #6340, #1370, #749, #2386, #1294 ) ) ;
#5387 = DIRECTION ( 'NONE',  ( 7.318364664277336400E-015, -0.0000000000000000000, -1.000000000000000000 ) ) ;
#5388 = DIRECTION ( 'NONE',  ( 0.0000000000000000000, 0.0000000000000000000, -1.000000000000000000 ) ) ;
#5389 = EDGE_CURVE ( 'NONE', #17, #7630, #2891, .T. ) ;
#5390 = PLANE ( 'NONE',  #4939 ) ;
#5391 = FACE_OUTER_BOUND ( 'NONE', #1675, .T. ) ;
#5392 = CARTESIAN_POINT ( 'NONE',  ( -2.200656147411876400, 0.9499999999999938500, 1.089014761932505700 ) ) ;
#5393 = EDGE_LOOP ( 'NONE', ( #5942, #3055, #398, #1383 ) ) ;
#5394 = VECTOR ( 'NONE', #2255, 1000.000000000000000 ) ;
#5395 = CARTESIAN_POINT ( 'NONE',  ( -1.051954401941374200, 0.9499999999999936300, 1.099135055248403600 ) ) ;
#5396 = CARTESIAN_POINT ( 'NONE',  ( 0.4750000000000114100, 0.5999999999999999800, -1.600000000124983200 ) ) ;
#5397 = VERTEX_POINT ( 'NONE', #3439 ) ;
#5398 = DIRECTION ( 'NONE',  ( -0.0000000000000000000, 1.000000000000000000, -0.0000000000000000000 ) ) ;
#5399 = LINE ( 'NONE', #2835, #1144 ) ;
#5400 = ORIENTED_EDGE ( 'NONE', *, *, #1470, .T. ) ;
#5401 = AXIS2_PLACEMENT_3D ( 'NONE', #334, #3426, #7696 ) ;
#5402 = CARTESIAN_POINT ( 'NONE',  ( -2.500000000468749500, 1.200000000000000000, -0.5499999999499998200 ) ) ;
#5403 = LINE ( 'NONE', #1660, #7215 ) ;
#5404 = VERTEX_POINT ( 'NONE', #7044 ) ;
#5405 = LINE ( 'NONE', #6142, #1639 ) ;
#5406 = DIRECTION ( 'NONE',  ( -1.000000000000000000, -0.0000000000000000000, -0.0000000000000000000 ) ) ;
#5407 = EDGE_LOOP ( 'NONE', ( #7008, #685, #5772, #5165, #1541, #5666, #2829, #1324, #1740, #7195, #6277, #5306 ) ) ;
#5408 = CARTESIAN_POINT ( 'NONE',  ( 1.199999999999999700, 0.7999999999999999300, -0.3750000001249989600 ) ) ;
#5409 = FACE_OUTER_BOUND ( 'NONE', #3262, .T. ) ;
#5411 = VECTOR ( 'NONE', #6777, 1000.000000000000000 ) ;
#5410 = PLANE ( 'NONE',  #4611 ) ;
#5412 = DIRECTION ( 'NONE',  ( 2.168404344971007700E-015, 0.0000000000000000000, -1.000000000000000000 ) ) ;
#5413 = ORIENTED_EDGE ( 'NONE', *, *, #6477, .T. ) ;
#5414 = LINE ( 'NONE', #1556, #2314 ) ;
#5415 = ORIENTED_EDGE ( 'NONE', *, *, #4303, .T. ) ;
#5416 = CARTESIAN_POINT ( 'NONE',  ( 1.672500000000000100, 0.7499999999999998900, -0.7000000001249999700 ) ) ;
#5417 = EDGE_CURVE ( 'NONE', #683, #2203, #3175, .T. ) ;
#5418 = LINE ( 'NONE', #5396, #1257 ) ;
#5419 = EDGE_CURVE ( 'NONE', #2285, #6451, #6472, .T. ) ;
#5420 = CARTESIAN_POINT ( 'NONE',  ( -1.352651853380587600, 1.060037016659558500, 1.191467075343293400 ) ) ;
#5421 = ORIENTED_EDGE ( 'NONE', *, *, #5932, .F. ) ;
#5422 = FACE_OUTER_BOUND ( 'NONE', #180, .T. ) ;
#5423 = VERTEX_POINT ( 'NONE', #4108 ) ;
#5424 = CARTESIAN_POINT ( 'NONE',  ( -0.1591205672589828800, 0.8499999999999994200, 1.015225092130680000 ) ) ;
#5425 = CARTESIAN_POINT ( 'NONE',  ( 0.3250000000000000100, 0.8499999999999996400, -0.2500000001249999500 ) ) ;
#5426 = CARTESIAN_POINT ( 'NONE',  ( -0.7999999999999997100, 0.7499999999999998900, -0.7000000001249999700 ) ) ;
#5427 = DIRECTION ( 'NONE',  ( 0.0000000000000000000, 0.0000000000000000000, 1.000000000000000000 ) ) ;
#5428 = CARTESIAN_POINT ( 'NONE',  ( 1.050000000000000900, 1.049999999999999800, 1.899999999924999000 ) ) ;
#5429 = VECTOR ( 'NONE', #3782, 1000.000000000000000 ) ;
#5430 = ORIENTED_EDGE ( 'NONE', *, *, #326, .F. ) ;
#5431 = EDGE_CURVE ( 'NONE', #3309, #3444, #7526, .T. ) ;
#5432 = PLANE ( 'NONE',  #1633 ) ;
#5433 = VECTOR ( 'NONE', #4856, 1000.000000000000000 ) ;
#5434 = VERTEX_POINT ( 'NONE', #5284 ) ;
#5435 = LINE ( 'NONE', #2470, #3818 ) ;
#5436 = CARTESIAN_POINT ( 'NONE',  ( 1.425000000000001200, 1.050000000000000000, 1.649999999924999000 ) ) ;
#5437 = EDGE_LOOP ( 'NONE', ( #768, #1296, #1507, #68 ) ) ;
#5438 = PLANE ( 'NONE',  #7041 ) ;
#5439 = ORIENTED_EDGE ( 'NONE', *, *, #2940, .T. ) ;
#5440 = ORIENTED_EDGE ( 'NONE', *, *, #2651, .F. ) ;
#5441 = LINE ( 'NONE', #5533, #996 ) ;
#5442 = FACE_OUTER_BOUND ( 'NONE', #5928, .T. ) ;
#5443 = ADVANCED_FACE ( 'NONE', ( #1075 ), #1710, .F. ) ;
#5444 = VERTEX_POINT ( 'NONE', #1123 ) ;
#5445 = DIRECTION ( 'NONE',  ( -0.0000000000000000000, -1.000000000000000000, -0.0000000000000000000 ) ) ;
#5446 = LINE ( 'NONE', #5425, #3646 ) ;
#5447 = CARTESIAN_POINT ( 'NONE',  ( 1.111611652351681000, 0.7999999999999999300, -0.2866116524766807400 ) ) ;
#5448 = DIRECTION ( 'NONE',  ( 1.587276273760917900E-015, 0.0000000000000000000, 1.000000000000000000 ) ) ;
#5449 = CARTESIAN_POINT ( 'NONE',  ( -1.999999999999999600, 0.7499999999999998900, -0.7000000001249999700 ) ) ;
#5450 = ORIENTED_EDGE ( 'NONE', *, *, #7777, .F. ) ;
#5451 = ADVANCED_FACE ( 'NONE', ( #4012 ), #7681, .T. ) ;
#5452 = ORIENTED_EDGE ( 'NONE', *, *, #4185, .T. ) ;
#5453 = LINE ( 'NONE', #2262, #7083 ) ;
#5454 = VERTEX_POINT ( 'NONE', #7836 ) ;
#5455 = AXIS2_PLACEMENT_3D ( 'NONE', #2346, #7206, #7185 ) ;
#5456 = CARTESIAN_POINT ( 'NONE',  ( -0.7999999999999998200, 0.7499999999999998900, -0.5982233048283627200 ) ) ;
#5457 = ORIENTED_EDGE ( 'NONE', *, *, #185, .T. ) ;
#5458 =( NAMED_UNIT ( * ) PLANE_ANGLE_UNIT ( ) SI_UNIT ( $, .RADIAN. ) );
#5459 = DIRECTION ( 'NONE',  ( 0.0000000000000000000, 0.0000000000000000000, 1.000000000000000000 ) ) ;
#5460 = EDGE_CURVE ( 'NONE', #587, #5331, #6280, .T. ) ;
#5461 = DIRECTION ( 'NONE',  ( -0.0000000000000000000, 1.000000000000000000, 0.0000000000000000000 ) ) ;
#5462 = EDGE_CURVE ( 'NONE', #5041, #4977, #2049, .T. ) ;
#5463 = CARTESIAN_POINT ( 'NONE',  ( -1.049999999999998900, 0.1500000000000000800, 1.649999999924999000 ) ) ;
#5464 = VECTOR ( 'NONE', #1256, 1000.000000000000000 ) ;
#5465 = ORIENTED_EDGE ( 'NONE', *, *, #2911, .T. ) ;
#5466 = DIRECTION ( 'NONE',  ( 1.000000000000000000, 0.0000000000000000000, 0.0000000000000000000 ) ) ;
#5467 = VECTOR ( 'NONE', #7556, 1000.000000000000000 ) ;
#5468 = DIRECTION ( 'NONE',  ( 1.000000000000000000, 0.0000000000000000000, 0.0000000000000000000 ) ) ;
#5469 = CARTESIAN_POINT ( 'NONE',  ( -1.927499999999999800, 0.0000000000000000000, 0.0000000000000000000 ) ) ;
#5470 = ORIENTED_EDGE ( 'NONE', *, *, #6272, .F. ) ;
#5471 = EDGE_CURVE ( 'NONE', #6736, #1342, #6862, .T. ) ;
#5472 = CARTESIAN_POINT ( 'NONE',  ( -2.674999999999999800, 0.0000000000000000000, -0.4499999999499997800 ) ) ;
#5473 = CARTESIAN_POINT ( 'NONE',  ( -1.999999999999999600, 0.7499999999999998900, -0.5750000001249999700 ) ) ;
#5474 = VERTEX_POINT ( 'NONE', #2659 ) ;
#5475 = EDGE_CURVE ( 'NONE', #6220, #155, #6465, .T. ) ;
#5476 = CARTESIAN_POINT ( 'NONE',  ( -1.200000000000000400, 1.139906666467845200, 1.258485669039686000 ) ) ;
#5477 = EDGE_CURVE ( 'NONE', #4107, #3116, #679, .T. ) ;
#5478 = DIRECTION ( 'NONE',  ( 0.0000000000000000000, -0.0000000000000000000, 1.000000000000000000 ) ) ;
#5479 = VECTOR ( 'NONE', #4268, 1000.000000000000000 ) ;
#5480 = ORIENTED_EDGE ( 'NONE', *, *, #5876, .T. ) ;
#5481 = ADVANCED_FACE ( 'NONE', ( #4948 ), #3404, .F. ) ;
#5482 = CARTESIAN_POINT ( 'NONE',  ( -0.4724999999999998100, 0.0000000000000000000, -0.7000000001249999700 ) ) ;
#5483 = CIRCLE ( 'NONE', #4776, 0.2750000000000000200 ) ;
#5484 =( GEOMETRIC_REPRESENTATION_CONTEXT ( 3 ) GLOBAL_UNCERTAINTY_ASSIGNED_CONTEXT ( ( #4078 ) ) GLOBAL_UNIT_ASSIGNED_CONTEXT ( ( #6400, #6508, #4646 ) ) REPRESENTATION_CONTEXT ( 'NONE', 'WORKASPACE' ) );
#5485 = DIRECTION ( 'NONE',  ( 0.0000000000000000000, 0.0000000000000000000, 1.000000000000000000 ) ) ;
#5486 = LINE ( 'NONE', #5545, #5782 ) ;
#5487 = CARTESIAN_POINT ( 'NONE',  ( 1.672500000000000100, 0.7499999999999998900, -0.4000000001249999800 ) ) ;
#5488 = VECTOR ( 'NONE', #7437, 1000.000000000000000 ) ;
#5489 = EDGE_LOOP ( 'NONE', ( #5566, #3112, #7627, #5494 ) ) ;
#5490 = ORIENTED_EDGE ( 'NONE', *, *, #5059, .F. ) ;
#5491 = FACE_OUTER_BOUND ( 'NONE', #5176, .T. ) ;
#5492 = ADVANCED_FACE ( 'NONE', ( #6563 ), #2815, .T. ) ;
#5493 =( BOUNDED_CURVE ( )  B_SPLINE_CURVE ( 3, ( #283, #6354, #4067, #4600 ),
 .UNSPECIFIED., .F., .T. ) 
 B_SPLINE_CURVE_WITH_KNOTS ( ( 4, 4 ),
 ( 4.805957199153185800, 4.873991820545729300 ),
 .UNSPECIFIED. ) 
 CURVE ( )  GEOMETRIC_REPRESENTATION_ITEM ( )  RATIONAL_B_SPLINE_CURVE ( ( 1.000000000000000000, 0.9996143113856629200, 0.9996143113856629200, 1.000000000000000000 ) ) 
 REPRESENTATION_ITEM ( '' )  );
#5494 = ORIENTED_EDGE ( 'NONE', *, *, #3052, .T. ) ;
#5495 = DIRECTION ( 'NONE',  ( 0.0000000000000000000, 1.000000000000000000, 0.0000000000000000000 ) ) ;
#5496 = ORIENTED_EDGE ( 'NONE', *, *, #1425, .T. ) ;
#5497 = DIRECTION ( 'NONE',  ( 1.000000000000000000, -0.0000000000000000000, -6.195440996141578300E-016 ) ) ;
#5498 = LINE ( 'NONE', #404, #3867 ) ;
#5499 = VERTEX_POINT ( 'NONE', #5783 ) ;
#5500 = VECTOR ( 'NONE', #2567, 1000.000000000000000 ) ;
#5501 = DIRECTION ( 'NONE',  ( -1.000000000000000000, -0.0000000000000000000, 2.891205795222151400E-015 ) ) ;
#5502 = VECTOR ( 'NONE', #6314, 1000.000000000000100 ) ;
#5503 = ORIENTED_EDGE ( 'NONE', *, *, #6757, .T. ) ;
#5504 = AXIS2_PLACEMENT_3D ( 'NONE', #6242, #3850, #1424 ) ;
#5505 = VECTOR ( 'NONE', #7866, 1000.000000000000000 ) ;
#5506 = CARTESIAN_POINT ( 'NONE',  ( -2.600000000468750000, 1.139906666467844800, 1.258485669039685700 ) ) ;
#5507 = VERTEX_POINT ( 'NONE', #7672 ) ;
#5508 = AXIS2_PLACEMENT_3D ( 'NONE', #1871, #3672, #1282 ) ;
#5509 = ORIENTED_EDGE ( 'NONE', *, *, #2440, .T. ) ;
#5510 = EDGE_CURVE ( 'NONE', #6309, #4017, #2798, .T. ) ;
#5511 = VECTOR ( 'NONE', #6515, 1000.000000000000000 ) ;
#5512 = EDGE_CURVE ( 'NONE', #5434, #7904, #3349, .T. ) ;
#5513 = CARTESIAN_POINT ( 'NONE',  ( -0.7249999999999887600, 0.5999999999999999800, -1.600000000125003200 ) ) ;
#5514 = EDGE_LOOP ( 'NONE', ( #1232, #4285, #212, #6858, #1110, #1271 ) ) ;
#5515 = CYLINDRICAL_SURFACE ( 'NONE', #5518, 0.2750000000000001900 ) ;
#5516 = ORIENTED_EDGE ( 'NONE', *, *, #4343, .T. ) ;
#5517 = DIRECTION ( 'NONE',  ( -1.000000000000000000, 0.0000000000000000000, 6.195440996141578300E-016 ) ) ;
#5518 = AXIS2_PLACEMENT_3D ( 'NONE', #2803, #7636, #3907 ) ;
#5519 = FACE_OUTER_BOUND ( 'NONE', #7534, .T. ) ;
#5520 = VERTEX_POINT ( 'NONE', #2249 ) ;
#5521 = ADVANCED_FACE ( 'NONE', ( #5422 ), #7432, .T. ) ;
#5522 = CARTESIAN_POINT ( 'NONE',  ( 2.078821349019438700, 0.9284228526591035100, -0.2500000001249998400 ) ) ;
#5523 = VECTOR ( 'NONE', #614, 1000.000000000000000 ) ;
#5524 = EDGE_CURVE ( 'NONE', #5520, #6522, #6176, .T. ) ;
#5525 = ORIENTED_EDGE ( 'NONE', *, *, #2551, .F. ) ;
#5526 = EDGE_CURVE ( 'NONE', #1175, #30, #1372, .T. ) ;
#5527 = EDGE_CURVE ( 'NONE', #291, #6243, #400, .T. ) ;
#5528 = ORIENTED_EDGE ( 'NONE', *, *, #7453, .F. ) ;
#5529 = DIRECTION ( 'NONE',  ( -1.000000000000000000, 0.0000000000000000000, -0.0000000000000000000 ) ) ;
#5530 = VERTEX_POINT ( 'NONE', #138 ) ;
#5531 = CARTESIAN_POINT ( 'NONE',  ( -2.350000000468750000, 1.200000000000000000, 1.269081745102117500 ) ) ;
#5532 = CARTESIAN_POINT ( 'NONE',  ( 1.000000000281248400, 0.1000000000000000500, -1.600000000125000300 ) ) ;
#5533 = CARTESIAN_POINT ( 'NONE',  ( -2.500000000468749900, 0.9494107612943901700, 1.098640625267856200 ) ) ;
#5534 = VERTEX_POINT ( 'NONE', #163 ) ;
#5535 = DIRECTION ( 'NONE',  ( -0.0000000000000000000, -0.0000000000000000000, 1.000000000000000000 ) ) ;
#5536 = DIRECTION ( 'NONE',  ( -0.0000000000000000000, 1.000000000000000000, -0.0000000000000000000 ) ) ;
#5537 = VECTOR ( 'NONE', #1008, 1000.000000000000000 ) ;
#5538 = AXIS2_PLACEMENT_3D ( 'NONE', #6103, #4883, #5584 ) ;
#5539 = CARTESIAN_POINT ( 'NONE',  ( -1.322307118264302900, 0.7999999999999999300, 0.9732701105718156700 ) ) ;
#5540 = VERTEX_POINT ( 'NONE', #4788 ) ;
#5541 = ORIENTED_EDGE ( 'NONE', *, *, #2700, .F. ) ;
#5542 = CARTESIAN_POINT ( 'NONE',  ( 2.500000000468749000, 1.200000000000000000, 0.7999999997749980300 ) ) ;
#5543 = DIRECTION ( 'NONE',  ( -0.0000000000000000000, -1.000000000000000000, -0.0000000000000000000 ) ) ;
#5544 = DIRECTION ( 'NONE',  ( -0.09343174671670150000, 0.0000000000000000000, 0.9956256870458224400 ) ) ;
#5545 = CARTESIAN_POINT ( 'NONE',  ( -2.500000000468749900, 0.0000000000000000000, 0.7999999997750006900 ) ) ;
#5546 = DIRECTION ( 'NONE',  ( 1.000000000000000000, -0.0000000000000000000, -1.084202172180573300E-016 ) ) ;
#5547 = ORIENTED_EDGE ( 'NONE', *, *, #5221, .F. ) ;
#5548 = ORIENTED_EDGE ( 'NONE', *, *, #3927, .F. ) ;
#5549 = CARTESIAN_POINT ( 'NONE',  ( 1.999999999999999600, 0.7499999999999998900, -0.5750000001249999700 ) ) ;
#5550 = VECTOR ( 'NONE', #4368, 1000.000000000000000 ) ;
#5551 = LINE ( 'NONE', #351, #5933 ) ;
#5552 = VERTEX_POINT ( 'NONE', #1040 ) ;
#5553 = EDGE_LOOP ( 'NONE', ( #1373, #6713, #3861, #6146 ) ) ;
#5554 = CARTESIAN_POINT ( 'NONE',  ( 2.175000000468748900, 0.8939695520413333300, 0.9249999997749972500 ) ) ;
#5555 = CARTESIAN_POINT ( 'NONE',  ( -1.000000000281249500, 1.099999999999999900, -1.799999999925000300 ) ) ;
#5556 = DIRECTION ( 'NONE',  ( -0.7071067811865486800, -0.0000000000000000000, 0.7071067811865464600 ) ) ;
#5557 = DIRECTION ( 'NONE',  ( -1.000000000000000000, 0.0000000000000000000, -1.084202172553267200E-015 ) ) ;
#5558 = VECTOR ( 'NONE', #697, 1000.000000000000200 ) ;
#5559 = DIRECTION ( 'NONE',  ( -0.0000000000000000000, 1.000000000000000000, -0.0000000000000000000 ) ) ;
#5560 = VERTEX_POINT ( 'NONE', #5003 ) ;
#5561 = ADVANCED_FACE ( 'NONE', ( #2973 ), #2536, .T. ) ;
#5562 = CARTESIAN_POINT ( 'NONE',  ( 1.359120567258983400, 0.8500000000000006400, 1.015225092130680700 ) ) ;
#5563 = DIRECTION ( 'NONE',  ( -1.156482317317870800E-014, 0.0000000000000000000, -1.000000000000000000 ) ) ;
#5564 = CARTESIAN_POINT ( 'NONE',  ( -2.674999999999999400, 0.0000000000000000000, -1.400000000149999500 ) ) ;
#5565 = LINE ( 'NONE', #1012, #7470 ) ;
#5566 = ORIENTED_EDGE ( 'NONE', *, *, #1880, .T. ) ;
#5567 = CARTESIAN_POINT ( 'NONE',  ( 2.500000000468749000, 1.139906666467844600, 1.258485669039685500 ) ) ;
#5568 = CARTESIAN_POINT ( 'NONE',  ( -0.3250000000000000100, 0.9499999999999936300, -0.2500000001249999500 ) ) ;
#5569 = CARTESIAN_POINT ( 'NONE',  ( 1.675000000000002500, 0.5999999999999999800, -0.4000000001250162400 ) ) ;
#5570 = VERTEX_POINT ( 'NONE', #7829 ) ;
#5571 = CARTESIAN_POINT ( 'NONE',  ( -2.175000000468748900, 0.8189695520413333700, 0.8499999997749972900 ) ) ;
#5572 = EDGE_CURVE ( 'NONE', #606, #335, #5625, .T. ) ;
#5573 = ADVANCED_FACE ( 'NONE', ( #5227 ), #1657, .F. ) ;
#5574 = CARTESIAN_POINT ( 'NONE',  ( -0.4749999999999888800, 0.1000000000000000500, -1.600000000125000100 ) ) ;
#5575 = VECTOR ( 'NONE', #1356, 1000.000000000000000 ) ;
#5576 = VERTEX_POINT ( 'NONE', #6033 ) ;
#5577 = CARTESIAN_POINT ( 'NONE',  ( 0.4725000000000000300, 0.0000000000000000000, -0.7000000001249999700 ) ) ;
#5578 = LINE ( 'NONE', #1815, #3031 ) ;
#5579 = ORIENTED_EDGE ( 'NONE', *, *, #4508, .T. ) ;
#5580 = CARTESIAN_POINT ( 'NONE',  ( 0.0000000000000000000, 0.7999999999999999300, -0.2500000001250000700 ) ) ;
#5581 = LINE ( 'NONE', #4726, #268 ) ;
#5582 = EDGE_CURVE ( 'NONE', #4547, #2742, #6370, .T. ) ;
#5583 = CARTESIAN_POINT ( 'NONE',  ( -0.3249999999999992900, 0.5999999999999999800, 1.399999999924999000 ) ) ;
#5584 = DIRECTION ( 'NONE',  ( 0.0000000000000000000, 0.0000000000000000000, -1.000000000000000000 ) ) ;
#5585 = VERTEX_POINT ( 'NONE', #3027 ) ;
#5586 = CARTESIAN_POINT ( 'NONE',  ( 1.350000000000001200, 0.1500000000000000800, 1.649999999924999000 ) ) ;
#5587 = VERTEX_POINT ( 'NONE', #540 ) ;
#5588 = LINE ( 'NONE', #3018, #3506 ) ;
#5589 = EDGE_CURVE ( 'NONE', #1222, #6790, #197, .T. ) ;
#5590 = DIRECTION ( 'NONE',  ( -0.0000000000000000000, -1.000000000000000000, -0.0000000000000000000 ) ) ;
#5591 = PLANE ( 'NONE',  #7533 ) ;
#5592 = ORIENTED_EDGE ( 'NONE', *, *, #4135, .T. ) ;
#5593 = FACE_OUTER_BOUND ( 'NONE', #5382, .T. ) ;
#5594 = DIRECTION ( 'NONE',  ( -0.7071067811865489100, 0.0000000000000000000, -0.7071067811865462400 ) ) ;
#5595 = ORIENTED_EDGE ( 'NONE', *, *, #4853, .T. ) ;
#5596 = LINE ( 'NONE', #1149, #7023 ) ;
#5597 = CARTESIAN_POINT ( 'NONE',  ( 2.350000000468750000, 0.9499999999999936300, 1.074999999925000600 ) ) ;
#5598 = DIRECTION ( 'NONE',  ( -0.0000000000000000000, -1.000000000000000000, -0.0000000000000000000 ) ) ;
#5599 = VERTEX_POINT ( 'NONE', #1876 ) ;
#5600 = VECTOR ( 'NONE', #3559, 1000.000000000000000 ) ;
#5601 = ORIENTED_EDGE ( 'NONE', *, *, #285, .T. ) ;
#5602 = CARTESIAN_POINT ( 'NONE',  ( 0.7999999999999997100, 0.7999999999999999300, -0.7000000001249999700 ) ) ;
#5603 = LINE ( 'NONE', #7180, #5505 ) ;
#5604 = VERTEX_POINT ( 'NONE', #2400 ) ;
#5605 = ORIENTED_EDGE ( 'NONE', *, *, #6850, .T. ) ;
#5606 = ADVANCED_FACE ( 'NONE', ( #2322 ), #6107, .F. ) ;
#5607 = LINE ( 'NONE', #5087, #4640 ) ;
#5608 = DIRECTION ( 'NONE',  ( 0.0000000000000000000, -1.000000000000000000, -0.0000000000000000000 ) ) ;
#5609 = VECTOR ( 'NONE', #7530, 1000.000000000000000 ) ;
#5610 = VERTEX_POINT ( 'NONE', #6725 ) ;
#5611 = EDGE_CURVE ( 'NONE', #5070, #7630, #4004, .T. ) ;
#5612 = DIRECTION ( 'NONE',  ( -0.1299941854756612200, 0.0000000000000000000, 0.9915147561900020700 ) ) ;
#5613 = VECTOR ( 'NONE', #6360, 1000.000000000000000 ) ;
#5614 = DIRECTION ( 'NONE',  ( 0.0000000000000000000, -0.9848077530122085800, -0.1736481776669278300 ) ) ;
#5615 = DIRECTION ( 'NONE',  ( -0.0000000000000000000, 1.000000000000000000, -0.0000000000000000000 ) ) ;
#5616 = DIRECTION ( 'NONE',  ( -0.1721747305422618400, 0.9848077530122086900, 0.02257325341514532900 ) ) ;
#5617 = DIRECTION ( 'NONE',  ( 0.0000000000000000000, -0.6427876096865429200, 0.7660444431189750200 ) ) ;
#5618 = CARTESIAN_POINT ( 'NONE',  ( -2.500000000468749900, 0.7999999999999999300, 0.9732701105718156700 ) ) ;
#5619 = ADVANCED_FACE ( 'NONE', ( #2041 ), #1984, .F. ) ;
#5620 = CARTESIAN_POINT ( 'NONE',  ( -1.524999999999999000, 0.5999999999999999800, 1.649999999924999000 ) ) ;
#5621 = DIRECTION ( 'NONE',  ( 0.0000000000000000000, 0.0000000000000000000, -1.000000000000000000 ) ) ;
#5622 = VECTOR ( 'NONE', #6947, 1000.000000000000000 ) ;
#5623 = DIRECTION ( 'NONE',  ( -0.0000000000000000000, -0.0000000000000000000, 1.000000000000000000 ) ) ;
#5624 = VERTEX_POINT ( 'NONE', #675 ) ;
#5625 = CIRCLE ( 'NONE', #1111, 0.2750000000000000800 ) ;
#5626 = ORIENTED_EDGE ( 'NONE', *, *, #1841, .T. ) ;
#5627 = EDGE_CURVE ( 'NONE', #7808, #4308, #7624, .T. ) ;
#5628 = EDGE_CURVE ( 'NONE', #308, #7315, #5995, .T. ) ;
#5629 = PLANE ( 'NONE',  #3034 ) ;
#5630 = ORIENTED_EDGE ( 'NONE', *, *, #5894, .F. ) ;
#5631 = CARTESIAN_POINT ( 'NONE',  ( 0.7275000000000000400, 0.0000000000000000000, -0.7000000001249999700 ) ) ;
#5632 = CARTESIAN_POINT ( 'NONE',  ( 0.3250000000000000100, 0.9499999999999936300, -0.2500000001249999500 ) ) ;
#5633 = ORIENTED_EDGE ( 'NONE', *, *, #5922, .F. ) ;
#5634 = DIRECTION ( 'NONE',  ( -0.0000000000000000000, 1.000000000000000000, -0.0000000000000000000 ) ) ;
#5635 = VECTOR ( 'NONE', #5761, 1000.000000000000000 ) ;
#5636 = ORIENTED_EDGE ( 'NONE', *, *, #4910, .T. ) ;
#5637 = VECTOR ( 'NONE', #610, 1000.000000000000000 ) ;
#5638 = ORIENTED_EDGE ( 'NONE', *, *, #5169, .F. ) ;
#5639 = ORIENTED_EDGE ( 'NONE', *, *, #6014, .T. ) ;
#5640 = EDGE_CURVE ( 'NONE', #4935, #3917, #2410, .T. ) ;
#5641 = VERTEX_POINT ( 'NONE', #4915 ) ;
#5642 = EDGE_CURVE ( 'NONE', #301, #6366, #4379, .T. ) ;
#5643 = EDGE_CURVE ( 'NONE', #4575, #7203, #4563, .T. ) ;
#5644 = VERTEX_POINT ( 'NONE', #7393 ) ;
#5645 = LINE ( 'NONE', #6186, #1284 ) ;
#5646 = CIRCLE ( 'NONE', #1936, 0.1000000000000001000 ) ;
#5647 = CARTESIAN_POINT ( 'NONE',  ( 2.600000000000001400, 0.7999999999999999300, 0.7999999997749964700 ) ) ;
#5648 = CARTESIAN_POINT ( 'NONE',  ( -0.9749999999999989800, 1.000000000000000000, 1.649999999924999000 ) ) ;
#5649 = DIRECTION ( 'NONE',  ( 1.000000000000000000, 0.0000000000000000000, 0.0000000000000000000 ) ) ;
#5650 = PLANE ( 'NONE',  #1290 ) ;
#5651 = EDGE_LOOP ( 'NONE', ( #5509, #2620, #5186, #3796 ) ) ;
#5652 = CARTESIAN_POINT ( 'NONE',  ( 1.927500000000000200, 0.7499999999999998900, -0.4000000001250000900 ) ) ;
#5653 = CYLINDRICAL_SURFACE ( 'NONE', #6674, 0.1499999999999999700 ) ;
#5654 = ADVANCED_FACE ( 'NONE', ( #4188 ), #6129, .T. ) ;
#5655 = ORIENTED_EDGE ( 'NONE', *, *, #896, .F. ) ;
#5656 = DIRECTION ( 'NONE',  ( 1.000000000000000000, -0.0000000000000000000, -0.0000000000000000000 ) ) ;
#5657 = ORIENTED_EDGE ( 'NONE', *, *, #16, .T. ) ;
#5658 = DIRECTION ( 'NONE',  ( 1.000000000000000000, -0.0000000000000000000, 6.956963940115489500E-015 ) ) ;
#5659 = CARTESIAN_POINT ( 'NONE',  ( 0.8749999999999996700, 0.7999999999999999300, -0.2500000001249999500 ) ) ;
#5660 = FACE_OUTER_BOUND ( 'NONE', #6806, .T. ) ;
#5661 = ORIENTED_EDGE ( 'NONE', *, *, #5355, .F. ) ;
#5662 = EDGE_CURVE ( 'NONE', #7625, #5900, #978, .T. ) ;
#5663 = ORIENTED_EDGE ( 'NONE', *, *, #4046, .F. ) ;
#5664 = AXIS2_PLACEMENT_3D ( 'NONE', #1914, #1887, #1354 ) ;
#5665 = LINE ( 'NONE', #5295, #2177 ) ;
#5666 = ORIENTED_EDGE ( 'NONE', *, *, #7453, .T. ) ;
#5667 = CARTESIAN_POINT ( 'NONE',  ( -1.348727213428500900, 0.7999999999999999300, 1.094499127746349600 ) ) ;
#5668 = CARTESIAN_POINT ( 'NONE',  ( 2.295710678118655100, 0.7999999999999999300, -0.2792893220063453800 ) ) ;
#5669 = CARTESIAN_POINT ( 'NONE',  ( -2.219028639631501800, 0.7999999999999999300, 0.8357512064334764500 ) ) ;
#5670 = EDGE_CURVE ( 'NONE', #2751, #6388, #778, .T. ) ;
#5671 = LINE ( 'NONE', #7535, #2928 ) ;
#5672 = EDGE_LOOP ( 'NONE', ( #4694, #5233, #1333, #2183 ) ) ;
#5673 = ORIENTED_EDGE ( 'NONE', *, *, #6436, .F. ) ;
#5674 = DIRECTION ( 'NONE',  ( -0.0000000000000000000, 1.000000000000000000, -0.0000000000000000000 ) ) ;
#5675 = CARTESIAN_POINT ( 'NONE',  ( 1.999999999999999600, 0.7499999999999998900, -0.7000000001249999700 ) ) ;
#5676 = LINE ( 'NONE', #5574, #2665 ) ;
#5677 = ORIENTED_EDGE ( 'NONE', *, *, #250, .F. ) ;
#5678 = EDGE_CURVE ( 'NONE', #192, #1925, #5043, .T. ) ;
#5679 = VECTOR ( 'NONE', #5535, 1000.000000000000000 ) ;
#5680 = EDGE_CURVE ( 'NONE', #1455, #4591, #5151, .T. ) ;
#5681 = EDGE_CURVE ( 'NONE', #6839, #3548, #7232, .T. ) ;
#5682 = ADVANCED_FACE ( 'NONE', ( #6650 ), #6950, .T. ) ;
#5683 = VECTOR ( 'NONE', #3430, 1000.000000000000000 ) ;
#5684 = VERTEX_POINT ( 'NONE', #5140 ) ;
#5685 = ORIENTED_EDGE ( 'NONE', *, *, #3628, .F. ) ;
#5686 = LINE ( 'NONE', #7292, #2014 ) ;
#5687 = EDGE_LOOP ( 'NONE', ( #3320, #2372, #970, #2411 ) ) ;
#5688 = ORIENTED_EDGE ( 'NONE', *, *, #2103, .F. ) ;
#5689 = CARTESIAN_POINT ( 'NONE',  ( -2.200656147411876400, 0.7999999999999999300, 1.089014761932505700 ) ) ;
#5690 = VECTOR ( 'NONE', #7094, 1000.000000000000000 ) ;
#5691 = EDGE_CURVE ( 'NONE', #7114, #7255, #2229, .T. ) ;
#5692 = CARTESIAN_POINT ( 'NONE',  ( -1.049999999999998900, 1.049999999999999800, 1.649999999924999000 ) ) ;
#5693 = CARTESIAN_POINT ( 'NONE',  ( 0.8749999999999990000, 0.7999999999999999300, -0.5232233048283638800 ) ) ;
#5694 = ADVANCED_FACE ( 'NONE', ( #6755 ), #6909, .F. ) ;
#5695 = CARTESIAN_POINT ( 'NONE',  ( -1.000000000281249200, 1.099999999999999900, -1.899999999925000100 ) ) ;
#5696 = ORIENTED_EDGE ( 'NONE', *, *, #5124, .T. ) ;
#5697 = LINE ( 'NONE', #4929, #2485 ) ;
#5698 = LINE ( 'NONE', #2158, #3875 ) ;
#5699 = ORIENTED_EDGE ( 'NONE', *, *, #4535, .T. ) ;
#5700 = LINE ( 'NONE', #842, #4175 ) ;
#5701 = LINE ( 'NONE', #3017, #2385 ) ;
#5702 = CARTESIAN_POINT ( 'NONE',  ( 2.030724580280854200, 1.200000000000000000, -0.2500000001249999500 ) ) ;
#5703 = EDGE_LOOP ( 'NONE', ( #1099, #3582, #4958, #7304, #7901, #6399, #6643, #932 ) ) ;
#5704 = PLANE ( 'NONE',  #1779 ) ;
#5705 = CARTESIAN_POINT ( 'NONE',  ( 1.288388347648318400, 1.200000000000000000, -0.2866116524766808600 ) ) ;
#5706 = ORIENTED_EDGE ( 'NONE', *, *, #7254, .F. ) ;
#5707 = AXIS2_PLACEMENT_3D ( 'NONE', #2179, #6954, #4526 ) ;
#5708 = CARTESIAN_POINT ( 'NONE',  ( -1.349999999999998800, 0.1499999999999999700, 1.649999999924999000 ) ) ;
#5709 = VECTOR ( 'NONE', #40, 1000.000000000000000 ) ;
#5710 = ORIENTED_EDGE ( 'NONE', *, *, #5894, .T. ) ;
#5711 = ORIENTED_EDGE ( 'NONE', *, *, #7628, .F. ) ;
#5712 = ORIENTED_EDGE ( 'NONE', *, *, #5714, .T. ) ;
#5713 = CARTESIAN_POINT ( 'NONE',  ( 1.000000000281248600, 0.1000000000000000500, -1.500000000125000200 ) ) ;
#5714 = EDGE_CURVE ( 'NONE', #4013, #6417, #3616, .T. ) ;
#5715 = ORIENTED_EDGE ( 'NONE', *, *, #2002, .T. ) ;
#5716 = VERTEX_POINT ( 'NONE', #5746 ) ;
#5717 = CARTESIAN_POINT ( 'NONE',  ( 0.4725000000000000300, 0.0000000000000000000, -0.4000000001249999800 ) ) ;
#5718 = CARTESIAN_POINT ( 'NONE',  ( -1.524999999999999900, 0.7999999999999999300, -0.2500000001249999500 ) ) ;
#5719 = AXIS2_PLACEMENT_3D ( 'NONE', #6422, #7689, #7077 ) ;
#5720 = ORIENTED_EDGE ( 'NONE', *, *, #1435, .F. ) ;
#5721 = ADVANCED_FACE ( 'NONE', ( #1561 ), #6320, .F. ) ;
#5722 = CARTESIAN_POINT ( 'NONE',  ( -1.924999999999997400, 0.5999999999999999800, -0.4000000001250134100 ) ) ;
#5723 = ORIENTED_EDGE ( 'NONE', *, *, #3247, .T. ) ;
#5724 = DIRECTION ( 'NONE',  ( -0.0000000000000000000, -0.0000000000000000000, 1.000000000000000000 ) ) ;
#5725 = EDGE_CURVE ( 'NONE', #676, #3756, #3537, .T. ) ;
#5726 = VERTEX_POINT ( 'NONE', #2726 ) ;
#5727 = DIRECTION ( 'NONE',  ( 0.0000000000000000000, -0.1736481776669278300, 0.9848077530122085800 ) ) ;
#5728 = DIRECTION ( 'NONE',  ( -0.0000000000000000000, 0.0000000000000000000, 1.000000000000000000 ) ) ;
#5729 = VECTOR ( 'NONE', #6740, 1000.000000000000000 ) ;
#5730 = PLANE ( 'NONE',  #3897 ) ;
#5731 = ORIENTED_EDGE ( 'NONE', *, *, #7674, .T. ) ;
#5732 = ORIENTED_EDGE ( 'NONE', *, *, #4508, .F. ) ;
#5733 = ORIENTED_EDGE ( 'NONE', *, *, #5934, .F. ) ;
#5734 = CARTESIAN_POINT ( 'NONE',  ( 1.925000000000011400, 0.5999999999999999800, -1.600000000125011000 ) ) ;
#5735 = EDGE_CURVE ( 'NONE', #1932, #5434, #668, .T. ) ;
#5736 = EDGE_CURVE ( 'NONE', #6530, #7359, #4749, .T. ) ;
#5737 = ORIENTED_EDGE ( 'NONE', *, *, #5269, .T. ) ;
#5738 = EDGE_CURVE ( 'NONE', #4506, #3777, #2793, .T. ) ;
#5739 =( BOUNDED_CURVE ( )  B_SPLINE_CURVE ( 3, ( #2478, #3164, #7321, #6666 ),
 .UNSPECIFIED., .F., .F. ) 
 B_SPLINE_CURVE_WITH_KNOTS ( ( 4, 4 ),
 ( 4.661405893432040600, 6.283185307179586200 ),
 .UNSPECIFIED. ) 
 CURVE ( )  GEOMETRIC_REPRESENTATION_ITEM ( )  RATIONAL_B_SPLINE_CURVE ( ( 1.000000000000000000, 0.7925691712421014700, 0.7925691712421014700, 1.000000000000000000 ) ) 
 REPRESENTATION_ITEM ( '' )  );
#5740 = DIRECTION ( 'NONE',  ( -0.1721747305422619000, 0.9848077530122085800, 0.02257325341514533600 ) ) ;
#5741 = ORIENTED_EDGE ( 'NONE', *, *, #121, .F. ) ;
#5742 = DIRECTION ( 'NONE',  ( 2.168404344971007700E-015, 4.336808689942015400E-015, 1.000000000000000000 ) ) ;
#5743 = VECTOR ( 'NONE', #3778, 1000.000000000000000 ) ;
#5744 = DIRECTION ( 'NONE',  ( -1.000000000000000000, -2.891205793294683400E-015, 0.0000000000000000000 ) ) ;
#5745 = VECTOR ( 'NONE', #3033, 1000.000000000000000 ) ;
#5746 = CARTESIAN_POINT ( 'NONE',  ( -1.599999999999999600, 1.200000000000000000, -0.5982233048283637200 ) ) ;
#5747 = ORIENTED_EDGE ( 'NONE', *, *, #6164, .F. ) ;
#5748 = ORIENTED_EDGE ( 'NONE', *, *, #677, .F. ) ;
#5749 = ORIENTED_EDGE ( 'NONE', *, *, #5471, .F. ) ;
#5750 = DIRECTION ( 'NONE',  ( 0.0000000000000000000, 0.0000000000000000000, 1.000000000000000000 ) ) ;
#5751 = CARTESIAN_POINT ( 'NONE',  ( 2.674999999999998500, 0.0000000000000000000, -0.4499999999500013900 ) ) ;
#5752 = VECTOR ( 'NONE', #1199, 1000.000000000000000 ) ;
#5753 = VERTEX_POINT ( 'NONE', #3332 ) ;
#5754 = CARTESIAN_POINT ( 'NONE',  ( -2.350000000468750000, 1.200000000000000000, 1.074999999925000600 ) ) ;
#5755 = LINE ( 'NONE', #390, #7097 ) ;
#5756 = EDGE_CURVE ( 'NONE', #7014, #6842, #7803, .T. ) ;
#5757 = ORIENTED_EDGE ( 'NONE', *, *, #2138, .F. ) ;
#5758 = ADVANCED_FACE ( 'NONE', ( #2600 ), #972, .T. ) ;
#5759 = CARTESIAN_POINT ( 'NONE',  ( -1.000000000281250100, 1.200000000000000000, -1.600000000125000100 ) ) ;
#5760 = EDGE_LOOP ( 'NONE', ( #4295, #1020, #4960, #1390 ) ) ;
#5761 = DIRECTION ( 'NONE',  ( -0.0000000000000000000, -0.0000000000000000000, 1.000000000000000000 ) ) ;
#5762 = VECTOR ( 'NONE', #91, 1000.000000000000000 ) ;
#5763 = ORIENTED_EDGE ( 'NONE', *, *, #792, .F. ) ;
#5764 = LINE ( 'NONE', #785, #4056 ) ;
#5765 = ADVANCED_FACE ( 'NONE', ( #880 ), #7611, .F. ) ;
#5766 = CARTESIAN_POINT ( 'NONE',  ( 0.9750000000000009800, 1.050000000000000000, 1.649999999924999000 ) ) ;
#5767 = DIRECTION ( 'NONE',  ( 0.1299941854756611900, 0.0000000000000000000, -0.9915147561900020700 ) ) ;
#5768 = EDGE_CURVE ( 'NONE', #690, #5041, #1941, .T. ) ;
#5769 = LINE ( 'NONE', #2366, #51 ) ;
#5770 = ORIENTED_EDGE ( 'NONE', *, *, #1896, .T. ) ;
#5771 = CARTESIAN_POINT ( 'NONE',  ( 0.7250000000000111900, 0.1000000000000000500, -1.600000000125019400 ) ) ;
#5772 = ORIENTED_EDGE ( 'NONE', *, *, #492, .T. ) ;
#5773 = LINE ( 'NONE', #6423, #1729 ) ;
#5774 = PLANE ( 'NONE',  #6832 ) ;
#5775 = ORIENTED_EDGE ( 'NONE', *, *, #6074, .T. ) ;
#5776 = AXIS2_PLACEMENT_3D ( 'NONE', #5039, #2048, #2077 ) ;
#5777 = ORIENTED_EDGE ( 'NONE', *, *, #4302, .T. ) ;
#5778 = DIRECTION ( 'NONE',  ( 7.047314121155785900E-015, 0.0000000000000000000, -1.000000000000000000 ) ) ;
#5779 = CARTESIAN_POINT ( 'NONE',  ( 0.9079057632366454000, 1.200000000000000000, 0.3400902005194492700 ) ) ;
#5780 = CARTESIAN_POINT ( 'NONE',  ( -2.499999999999999600, 0.5000000000000000000, 0.6999999997749999400 ) ) ;
#5781 = CARTESIAN_POINT ( 'NONE',  ( -2.674999999999999400, 0.0000000000000000000, -1.600000000124999700 ) ) ;
#5782 = VECTOR ( 'NONE', #1380, 1000.000000000000000 ) ;
#5783 = CARTESIAN_POINT ( 'NONE',  ( -0.3694589905514923900, 1.200000000000000000, -0.2500000001249999500 ) ) ;
#5784 = EDGE_CURVE ( 'NONE', #228, #7282, #3530, .T. ) ;
#5785 = ORIENTED_EDGE ( 'NONE', *, *, #2240, .F. ) ;
#5786 = VECTOR ( 'NONE', #2933, 1000.000000000000000 ) ;
#5787 = EDGE_CURVE ( 'NONE', #3473, #30, #6553, .T. ) ;
#5788 = EDGE_CURVE ( 'NONE', #6451, #6239, #1756, .T. ) ;
#5789 = ORIENTED_EDGE ( 'NONE', *, *, #3578, .T. ) ;
#5790 = LINE ( 'NONE', #4525, #3151 ) ;
#5791 = EDGE_LOOP ( 'NONE', ( #2357, #7284, #1114, #5279, #2688 ) ) ;
#5792 = VECTOR ( 'NONE', #4240, 1000.000000000000000 ) ;
#5793 = DIRECTION ( 'NONE',  ( 1.000000000000000000, 0.0000000000000000000, -1.597913209883917700E-015 ) ) ;
#5794 = CARTESIAN_POINT ( 'NONE',  ( 1.524999999999999500, 0.7499999999999998900, -0.5232233048283654300 ) ) ;
#5795 = EDGE_LOOP ( 'NONE', ( #6719, #2454, #5, #5257, #6880, #4836, #5430, #7511 ) ) ;
#5796 = AXIS2_PLACEMENT_3D ( 'NONE', #5371, #7237, #2906 ) ;
#5797 = DIRECTION ( 'NONE',  ( -0.7071067811865495700, 0.0000000000000000000, -0.7071067811865455700 ) ) ;
#5798 = CIRCLE ( 'NONE', #2204, 0.1000000000000000500 ) ;
#5799 = AXIS2_PLACEMENT_3D ( 'NONE', #469, #1140, #7209 ) ;
#5800 = ORIENTED_EDGE ( 'NONE', *, *, #3181, .F. ) ;
#5801 = FACE_OUTER_BOUND ( 'NONE', #412, .T. ) ;
#5802 = PLANE ( 'NONE',  #322 ) ;
#5803 = PLANE ( 'NONE',  #6604 ) ;
#5804 = DIRECTION ( 'NONE',  ( -1.000000000000000000, 0.0000000000000000000, 6.195440996141578300E-016 ) ) ;
#5805 = VECTOR ( 'NONE', #2725, 1000.000000000000000 ) ;
#5806 = ORIENTED_EDGE ( 'NONE', *, *, #2651, .T. ) ;
#5807 = PLANE ( 'NONE',  #5253 ) ;
#5808 = DIRECTION ( 'NONE',  ( -0.0000000000000000000, -0.0000000000000000000, 1.000000000000000000 ) ) ;
#5809 = VECTOR ( 'NONE', #3398, 1000.000000000000000 ) ;
#5810 = CARTESIAN_POINT ( 'NONE',  ( 0.1500000000000009400, 1.049999999999999800, 1.649999999924999000 ) ) ;
#5811 = ORIENTED_EDGE ( 'NONE', *, *, #391, .T. ) ;
#5812 = AXIS2_PLACEMENT_3D ( 'NONE', #2256, #2276, #5459 ) ;
#5813 = DIRECTION ( 'NONE',  ( 0.1299941854756612200, 0.0000000000000000000, -0.9915147561900020700 ) ) ;
#5814 = VECTOR ( 'NONE', #1341, 1000.000000000000000 ) ;
#5815 = ORIENTED_EDGE ( 'NONE', *, *, #850, .T. ) ;
#5816 = ADVANCED_FACE ( 'NONE', ( #3063 ), #5515, .F. ) ;
#5817 = DIRECTION ( 'NONE',  ( 0.0000000000000000000, 1.000000000000000000, 0.0000000000000000000 ) ) ;
#5818 = ORIENTED_EDGE ( 'NONE', *, *, #4101, .T. ) ;
#5819 = CARTESIAN_POINT ( 'NONE',  ( 1.599999999999999900, 0.7999999999999999300, -0.7000000001249999700 ) ) ;
#5820 = ORIENTED_EDGE ( 'NONE', *, *, #2151, .T. ) ;
#5821 = VECTOR ( 'NONE', #6633, 1000.000000000000000 ) ;
#5822 = VERTEX_POINT ( 'NONE', #1611 ) ;
#5823 = CARTESIAN_POINT ( 'NONE',  ( -1.349999999687499200, 1.200000000000000000, -1.899999999925000100 ) ) ;
#5824 = VECTOR ( 'NONE', #1744, 1000.000000000000000 ) ;
#5825 = ORIENTED_EDGE ( 'NONE', *, *, #3301, .F. ) ;
#5826 = CARTESIAN_POINT ( 'NONE',  ( 0.3249999999999990100, 0.7499999999999998900, -0.5232233048283635400 ) ) ;
#5827 = CARTESIAN_POINT ( 'NONE',  ( 2.749999999999998200, 1.200000000000000000, -0.5499999999500014800 ) ) ;
#5828 = ORIENTED_EDGE ( 'NONE', *, *, #3497, .T. ) ;
#5829 = AXIS2_PLACEMENT_3D ( 'NONE', #1802, #6610, #3596 ) ;
#5830 = CARTESIAN_POINT ( 'NONE',  ( -1.200000000000000200, 0.7999999999999999300, -0.3750000001249999500 ) ) ;
#5831 = VECTOR ( 'NONE', #787, 1000.000000000000100 ) ;
#5832 = VECTOR ( 'NONE', #5445, 1000.000000000000000 ) ;
#5833 = EDGE_CURVE ( 'NONE', #710, #1826, #3893, .T. ) ;
#5834 = CARTESIAN_POINT ( 'NONE',  ( -0.4749999999999887600, 0.0000000000000000000, -1.600000000125001400 ) ) ;
#5835 = ORIENTED_EDGE ( 'NONE', *, *, #5582, .T. ) ;
#5836 = DIRECTION ( 'NONE',  ( 0.0000000000000000000, -0.0000000000000000000, 1.000000000000000000 ) ) ;
#5837 = EDGE_CURVE ( 'NONE', #3219, #4623, #1462, .T. ) ;
#5838 = CARTESIAN_POINT ( 'NONE',  ( -0.7249999999999887600, 0.5999999999999999800, -1.600000000125003200 ) ) ;
#5839 = DIRECTION ( 'NONE',  ( -0.7071067811865456900, 0.7071067811865493500, 0.0000000000000000000 ) ) ;
#5840 = FACE_OUTER_BOUND ( 'NONE', #246, .T. ) ;
#5841 = DIRECTION ( 'NONE',  ( -0.08397606092017122200, -0.7633385997021098200, -0.6405171374734276400 ) ) ;
#5842 = ORIENTED_EDGE ( 'NONE', *, *, #4794, .F. ) ;
#5843 = VERTEX_POINT ( 'NONE', #3965 ) ;
#5844 = CARTESIAN_POINT ( 'NONE',  ( 2.182422527083392300, 0.8939695520413334400, 0.8947139872512305200 ) ) ;
#5845 = EDGE_CURVE ( 'NONE', #3610, #3994, #4897, .T. ) ;
#5846 = LINE ( 'NONE', #6318, #4216 ) ;
#5847 = PLANE ( 'NONE',  #6499 ) ;
#5848 = ORIENTED_EDGE ( 'NONE', *, *, #4300, .T. ) ;
#5849 = CARTESIAN_POINT ( 'NONE',  ( 1.599999999999999900, 0.7499999999999998900, -0.7000000001249999700 ) ) ;
#5850 = DIRECTION ( 'NONE',  ( -1.000000000000000000, 0.0000000000000000000, 3.571371615962089200E-015 ) ) ;
#5851 = CARTESIAN_POINT ( 'NONE',  ( 1.524999999999999900, 0.7499999999999998900, -0.2500000001249999500 ) ) ;
#5852 = CARTESIAN_POINT ( 'NONE',  ( 1.524999999999999900, 0.9499999999999936300, -0.2500000001249999500 ) ) ;
#5853 = CARTESIAN_POINT ( 'NONE',  ( 2.499999999999999600, 0.5000000000000000000, 0.6999999997749999400 ) ) ;
#5854 = VECTOR ( 'NONE', #519, 1000.000000000000000 ) ;
#5855 = VERTEX_POINT ( 'NONE', #3427 ) ;
#5856 = AXIS2_PLACEMENT_3D ( 'NONE', #2669, #1419, #75 ) ;
#5857 = DIRECTION ( 'NONE',  ( -0.7595443692498151700, -0.6427876096865445800, 0.09958132342140749200 ) ) ;
#5858 = CARTESIAN_POINT ( 'NONE',  ( -1.040879432741016900, 0.8499999999999996400, 1.015225092130679800 ) ) ;
#5859 = VECTOR ( 'NONE', #4425, 1000.000000000000000 ) ;
#5860 = CARTESIAN_POINT ( 'NONE',  ( 2.600000000000001400, 0.7999999999999999300, 0.6999999997749973800 ) ) ;
#5861 = ORIENTED_EDGE ( 'NONE', *, *, #479, .T. ) ;
#5862 = DIRECTION ( 'NONE',  ( 2.457524924300473800E-014, 0.0000000000000000000, -1.000000000000000000 ) ) ;
#5863 = CARTESIAN_POINT ( 'NONE',  ( 2.749999999999998200, 1.200000000000000000, -1.600000000125000300 ) ) ;
#5864 = CARTESIAN_POINT ( 'NONE',  ( 2.117139312097653400, 0.7999999999999999300, -0.2500000001250022300 ) ) ;
#5865 = DIRECTION ( 'NONE',  ( 0.5000000000000001100, 0.0000000000000000000, 0.8660254037844386000 ) ) ;
#5866 = LINE ( 'NONE', #3561, #5479 ) ;
#5867 = DIRECTION ( 'NONE',  ( 0.1299941854756607500, 0.0000000000000000000, -0.9915147561900021800 ) ) ;
#5868 = VERTEX_POINT ( 'NONE', #397 ) ;
#5869 = LINE ( 'NONE', #724, #4241 ) ;
#5870 = DIRECTION ( 'NONE',  ( -0.0000000000000000000, -0.0000000000000000000, 1.000000000000000000 ) ) ;
#5871 = CARTESIAN_POINT ( 'NONE',  ( 2.500000000468749000, 0.0000000000000000000, 0.7999999997749980300 ) ) ;
#5872 = CIRCLE ( 'NONE', #1146, 0.2750000000000000200 ) ;
#5873 = CARTESIAN_POINT ( 'NONE',  ( 0.3249999999999990100, 0.7499999999999998900, -0.5232233048283635400 ) ) ;
#5874 = DIRECTION ( 'NONE',  ( -0.0000000000000000000, -1.000000000000000000, -0.0000000000000000000 ) ) ;
#5875 = DIRECTION ( 'NONE',  ( 0.0000000000000000000, 0.7660444431189751300, 0.6427876096865429200 ) ) ;
#5876 = EDGE_CURVE ( 'NONE', #1006, #2034, #3337, .T. ) ;
#5877 = ORIENTED_EDGE ( 'NONE', *, *, #6321, .F. ) ;
#5878 = EDGE_CURVE ( 'NONE', #3969, #5585, #3507, .T. ) ;
#5879 = DIRECTION ( 'NONE',  ( -1.000000000000000000, 0.0000000000000000000, 0.0000000000000000000 ) ) ;
#5880 = ORIENTED_EDGE ( 'NONE', *, *, #7061, .F. ) ;
#5881 = ORIENTED_EDGE ( 'NONE', *, *, #2615, .F. ) ;
#5882 = DIRECTION ( 'NONE',  ( -1.000000000000000000, 0.0000000000000000000, -1.065275473255936100E-015 ) ) ;
#5883 = FACE_OUTER_BOUND ( 'NONE', #615, .T. ) ;
#5884 = DIRECTION ( 'NONE',  ( -2.130550946511894600E-015, 0.0000000000000000000, -1.000000000000000000 ) ) ;
#5885 = ORIENTED_EDGE ( 'NONE', *, *, #6960, .F. ) ;
#5886 = LINE ( 'NONE', #3611, #3321 ) ;
#5887 = DIRECTION ( 'NONE',  ( -1.000000000000000000, -0.0000000000000000000, 2.891205795222151400E-015 ) ) ;
#5888 = LINE ( 'NONE', #6494, #4261 ) ;
#5889 = ORIENTED_EDGE ( 'NONE', *, *, #209, .T. ) ;
#5890 = EDGE_CURVE ( 'NONE', #6887, #5302, #5414, .T. ) ;
#5891 = VECTOR ( 'NONE', #7362, 1000.000000000000000 ) ;
#5892 = DIRECTION ( 'NONE',  ( 0.0000000000000000000, 0.0000000000000000000, -1.000000000000000000 ) ) ;
#5893 = EDGE_CURVE ( 'NONE', #6570, #2963, #4473, .T. ) ;
#5894 = EDGE_CURVE ( 'NONE', #6243, #6918, #88, .T. ) ;
#5895 = ORIENTED_EDGE ( 'NONE', *, *, #2107, .T. ) ;
#5896 = VERTEX_POINT ( 'NONE', #2148 ) ;
#5898 = VECTOR ( 'NONE', #2530, 1000.000000000000000 ) ;
#5897 = CARTESIAN_POINT ( 'NONE',  ( 1.324999999687498800, 1.175000000000000500, -1.600000000125000300 ) ) ;
#5899 = ORIENTED_EDGE ( 'NONE', *, *, #1064, .F. ) ;
#5900 = VERTEX_POINT ( 'NONE', #1588 ) ;
#5901 = CARTESIAN_POINT ( 'NONE',  ( -1.524999999999999900, 0.7499999999999998900, -0.5232233048283636600 ) ) ;
#5902 = CARTESIAN_POINT ( 'NONE',  ( -0.9856578036778755900, 0.7192421720168656900, -0.2500000001250000700 ) ) ;
#5903 = EDGE_LOOP ( 'NONE', ( #7844, #7691, #2678, #760 ) ) ;
#5904 = ORIENTED_EDGE ( 'NONE', *, *, #7400, .T. ) ;
#5905 = LINE ( 'NONE', #5291, #4661 ) ;
#5906 = VERTEX_POINT ( 'NONE', #7649 ) ;
#5907 = DIRECTION ( 'NONE',  ( -1.000000000000000000, 0.0000000000000000000, -0.0000000000000000000 ) ) ;
#5908 = DIRECTION ( 'NONE',  ( 0.1299941854756607500, -0.0000000000000000000, 0.9915147561900021800 ) ) ;
#5909 = CARTESIAN_POINT ( 'NONE',  ( -0.8749999999999996700, 0.7499999999999998900, -0.2500000001249999500 ) ) ;
#5910 = VERTEX_POINT ( 'NONE', #4001 ) ;
#5911 = AXIS2_PLACEMENT_3D ( 'NONE', #139, #2629, #3195 ) ;
#5912 = CARTESIAN_POINT ( 'NONE',  ( 1.999999999999999600, 1.200000000000000000, -0.7000000001249999700 ) ) ;
#5913 = VERTEX_POINT ( 'NONE', #3344 ) ;
#5914 = VERTEX_POINT ( 'NONE', #362 ) ;
#5915 = DIRECTION ( 'NONE',  ( -0.0000000000000000000, 1.000000000000000000, -0.0000000000000000000 ) ) ;
#5916 = FACE_OUTER_BOUND ( 'NONE', #6612, .T. ) ;
#5917 = ADVANCED_FACE ( 'NONE', ( #2402 ), #3400, .F. ) ;
#5918 = DIRECTION ( 'NONE',  ( -0.4912631695488064400, -0.6672332842540752400, -0.5598752027268049100 ) ) ;
#5919 = AXIS2_PLACEMENT_3D ( 'NONE', #3371, #4573, #1552 ) ;
#5920 = LINE ( 'NONE', #6468, #7714 ) ;
#5921 = EDGE_CURVE ( 'NONE', #1956, #5576, #1061, .T. ) ;
#5922 = EDGE_CURVE ( 'NONE', #7435, #4070, #3056, .T. ) ;
#5923 = ORIENTED_EDGE ( 'NONE', *, *, #1987, .T. ) ;
#5924 = ORIENTED_EDGE ( 'NONE', *, *, #4025, .T. ) ;
#5925 = LINE ( 'NONE', #6003, #1291 ) ;
#5926 = ADVANCED_FACE ( 'NONE', ( #5036 ), #1777, .F. ) ;
#5927 = DIRECTION ( 'NONE',  ( -0.0000000000000000000, -1.000000000000000000, -0.0000000000000000000 ) ) ;
#5928 = EDGE_LOOP ( 'NONE', ( #2460, #1829, #3253, #6691 ) ) ;
#5929 = AXIS2_PLACEMENT_3D ( 'NONE', #439, #388, #4599 ) ;
#5930 = ORIENTED_EDGE ( 'NONE', *, *, #2940, .F. ) ;
#5931 = FACE_OUTER_BOUND ( 'NONE', #3677, .T. ) ;
#5932 = EDGE_CURVE ( 'NONE', #2493, #4411, #3436, .T. ) ;
#5933 = VECTOR ( 'NONE', #4666, 1000.000000000000000 ) ;
#5934 = EDGE_CURVE ( 'NONE', #2480, #1365, #1054, .T. ) ;
#5935 = ORIENTED_EDGE ( 'NONE', *, *, #807, .T. ) ;
#5936 = EDGE_CURVE ( 'NONE', #3365, #7270, #1358, .T. ) ;
#5937 = DIRECTION ( 'NONE',  ( -0.0000000000000000000, 1.000000000000000000, -0.0000000000000000000 ) ) ;
#5938 = DIRECTION ( 'NONE',  ( -0.7071067811865460200, 0.0000000000000000000, -0.7071067811865489100 ) ) ;
#5939 = VERTEX_POINT ( 'NONE', #1724 ) ;
#5940 = VECTOR ( 'NONE', #1513, 1000.000000000000000 ) ;
#5941 = DIRECTION ( 'NONE',  ( -0.7071067811865454600, -0.7071067811865495700, 0.0000000000000000000 ) ) ;
#5942 = ORIENTED_EDGE ( 'NONE', *, *, #5358, .F. ) ;
#5943 = CARTESIAN_POINT ( 'NONE',  ( -2.500000000468749900, 1.200000000000000000, 1.899999999925000300 ) ) ;
#5944 = AXIS2_PLACEMENT_3D ( 'NONE', #5602, #3113, #6221 ) ;
#5945 = EDGE_CURVE ( 'NONE', #24, #1175, #5888, .T. ) ;
#5946 = DIRECTION ( 'NONE',  ( -0.1299941854756607500, 0.0000000000000000000, 0.9915147561900021800 ) ) ;
#5947 = DIRECTION ( 'NONE',  ( 0.0000000000000000000, -0.7660444431189751300, -0.6427876096865428000 ) ) ;
#5948 = VECTOR ( 'NONE', #5724, 1000.000000000000000 ) ;
#5949 = ORIENTED_EDGE ( 'NONE', *, *, #3007, .T. ) ;
#5950 = ORIENTED_EDGE ( 'NONE', *, *, #5417, .T. ) ;
#5951 = DIRECTION ( 'NONE',  ( -0.0000000000000000000, 0.0000000000000000000, 1.000000000000000000 ) ) ;
#5952 = FACE_OUTER_BOUND ( 'NONE', #543, .T. ) ;
#5953 = EDGE_CURVE ( 'NONE', #2552, #6388, #7411, .T. ) ;
#5954 = ORIENTED_EDGE ( 'NONE', *, *, #6259, .F. ) ;
#5956 = AXIS2_PLACEMENT_3D ( 'NONE', #2847, #7686, #5875 ) ;
#5955 = CARTESIAN_POINT ( 'NONE',  ( 1.569458990551491500, 1.200000000000000000, -0.2500000001249999500 ) ) ;
#5957 = VECTOR ( 'NONE', #1746, 1000.000000000000100 ) ;
#5958 = DIRECTION ( 'NONE',  ( -0.0000000000000000000, 1.000000000000000000, -0.0000000000000000000 ) ) ;
#5959 = DIRECTION ( 'NONE',  ( -1.000000000000000000, 0.0000000000000000000, 0.0000000000000000000 ) ) ;
#5960 = LINE ( 'NONE', #2722, #4152 ) ;
#5961 = ORIENTED_EDGE ( 'NONE', *, *, #3941, .T. ) ;
#5962 = ORIENTED_EDGE ( 'NONE', *, *, #6798, .T. ) ;
#5963 = CARTESIAN_POINT ( 'NONE',  ( 2.600000000000000100, 0.8000000000000006000, -0.5499999999500011500 ) ) ;
#5964 = LINE ( 'NONE', #6091, #2378 ) ;
#5965 = ORIENTED_EDGE ( 'NONE', *, *, #5784, .F. ) ;
#5966 = ORIENTED_EDGE ( 'NONE', *, *, #5011, .F. ) ;
#5967 = AXIS2_PLACEMENT_3D ( 'NONE', #3125, #6718, #1279 ) ;
#5968 = VECTOR ( 'NONE', #2309, 1000.000000000000000 ) ;
#5969 = ORIENTED_EDGE ( 'NONE', *, *, #2615, .T. ) ;
#5970 = VECTOR ( 'NONE', #635, 1000.000000000000000 ) ;
#5971 = PLANE ( 'NONE',  #6134 ) ;
#5972 = EDGE_CURVE ( 'NONE', #7359, #515, #1875, .T. ) ;
#5973 =( BOUNDED_CURVE ( )  B_SPLINE_CURVE ( 3, ( #2719, #7632, #6932, #2208 ),
 .UNSPECIFIED., .F., .T. ) 
 B_SPLINE_CURVE_WITH_KNOTS ( ( 4, 4 ),
 ( 0.0000000000000000000, 1.621779413747543600 ),
 .UNSPECIFIED. ) 
 CURVE ( )  GEOMETRIC_REPRESENTATION_ITEM ( )  RATIONAL_B_SPLINE_CURVE ( ( 1.000000000000000000, 0.7925691712421019100, 0.7925691712421019100, 1.000000000000000000 ) ) 
 REPRESENTATION_ITEM ( '' )  );
#5974 = ORIENTED_EDGE ( 'NONE', *, *, #18, .F. ) ;
#5975 = LINE ( 'NONE', #4099, #6833 ) ;
#5976 = ORIENTED_EDGE ( 'NONE', *, *, #2820, .F. ) ;
#5977 = LINE ( 'NONE', #3288, #6836 ) ;
#5978 = DIRECTION ( 'NONE',  ( 0.0000000000000000000, 0.0000000000000000000, -1.000000000000000000 ) ) ;
#5979 = CARTESIAN_POINT ( 'NONE',  ( 1.050000000000000900, 1.049999999999999800, 1.649999999924999000 ) ) ;
#5980 = DIRECTION ( 'NONE',  ( -1.000000000000000000, 0.0000000000000000000, -7.589415207398791400E-015 ) ) ;
#5981 = VECTOR ( 'NONE', #6828, 1000.000000000000000 ) ;
#5982 = CARTESIAN_POINT ( 'NONE',  ( -2.175000000468748900, 0.7999999999999999300, 0.8499999997749972900 ) ) ;
#5983 = DIRECTION ( 'NONE',  ( 0.0000000000000000000, -1.000000000000000000, 0.0000000000000000000 ) ) ;
#5984 = CARTESIAN_POINT ( 'NONE',  ( 1.111611652351681000, 1.200000000000000000, -0.2866116524766807400 ) ) ;
#5985 = CARTESIAN_POINT ( 'NONE',  ( -2.249999999999999100, 0.1499999999999999700, 1.649999999924999000 ) ) ;
#5986 = ORIENTED_EDGE ( 'NONE', *, *, #2591, .T. ) ;
#5987 = DIRECTION ( 'NONE',  ( 0.0000000000000000000, 0.0000000000000000000, 1.000000000000000000 ) ) ;
#5988 = CARTESIAN_POINT ( 'NONE',  ( 2.195322264263700700, 0.8297151434549598900, 0.8499999997749972900 ) ) ;
#5989 = EDGE_CURVE ( 'NONE', #994, #5560, #7892, .T. ) ;
#5990 = ORIENTED_EDGE ( 'NONE', *, *, #6486, .F. ) ;
#5991 = DIRECTION ( 'NONE',  ( -2.130550946511894600E-015, -0.0000000000000000000, -1.000000000000000000 ) ) ;
#5992 = EDGE_CURVE ( 'NONE', #6447, #4506, #5308, .T. ) ;
#5993 = LINE ( 'NONE', #1226, #5898 ) ;
#5994 = VERTEX_POINT ( 'NONE', #5912 ) ;
#5995 = LINE ( 'NONE', #6191, #1761 ) ;
#5996 = VERTEX_POINT ( 'NONE', #6518 ) ;
#5997 = ORIENTED_EDGE ( 'NONE', *, *, #6013, .F. ) ;
#5998 = EDGE_LOOP ( 'NONE', ( #3809, #6958, #5961, #5324 ) ) ;
#5999 = LINE ( 'NONE', #5794, #4574 ) ;
#6000 = ORIENTED_EDGE ( 'NONE', *, *, #2697, .F. ) ;
#6001 = DIRECTION ( 'NONE',  ( 1.000000000000000000, 0.0000000000000000000, -6.195440996141578300E-016 ) ) ;
#6002 = VERTEX_POINT ( 'NONE', #1701 ) ;
#6003 = CARTESIAN_POINT ( 'NONE',  ( 2.200656147411876400, 0.8500000000000013100, 1.089014761932505700 ) ) ;
#6004 = VERTEX_POINT ( 'NONE', #2908 ) ;
#6005 = CARTESIAN_POINT ( 'NONE',  ( 0.7250000000000111900, 0.1000000000000000500, -1.600000000125000300 ) ) ;
#6006 = DIRECTION ( 'NONE',  ( 0.0000000000000000000, 0.0000000000000000000, 1.000000000000000000 ) ) ;
#6007 = CARTESIAN_POINT ( 'NONE',  ( -0.1487272134285001500, 0.9444751167444137600, 1.094499127746349400 ) ) ;
#6008 = VECTOR ( 'NONE', #1305, 1000.000000000000000 ) ;
#6009 = LINE ( 'NONE', #345, #5065 ) ;
#6010 = DIRECTION ( 'NONE',  ( -0.0000000000000000000, -1.000000000000000000, 0.0000000000000000000 ) ) ;
#6011 = VERTEX_POINT ( 'NONE', #2351 ) ;
#6012 = VECTOR ( 'NONE', #1988, 1000.000000000000000 ) ;
#6013 = EDGE_CURVE ( 'NONE', #2580, #600, #6254, .T. ) ;
#6014 = EDGE_CURVE ( 'NONE', #2199, #2967, #5975, .T. ) ;
#6015 = ORIENTED_EDGE ( 'NONE', *, *, #7118, .T. ) ;
#6016 = DIRECTION ( 'NONE',  ( 0.0000000000000000000, 1.000000000000000000, 0.0000000000000000000 ) ) ;
#6017 = CARTESIAN_POINT ( 'NONE',  ( -2.674999999999999800, 0.0000000000000000000, -0.4499999999499997800 ) ) ;
#6018 = VERTEX_POINT ( 'NONE', #1112 ) ;
#6019 = CARTESIAN_POINT ( 'NONE',  ( -1.674999999999988500, 0.1000000000000000500, -1.600000000125009900 ) ) ;
#6020 = VECTOR ( 'NONE', #2846, 1000.000000000000000 ) ;
#6021 = ORIENTED_EDGE ( 'NONE', *, *, #6944, .F. ) ;
#6022 = CARTESIAN_POINT ( 'NONE',  ( 1.348045598058626600, 0.9499999999999936300, 1.099135055248403600 ) ) ;
#6023 = EDGE_LOOP ( 'NONE', ( #4542, #1441, #3725, #100 ) ) ;
#6024 = CARTESIAN_POINT ( 'NONE',  ( -1.000000000281250600, 0.1000000000000000500, -1.500000000125000000 ) ) ;
#6025 = EDGE_CURVE ( 'NONE', #1726, #1131, #5798, .T. ) ;
#6026 = CARTESIAN_POINT ( 'NONE',  ( 2.366421356237310200, 0.7999999999999999300, -0.2500000001249999500 ) ) ;
#6027 = EDGE_CURVE ( 'NONE', #6339, #1243, #655, .T. ) ;
#6028 = CARTESIAN_POINT ( 'NONE',  ( -0.8305410094485072800, 1.200000000000000000, -0.2500000001249999500 ) ) ;
#6029 = PLANE ( 'NONE',  #7070 ) ;
#6030 = EDGE_CURVE ( 'NONE', #7014, #4138, #6634, .T. ) ;
#6031 = CARTESIAN_POINT ( 'NONE',  ( -2.178857118481075000, 0.8500000000000013100, 0.8567203446829833000 ) ) ;
#6032 = CIRCLE ( 'NONE', #373, 0.1000000000000000500 ) ;
#6033 = CARTESIAN_POINT ( 'NONE',  ( -0.2249999999999990600, 1.050000000000000000, 1.899999999924999200 ) ) ;
#6034 = ORIENTED_EDGE ( 'NONE', *, *, #3789, .T. ) ;
#6035 = ADVANCED_FACE ( 'NONE', ( #5215 ), #1515, .F. ) ;
#6036 = ORIENTED_EDGE ( 'NONE', *, *, #7717, .T. ) ;
#6037 = DIRECTION ( 'NONE',  ( 0.0000000000000000000, 0.0000000000000000000, 1.000000000000000000 ) ) ;
#6038 = CARTESIAN_POINT ( 'NONE',  ( 0.9750000000000009800, 1.050000000000000000, 1.649999999924999000 ) ) ;
#6039 = LINE ( 'NONE', #2266, #3021 ) ;
#6040 = PLANE ( 'NONE',  #6470 ) ;
#6041 = ORIENTED_EDGE ( 'NONE', *, *, #1471, .T. ) ;
#6042 = VECTOR ( 'NONE', #667, 1000.000000000000000 ) ;
#6043 = ORIENTED_EDGE ( 'NONE', *, *, #2399, .T. ) ;
#6044 = CARTESIAN_POINT ( 'NONE',  ( 2.175000000000000300, 1.050000000000000000, 1.899999999924997900 ) ) ;
#6045 = CYLINDRICAL_SURFACE ( 'NONE', #2358, 0.1250000000000000000 ) ;
#6046 = DIRECTION ( 'NONE',  ( -1.000000000000000000, 0.0000000000000000000, -0.0000000000000000000 ) ) ;
#6047 = DIRECTION ( 'NONE',  ( -2.168404344971007700E-015, 0.0000000000000000000, -1.000000000000000000 ) ) ;
#6048 = EDGE_CURVE ( 'NONE', #3142, #5644, #4638, .T. ) ;
#6050 = AXIS2_PLACEMENT_3D ( 'NONE', #4294, #4984, #6763 ) ;
#6049 = DIRECTION ( 'NONE',  ( -2.168404344971007700E-015, 0.0000000000000000000, 1.000000000000000000 ) ) ;
#6051 = VECTOR ( 'NONE', #931, 1000.000000000000000 ) ;
#6052 = CARTESIAN_POINT ( 'NONE',  ( -1.424999999999998700, 1.050000000000000000, 1.899999999924999000 ) ) ;
#6053 = CARTESIAN_POINT ( 'NONE',  ( -1.349999999687500100, 0.0000000000000000000, -1.500000000124999800 ) ) ;
#6054 = EDGE_LOOP ( 'NONE', ( #3764, #307 ) ) ;
#6055 = VECTOR ( 'NONE', #2356, 1000.000000000000100 ) ;
#6056 = CARTESIAN_POINT ( 'NONE',  ( 2.749999999999999100, 1.200000000000000000, 0.6999999997749973800 ) ) ;
#6057 = CARTESIAN_POINT ( 'NONE',  ( -2.500000000468749500, 1.200000000000000000, -1.200000000149999500 ) ) ;
#6058 = ORIENTED_EDGE ( 'NONE', *, *, #2153, .T. ) ;
#6059 = ORIENTED_EDGE ( 'NONE', *, *, #5589, .F. ) ;
#6060 = CIRCLE ( 'NONE', #6204, 0.09999999999999999200 ) ;
#6061 = EDGE_LOOP ( 'NONE', ( #3414, #1423, #7042, #466 ) ) ;
#6062 = LINE ( 'NONE', #116, #5123 ) ;
#6063 = FACE_OUTER_BOUND ( 'NONE', #1398, .T. ) ;
#6064 = VERTEX_POINT ( 'NONE', #1547 ) ;
#6065 = DIRECTION ( 'NONE',  ( 0.1721747305422619800, -0.9848077530122085800, -0.02257325341514534300 ) ) ;
#6066 = LINE ( 'NONE', #6937, #182 ) ;
#6067 = LINE ( 'NONE', #5827, #2585 ) ;
#6068 =( BOUNDED_CURVE ( )  B_SPLINE_CURVE ( 3, ( #7422, #3162, #6189, #159 ),
 .UNSPECIFIED., .F., .T. ) 
 B_SPLINE_CURVE_WITH_KNOTS ( ( 4, 4 ),
 ( 4.842752095801361500, 4.873991820545731100 ),
 .UNSPECIFIED. ) 
 CURVE ( )  GEOMETRIC_REPRESENTATION_ITEM ( )  RATIONAL_B_SPLINE_CURVE ( ( 1.000000000000000000, 0.9999186749533192100, 0.9999186749533192100, 1.000000000000000000 ) ) 
 REPRESENTATION_ITEM ( '' )  );
#6069 = ORIENTED_EDGE ( 'NONE', *, *, #2063, .F. ) ;
#6070 = ADVANCED_FACE ( 'NONE', ( #865 ), #6373, .F. ) ;
#6071 = DIRECTION ( 'NONE',  ( -0.0000000000000000000, -1.000000000000000000, -0.0000000000000000000 ) ) ;
#6072 = VECTOR ( 'NONE', #6382, 1000.000000000000000 ) ;
#6073 = EDGE_CURVE ( 'NONE', #2892, #6797, #7218, .T. ) ;
#6074 = EDGE_CURVE ( 'NONE', #888, #5855, #561, .T. ) ;
#6075 = ORIENTED_EDGE ( 'NONE', *, *, #4412, .T. ) ;
#6076 = VECTOR ( 'NONE', #2757, 1000.000000000000000 ) ;
#6077 = ORIENTED_EDGE ( 'NONE', *, *, #60, .F. ) ;
#6078 = DIRECTION ( 'NONE',  ( -0.0000000000000000000, 1.000000000000000000, -0.0000000000000000000 ) ) ;
#6079 = PLANE ( 'NONE',  #5508 ) ;
#6080 = CARTESIAN_POINT ( 'NONE',  ( 1.524999999999999500, 0.7999999999999999300, -0.5232233048283648800 ) ) ;
#6081 = ADVANCED_FACE ( 'NONE', ( #762 ), #6482, .T. ) ;
#6082 = CARTESIAN_POINT ( 'NONE',  ( 0.0000000000000000000, 0.0000000000000000000, -0.7000000001249999700 ) ) ;
#6083 = CYLINDRICAL_SURFACE ( 'NONE', #3753, 0.1000000000000000500 ) ;
#6084 = AXIS2_PLACEMENT_3D ( 'NONE', #6659, #3471, #7711 ) ;
#6085 = VERTEX_POINT ( 'NONE', #5230 ) ;
#6086 = ORIENTED_EDGE ( 'NONE', *, *, #2711, .T. ) ;
#6087 = EDGE_CURVE ( 'NONE', #3772, #5913, #7034, .T. ) ;
#6088 = CARTESIAN_POINT ( 'NONE',  ( -1.349999999999998800, 0.1499999999999999700, 1.899999999924999000 ) ) ;
#6089 = ORIENTED_EDGE ( 'NONE', *, *, #5878, .F. ) ;
#6090 = ORIENTED_EDGE ( 'NONE', *, *, #1521, .T. ) ;
#6091 = CARTESIAN_POINT ( 'NONE',  ( -0.8804038380510542700, 0.9196133561287387300, -0.2500000001250000700 ) ) ;
#6092 = ORIENTED_EDGE ( 'NONE', *, *, #3048, .T. ) ;
#6093 = DIRECTION ( 'NONE',  ( 1.000000000000000000, -0.0000000000000000000, 0.0000000000000000000 ) ) ;
#6094 = VECTOR ( 'NONE', #6796, 1000.000000000000100 ) ;
#6095 = VECTOR ( 'NONE', #4133, 1000.000000000000000 ) ;
#6096 = EDGE_CURVE ( 'NONE', #3777, #7199, #2029, .T. ) ;
#6097 = AXIS2_PLACEMENT_3D ( 'NONE', #1235, #6445, #5865 ) ;
#6098 = DIRECTION ( 'NONE',  ( 1.000000000000000000, 0.0000000000000000000, -1.548860246062135700E-016 ) ) ;
#6099 = DIRECTION ( 'NONE',  ( 0.1679009179374292800, -0.9522134233956620600, -0.2551448178209431200 ) ) ;
#6100 = ORIENTED_EDGE ( 'NONE', *, *, #4606, .T. ) ;
#6101 = CARTESIAN_POINT ( 'NONE',  ( 0.0000000000000000000, 0.7499999999999998900, 0.0000000000000000000 ) ) ;
#6102 = VECTOR ( 'NONE', #5317, 1000.000000000000000 ) ;
#6103 = CARTESIAN_POINT ( 'NONE',  ( 2.499999999999999600, 0.5000000000000000000, 0.7999999997750004700 ) ) ;
#6104 = CARTESIAN_POINT ( 'NONE',  ( -0.9749999999999989800, 1.050000000000000000, 1.649999999924999000 ) ) ;
#6105 = CARTESIAN_POINT ( 'NONE',  ( -2.689607405364347900, 0.08284271247461895400, -1.200000000149999700 ) ) ;
#6106 = ORIENTED_EDGE ( 'NONE', *, *, #4840, .T. ) ;
#6107 = PLANE ( 'NONE',  #1583 ) ;
#6108 = EDGE_CURVE ( 'NONE', #5914, #5906, #6450, .T. ) ;
#6109 = VERTEX_POINT ( 'NONE', #639 ) ;
#6110 = LINE ( 'NONE', #1524, #5172 ) ;
#6111 = ADVANCED_FACE ( 'NONE', ( #6063 ), #379, .T. ) ;
#6112 = LINE ( 'NONE', #7710, #6501 ) ;
#6113 = ORIENTED_EDGE ( 'NONE', *, *, #3644, .F. ) ;
#6114 = CARTESIAN_POINT ( 'NONE',  ( -2.500000000468749500, 0.7999999999999999300, -0.5499999999499998200 ) ) ;
#6115 = ORIENTED_EDGE ( 'NONE', *, *, #7326, .F. ) ;
#6116 = DIRECTION ( 'NONE',  ( -1.000000000000000000, -2.891205793294683400E-015, -0.0000000000000000000 ) ) ;
#6117 = ORIENTED_EDGE ( 'NONE', *, *, #2951, .F. ) ;
#6118 = DIRECTION ( 'NONE',  ( 0.0000000000000000000, -0.0000000000000000000, 1.000000000000000000 ) ) ;
#6119 = EDGE_CURVE ( 'NONE', #680, #7308, #3602, .T. ) ;
#6120 = ADVANCED_FACE ( 'NONE', ( #2871 ), #3863, .F. ) ;
#6121 = FACE_OUTER_BOUND ( 'NONE', #1094, .T. ) ;
#6122 = ORIENTED_EDGE ( 'NONE', *, *, #1612, .T. ) ;
#6123 = CARTESIAN_POINT ( 'NONE',  ( 2.175000000468748900, 0.7999999999999999300, 0.9732701105718156700 ) ) ;
#6124 = ORIENTED_EDGE ( 'NONE', *, *, #6590, .T. ) ;
#6125 = CARTESIAN_POINT ( 'NONE',  ( 1.599999999999999900, 1.200000000000000000, -0.7000000001249999700 ) ) ;
#6126 = EDGE_CURVE ( 'NONE', #5444, #683, #2486, .T. ) ;
#6127 = CARTESIAN_POINT ( 'NONE',  ( -2.400000000468749800, 0.7999999999999999300, -0.2500000001249998400 ) ) ;
#6128 = EDGE_CURVE ( 'NONE', #2374, #7308, #5698, .T. ) ;
#6129 = PLANE ( 'NONE',  #1997 ) ;
#6130 = VECTOR ( 'NONE', #2101, 1000.000000000000000 ) ;
#6131 = ORIENTED_EDGE ( 'NONE', *, *, #909, .F. ) ;
#6132 = LINE ( 'NONE', #2624, #1121 ) ;
#6133 = ORIENTED_EDGE ( 'NONE', *, *, #3701, .F. ) ;
#6134 = AXIS2_PLACEMENT_3D ( 'NONE', #4752, #5336, #1128 ) ;
#6135 = CARTESIAN_POINT ( 'NONE',  ( 1.927500000000000200, 0.0000000000000000000, -0.7000000001249999700 ) ) ;
#6136 = LINE ( 'NONE', #5780, #1913 ) ;
#6137 = CARTESIAN_POINT ( 'NONE',  ( 1.278359041857648700, 0.7999999999999999300, 1.308478690124185200 ) ) ;
#6138 = ORIENTED_EDGE ( 'NONE', *, *, #5738, .T. ) ;
#6139 = VECTOR ( 'NONE', #1661, 1000.000000000000000 ) ;
#6140 = ORIENTED_EDGE ( 'NONE', *, *, #3238, .T. ) ;
#6141 = ORIENTED_EDGE ( 'NONE', *, *, #687, .T. ) ;
#6142 = CARTESIAN_POINT ( 'NONE',  ( 0.1500000000000009400, 0.1500000000000000800, 1.649999999924999000 ) ) ;
#6143 = ADVANCED_FACE ( 'NONE', ( #2304 ), #1540, .F. ) ;
#6144 = CIRCLE ( 'NONE', #2175, 0.1000000000000000500 ) ;
#6145 = DIRECTION ( 'NONE',  ( 0.0000000000000000000, 0.0000000000000000000, 1.000000000000000000 ) ) ;
#6146 = ORIENTED_EDGE ( 'NONE', *, *, #7594, .T. ) ;
#6147 = FACE_OUTER_BOUND ( 'NONE', #6504, .T. ) ;
#6148 = ORIENTED_EDGE ( 'NONE', *, *, #7368, .F. ) ;
#6149 = LINE ( 'NONE', #4895, #4541 ) ;
#6150 = ORIENTED_EDGE ( 'NONE', *, *, #3394, .T. ) ;
#6151 = DIRECTION ( 'NONE',  ( 1.000000000000000000, -0.0000000000000000000, -0.0000000000000000000 ) ) ;
#6152 = DIRECTION ( 'NONE',  ( 0.09343174671670150000, 0.0000000000000000000, -0.9956256870458224400 ) ) ;
#6153 = LINE ( 'NONE', #10, #5891 ) ;
#6154 = CARTESIAN_POINT ( 'NONE',  ( 0.3249999999999990100, 0.7999999999999999300, -0.5232233048283633200 ) ) ;
#6155 = ADVANCED_FACE ( 'NONE', ( #6245 ), #5847, .F. ) ;
#6156 = DIRECTION ( 'NONE',  ( 0.0000000000000000000, 0.0000000000000000000, 1.000000000000000000 ) ) ;
#6157 = CARTESIAN_POINT ( 'NONE',  ( 1.525000000000000100, 0.8500000000000006400, -0.2500000001250016800 ) ) ;
#6158 =( NAMED_UNIT ( * ) SI_UNIT ( $, .STERADIAN. ) SOLID_ANGLE_UNIT ( ) );
#6159 = CARTESIAN_POINT ( 'NONE',  ( 1.352651853380587600, 1.060037016659558500, 1.191467075343293400 ) ) ;
#6160 = ORIENTED_EDGE ( 'NONE', *, *, #5325, .F. ) ;
#6161 = AXIS2_PLACEMENT_3D ( 'NONE', #4994, #5617, #2622 ) ;
#6162 = EDGE_LOOP ( 'NONE', ( #2824, #7521, #4881, #6497 ) ) ;
#6163 = LINE ( 'NONE', #1183, #7883 ) ;
#6164 = EDGE_CURVE ( 'NONE', #3743, #2007, #4823, .T. ) ;
#6165 = LINE ( 'NONE', #6966, #5805 ) ;
#6166 = EDGE_CURVE ( 'NONE', #628, #7914, #2579, .T. ) ;
#6167 = DIRECTION ( 'NONE',  ( 0.0000000000000000000, 1.000000000000000000, 0.0000000000000000000 ) ) ;
#6168 = ORIENTED_EDGE ( 'NONE', *, *, #6333, .T. ) ;
#6169 = CARTESIAN_POINT ( 'NONE',  ( -1.049999999999998900, 1.049999999999999800, 1.649999999924999000 ) ) ;
#6170 = DIRECTION ( 'NONE',  ( -0.0000000000000000000, -1.000000000000000000, -0.0000000000000000000 ) ) ;
#6171 = ORIENTED_EDGE ( 'NONE', *, *, #7523, .T. ) ;
#6172 = AXIS2_PLACEMENT_3D ( 'NONE', #1703, #6010, #4129 ) ;
#6173 = LINE ( 'NONE', #6461, #6459 ) ;
#6174 = EDGE_LOOP ( 'NONE', ( #4440, #656, #935, #4522 ) ) ;
#6175 = CARTESIAN_POINT ( 'NONE',  ( 1.350000000000001200, 0.1500000000000000800, 1.899999999924999000 ) ) ;
#6176 = LINE ( 'NONE', #3529, #7905 ) ;
#6177 = EDGE_CURVE ( 'NONE', #7811, #4750, #1532, .T. ) ;
#6178 = ORIENTED_EDGE ( 'NONE', *, *, #340, .F. ) ;
#6179 = EDGE_CURVE ( 'NONE', #1365, #1834, #2964, .T. ) ;
#6180 = EDGE_CURVE ( 'NONE', #5103, #1918, #1350, .T. ) ;
#6182 = ORIENTED_EDGE ( 'NONE', *, *, #6236, .F. ) ;
#6181 = CARTESIAN_POINT ( 'NONE',  ( 0.8749999999999996700, 0.7499999999999998900, -0.2500000001249999500 ) ) ;
#6183 = CARTESIAN_POINT ( 'NONE',  ( 0.0000000000000000000, 1.200000000000000000, 1.074999999925000400 ) ) ;
#6184 = DIRECTION ( 'NONE',  ( -0.0000000000000000000, -0.0000000000000000000, 1.000000000000000000 ) ) ;
#6185 = DIRECTION ( 'NONE',  ( 1.000000000000000000, 0.0000000000000000000, -0.0000000000000000000 ) ) ;
#6186 = CARTESIAN_POINT ( 'NONE',  ( 1.111611652351681000, 0.7999999999999999300, -0.2866116524766807400 ) ) ;
#6187 = LINE ( 'NONE', #3645, #5523 ) ;
#6188 = ORIENTED_EDGE ( 'NONE', *, *, #7416, .T. ) ;
#6189 = CARTESIAN_POINT ( 'NONE',  ( 0.1482969324405129800, 0.9481626767409745400, 1.097593357979407500 ) ) ;
#6190 = DIRECTION ( 'NONE',  ( 0.0000000000000000000, 0.0000000000000000000, -1.000000000000000000 ) ) ;
#6191 = CARTESIAN_POINT ( 'NONE',  ( 0.7999999999999997100, 1.200000000000000000, -0.7000000001249999700 ) ) ;
#6192 = ORIENTED_EDGE ( 'NONE', *, *, #6096, .T. ) ;
#6193 = ADVANCED_FACE ( 'NONE', ( #5016 ), #6475, .T. ) ;
#6194 = ORIENTED_EDGE ( 'NONE', *, *, #1328, .T. ) ;
#6195 = ORIENTED_EDGE ( 'NONE', *, *, #3462, .F. ) ;
#6196 = CARTESIAN_POINT ( 'NONE',  ( -1.999999999999999600, 0.7999999999999999300, -0.5750000001249999700 ) ) ;
#6197 = LINE ( 'NONE', #6692, #6008 ) ;
#6198 = DIRECTION ( 'NONE',  ( 0.9764514191219237900, -0.1736481776669276100, 0.1280192817029381600 ) ) ;
#6199 = LINE ( 'NONE', #2462, #7830 ) ;
#6200 = CARTESIAN_POINT ( 'NONE',  ( -0.7249999999999895400, 0.0000000000000000000, -1.500000000125000000 ) ) ;
#6201 = ADVANCED_FACE ( 'NONE', ( #2017 ), #5410, .T. ) ;
#6202 = ORIENTED_EDGE ( 'NONE', *, *, #1438, .T. ) ;
#6203 = LINE ( 'NONE', #3996, #1692 ) ;
#6204 = AXIS2_PLACEMENT_3D ( 'NONE', #7703, #4052, #4660 ) ;
#6205 = ORIENTED_EDGE ( 'NONE', *, *, #1482, .F. ) ;
#6206 = VERTEX_POINT ( 'NONE', #2412 ) ;
#6207 = DIRECTION ( 'NONE',  ( -0.0000000000000000000, 1.000000000000000000, -0.0000000000000000000 ) ) ;
#6208 = DIRECTION ( 'NONE',  ( 0.0000000000000000000, -0.2588190451025214600, 0.9659258262890680900 ) ) ;
#6209 = CARTESIAN_POINT ( 'NONE',  ( -0.4724999999999998100, 0.7499999999999998900, -0.0000000000000000000 ) ) ;
#6210 = CARTESIAN_POINT ( 'NONE',  ( 2.749999999999998200, 1.200000000000000000, -1.600000000125000300 ) ) ;
#6211 = LINE ( 'NONE', #5161, #4603 ) ;
#6212 = CARTESIAN_POINT ( 'NONE',  ( -0.8749999999999992200, 0.5999999999999999800, 1.399999999924999000 ) ) ;
#6213 = EDGE_CURVE ( 'NONE', #3768, #7199, #6821, .T. ) ;
#6214 = ORIENTED_EDGE ( 'NONE', *, *, #7777, .T. ) ;
#6215 = DIRECTION ( 'NONE',  ( 0.0000000000000000000, 0.0000000000000000000, -1.000000000000000000 ) ) ;
#6216 = CARTESIAN_POINT ( 'NONE',  ( -1.524999999999999000, 0.5999999999999999800, 1.399999999924999000 ) ) ;
#6217 = AXIS2_PLACEMENT_3D ( 'NONE', #514, #1767, #3641 ) ;
#6218 = LINE ( 'NONE', #6005, #4224 ) ;
#6219 = DIRECTION ( 'NONE',  ( -1.000000000000000000, 0.0000000000000000000, -0.0000000000000000000 ) ) ;
#6220 = VERTEX_POINT ( 'NONE', #1156 ) ;
#6221 = DIRECTION ( 'NONE',  ( -1.000000000000000000, 0.0000000000000000000, 0.0000000000000000000 ) ) ;
#6222 = EDGE_LOOP ( 'NONE', ( #6902, #7379, #1550, #5815 ) ) ;
#6223 = EDGE_CURVE ( 'NONE', #5000, #6220, #750, .T. ) ;
#6224 = CARTESIAN_POINT ( 'NONE',  ( 2.087974909724057000, 1.200000000000000000, 0.3600699235201201800 ) ) ;
#6225 = EDGE_CURVE ( 'NONE', #6407, #4894, #67, .T. ) ;
#6226 = FACE_OUTER_BOUND ( 'NONE', #2812, .T. ) ;
#6227 = EDGE_LOOP ( 'NONE', ( #7824, #356, #6463, #4790, #1857 ) ) ;
#6228 = ADVANCED_FACE ( 'NONE', ( #369 ), #3012, .F. ) ;
#6229 = ORIENTED_EDGE ( 'NONE', *, *, #5019, .F. ) ;
#6230 = AXIS2_PLACEMENT_3D ( 'NONE', #1307, #7529, #1469 ) ;
#6231 = VECTOR ( 'NONE', #7847, 1000.000000000000000 ) ;
#6232 = DIRECTION ( 'NONE',  ( 6.938893905433791600E-016, -0.0000000000000000000, 1.000000000000000000 ) ) ;
#6233 = ORIENTED_EDGE ( 'NONE', *, *, #6743, .F. ) ;
#6234 = DIRECTION ( 'NONE',  ( 0.9915147561900021800, 0.0000000000000000000, 0.1299941854756607500 ) ) ;
#6235 = FACE_BOUND ( 'NONE', #1142, .T. ) ;
#6236 = EDGE_CURVE ( 'NONE', #6797, #2201, #5207, .T. ) ;
#6237 = CARTESIAN_POINT ( 'NONE',  ( -0.4749999999999894900, 0.0000000000000000000, -1.500000000125000200 ) ) ;
#6238 = DIRECTION ( 'NONE',  ( 1.000000000000000000, 0.0000000000000000000, 1.587276273760931000E-015 ) ) ;
#6239 = VERTEX_POINT ( 'NONE', #3634 ) ;
#6240 = DIRECTION ( 'NONE',  ( 0.1736481776669306900, 0.9848077530122080200, 0.0000000000000000000 ) ) ;
#6241 = LINE ( 'NONE', #2488, #3679 ) ;
#6242 = CARTESIAN_POINT ( 'NONE',  ( 2.366421356237310200, 1.200000000000000000, -0.3500000001249999900 ) ) ;
#6243 = VERTEX_POINT ( 'NONE', #6652 ) ;
#6244 = VERTEX_POINT ( 'NONE', #5571 ) ;
#6245 = FACE_OUTER_BOUND ( 'NONE', #5314, .T. ) ;
#6246 = ORIENTED_EDGE ( 'NONE', *, *, #6030, .F. ) ;
#6247 = CARTESIAN_POINT ( 'NONE',  ( 2.075000000000000600, 0.5999999999999999800, 1.399999999924999000 ) ) ;
#6248 = DIRECTION ( 'NONE',  ( -1.000000000000000000, -0.0000000000000000000, -0.0000000000000000000 ) ) ;
#6249 = DIRECTION ( 'NONE',  ( 1.000000000000000000, -0.0000000000000000000, 7.318364664277336400E-015 ) ) ;
#6250 = LINE ( 'NONE', #372, #6727 ) ;
#6251 = CARTESIAN_POINT ( 'NONE',  ( -0.7274999999999998100, 0.7499999999999998900, -0.7000000001249999700 ) ) ;
#6252 = ORIENTED_EDGE ( 'NONE', *, *, #2445, .T. ) ;
#6253 = VECTOR ( 'NONE', #86, 1000.000000000000000 ) ;
#6254 = LINE ( 'NONE', #4128, #7607 ) ;
#6255 = VERTEX_POINT ( 'NONE', #2434 ) ;
#6256 = LINE ( 'NONE', #173, #7037 ) ;
#6257 = LINE ( 'NONE', #2588, #1832 ) ;
#6258 = ORIENTED_EDGE ( 'NONE', *, *, #2804, .F. ) ;
#6259 = EDGE_CURVE ( 'NONE', #7733, #6955, #6163, .T. ) ;
#6260 = ORIENTED_EDGE ( 'NONE', *, *, #2379, .F. ) ;
#6261 = CARTESIAN_POINT ( 'NONE',  ( 2.499999999999999600, 0.5000000000000000000, 0.6999999997749999400 ) ) ;
#6262 = CARTESIAN_POINT ( 'NONE',  ( 1.000000000281248400, 1.200000000000000000, -1.600000000125000300 ) ) ;
#6263 = DIRECTION ( 'NONE',  ( 1.000000000000000000, 0.0000000000000000000, 0.0000000000000000000 ) ) ;
#6264 = LINE ( 'NONE', #4519, #5040 ) ;
#6265 = AXIS2_PLACEMENT_3D ( 'NONE', #5692, #3260, #5744 ) ;
#6266 = DIRECTION ( 'NONE',  ( 0.0000000000000000000, 0.0000000000000000000, 1.000000000000000000 ) ) ;
#6267 = ORIENTED_EDGE ( 'NONE', *, *, #1328, .F. ) ;
#6268 = ADVANCED_FACE ( 'NONE', ( #5126 ), #120, .T. ) ;
#6269 = VECTOR ( 'NONE', #660, 1000.000000000000000 ) ;
#6270 = ORIENTED_EDGE ( 'NONE', *, *, #5680, .T. ) ;
#6271 = EDGE_CURVE ( 'NONE', #2509, #1626, #6541, .T. ) ;
#6272 = EDGE_CURVE ( 'NONE', #4977, #4214, #7785, .T. ) ;
#6273 = CARTESIAN_POINT ( 'NONE',  ( -2.350000000468750000, 0.9499999999999936300, 1.074999999925000600 ) ) ;
#6274 = CIRCLE ( 'NONE', #4713, 0.09999999999999993600 ) ;
#6275 = CARTESIAN_POINT ( 'NONE',  ( 0.2058798217529208300, 0.7092426809600060900, -0.2500000001250000700 ) ) ;
#6276 = CARTESIAN_POINT ( 'NONE',  ( -2.249999999999999100, 0.1499999999999999700, 1.649999999924999000 ) ) ;
#6277 = ORIENTED_EDGE ( 'NONE', *, *, #578, .F. ) ;
#6278 = DIRECTION ( 'NONE',  ( 0.0000000000000000000, 0.0000000000000000000, -1.000000000000000000 ) ) ;
#6279 = CARTESIAN_POINT ( 'NONE',  ( -2.600000000468750000, 0.7999999999999999300, 0.7999999997750000300 ) ) ;
#6280 = LINE ( 'NONE', #2490, #7055 ) ;
#6281 = ORIENTED_EDGE ( 'NONE', *, *, #7102, .F. ) ;
#6282 = ADVANCED_FACE ( 'NONE', ( #3517 ), #3758, .F. ) ;
#6283 = ORIENTED_EDGE ( 'NONE', *, *, #1753, .T. ) ;
#6284 = DIRECTION ( 'NONE',  ( 1.000000000000000000, 0.0000000000000000000, 0.0000000000000000000 ) ) ;
#6285 = CARTESIAN_POINT ( 'NONE',  ( 1.051272786571499500, 0.9499999999999936300, 1.094499127746349600 ) ) ;
#6286 = EDGE_CURVE ( 'NONE', #6064, #5499, #6149, .T. ) ;
#6287 = VERTEX_POINT ( 'NONE', #4985 ) ;
#6288 = EDGE_CURVE ( 'NONE', #4591, #575, #1739, .T. ) ;
#6289 = EDGE_CURVE ( 'NONE', #2782, #66, #6350, .T. ) ;
#6290 = CARTESIAN_POINT ( 'NONE',  ( -0.4724999999999998100, 0.0000000000000000000, -0.4000000001250000900 ) ) ;
#6291 = FACE_OUTER_BOUND ( 'NONE', #7127, .T. ) ;
#6292 = LINE ( 'NONE', #2684, #4672 ) ;
#6293 = PLANE ( 'NONE',  #1682 ) ;
#6294 = DIRECTION ( 'NONE',  ( 1.000000000000000000, -0.0000000000000000000, -1.025325684379887300E-015 ) ) ;
#6295 = ORIENTED_EDGE ( 'NONE', *, *, #7617, .T. ) ;
#6296 = AXIS2_PLACEMENT_3D ( 'NONE', #3964, #4580, #961 ) ;
#6297 = FACE_OUTER_BOUND ( 'NONE', #4947, .T. ) ;
#6298 = CARTESIAN_POINT ( 'NONE',  ( 0.3694589905514923900, 1.200000000000000000, -0.2500000001249999500 ) ) ;
#6299 = ORIENTED_EDGE ( 'NONE', *, *, #3742, .F. ) ;
#6300 = PLANE ( 'NONE',  #727 ) ;
#6301 = ORIENTED_EDGE ( 'NONE', *, *, #6798, .F. ) ;
#6302 = DIRECTION ( 'NONE',  ( -1.000000000000000000, 0.0000000000000000000, -0.0000000000000000000 ) ) ;
#6303 = CARTESIAN_POINT ( 'NONE',  ( -2.500000000468749900, 1.200000000000000000, 0.7999999997750006900 ) ) ;
#6304 = LINE ( 'NONE', #4397, #1783 ) ;
#6305 = DIRECTION ( 'NONE',  ( 1.000000000000000000, 0.0000000000000000000, 0.0000000000000000000 ) ) ;
#6306 = CARTESIAN_POINT ( 'NONE',  ( 1.349999999687497400, 0.1000000000000000500, -1.899999999925000300 ) ) ;
#6307 = LINE ( 'NONE', #7301, #1495 ) ;
#6308 = EDGE_LOOP ( 'NONE', ( #6620, #7387, #5924, #3686, #2159, #7248, #5201, #3392 ) ) ;
#6309 = VERTEX_POINT ( 'NONE', #775 ) ;
#6310 = DIRECTION ( 'NONE',  ( 0.6459985930362554000, -0.7633385997021101500, 1.103627668089701900E-016 ) ) ;
#6311 = ADVANCED_FACE ( 'NONE', ( #952 ), #1615, .F. ) ;
#6312 =( BOUNDED_CURVE ( )  B_SPLINE_CURVE ( 3, ( #426, #7676, #4032, #995 ),
 .UNSPECIFIED., .F., .T. ) 
 B_SPLINE_CURVE_WITH_KNOTS ( ( 4, 4 ),
 ( 4.661405893432040600, 6.283185307179586200 ),
 .UNSPECIFIED. ) 
 CURVE ( )  GEOMETRIC_REPRESENTATION_ITEM ( )  RATIONAL_B_SPLINE_CURVE ( ( 1.000000000000000000, 0.7925691712421014700, 0.7925691712421014700, 1.000000000000000000 ) ) 
 REPRESENTATION_ITEM ( '' )  );
#6313 = VECTOR ( 'NONE', #756, 1000.000000000000000 ) ;
#6314 = DIRECTION ( 'NONE',  ( 0.6459985930362534000, 0.7633385997021119300, -6.623589495133407300E-016 ) ) ;
#6315 = VERTEX_POINT ( 'NONE', #2737 ) ;
#6316 = DIRECTION ( 'NONE',  ( -7.047314121155785900E-015, 0.0000000000000000000, 1.000000000000000000 ) ) ;
#6317 = AXIS2_PLACEMENT_3D ( 'NONE', #5555, #3800, #103 ) ;
#6318 = CARTESIAN_POINT ( 'NONE',  ( -2.366421356237310600, 0.7999999999999999300, -0.2500000001249999500 ) ) ;
#6319 = CARTESIAN_POINT ( 'NONE',  ( 1.524999999999999900, 0.9499999999999936300, -0.2500000001249999500 ) ) ;
#6320 = PLANE ( 'NONE',  #3583 ) ;
#6321 = EDGE_CURVE ( 'NONE', #4668, #7733, #2955, .T. ) ;
#6322 = LINE ( 'NONE', #2653, #7286 ) ;
#6323 = ORIENTED_EDGE ( 'NONE', *, *, #7357, .T. ) ;
#6324 = ORIENTED_EDGE ( 'NONE', *, *, #1017, .F. ) ;
#6325 = CARTESIAN_POINT ( 'NONE',  ( 2.204378500868753800, 0.8189695520413333700, 0.8499999997749972900 ) ) ;
#6326 = LINE ( 'NONE', #6867, #4712 ) ;
#6327 = ORIENTED_EDGE ( 'NONE', *, *, #1957, .F. ) ;
#6328 = DIRECTION ( 'NONE',  ( -1.000000000000000000, 0.0000000000000000000, 0.0000000000000000000 ) ) ;
#6329 = EDGE_CURVE ( 'NONE', #7792, #287, #3594, .T. ) ;
#6330 = FACE_OUTER_BOUND ( 'NONE', #6926, .T. ) ;
#6331 = ORIENTED_EDGE ( 'NONE', *, *, #6225, .F. ) ;
#6332 = EDGE_CURVE ( 'NONE', #1804, #958, #1360, .T. ) ;
#6333 = EDGE_CURVE ( 'NONE', #424, #287, #5399, .T. ) ;
#6334 = CARTESIAN_POINT ( 'NONE',  ( 2.500000000468747700, 0.0000000000000000000, -0.4499999999500010600 ) ) ;
#6335 = LINE ( 'NONE', #3231, #1725 ) ;
#6336 = ORIENTED_EDGE ( 'NONE', *, *, #6179, .T. ) ;
#6337 = ORIENTED_EDGE ( 'NONE', *, *, #638, .T. ) ;
#6338 = VECTOR ( 'NONE', #5338, 1000.000000000000000 ) ;
#6339 = VERTEX_POINT ( 'NONE', #6386 ) ;
#6340 = ORIENTED_EDGE ( 'NONE', *, *, #3786, .T. ) ;
#6341 = PRESENTATION_LAYER_ASSIGNMENT (  '', '', ( #2670 ) ) ;
#6342 = CARTESIAN_POINT ( 'NONE',  ( 2.175000000468748900, 0.8939695520413333300, 1.052119927031593500 ) ) ;
#6343 = AXIS2_PLACEMENT_3D ( 'NONE', #2783, #3374, #6430 ) ;
#6344 = VECTOR ( 'NONE', #6414, 1000.000000000000000 ) ;
#6345 = EDGE_CURVE ( 'NONE', #3221, #1184, #471, .T. ) ;
#6346 = CARTESIAN_POINT ( 'NONE',  ( -1.049999999999998900, 0.1500000000000000800, 1.649999999924999000 ) ) ;
#6347 = ORIENTED_EDGE ( 'NONE', *, *, #296, .F. ) ;
#6348 = VECTOR ( 'NONE', #1697, 1000.000000000000000 ) ;
#6349 = CARTESIAN_POINT ( 'NONE',  ( 2.749999999999997800, 0.4253461364713248000, -1.200000000150000400 ) ) ;
#6350 = CIRCLE ( 'NONE', #6794, 0.1499999999999998600 ) ;
#6351 = ORIENTED_EDGE ( 'NONE', *, *, #242, .F. ) ;
#6352 = ADVANCED_FACE ( 'NONE', ( #4351 ), #2860, .F. ) ;
#6353 = DIRECTION ( 'NONE',  ( 1.084202172553266600E-015, 0.0000000000000000000, 1.000000000000000000 ) ) ;
#6354 = CARTESIAN_POINT ( 'NONE',  ( -2.200974038400499700, 0.9419761743770382900, 1.092402266127550800 ) ) ;
#6355 = LINE ( 'NONE', #1299, #3145 ) ;
#6356 = DIRECTION ( 'NONE',  ( 1.000000000000000000, -0.0000000000000000000, -1.734723479229412300E-015 ) ) ;
#6357 = ORIENTED_EDGE ( 'NONE', *, *, #2340, .F. ) ;
#6358 = DIRECTION ( 'NONE',  ( 1.000000000000000000, 0.0000000000000000000, 0.0000000000000000000 ) ) ;
#6359 = PLANE ( 'NONE',  #2962 ) ;
#6360 = DIRECTION ( 'NONE',  ( 0.0000000000000000000, 0.0000000000000000000, -1.000000000000000000 ) ) ;
#6361 = ORIENTED_EDGE ( 'NONE', *, *, #2640, .F. ) ;
#6362 = ADVANCED_FACE ( 'NONE', ( #170 ), #7600, .T. ) ;
#6363 = FACE_OUTER_BOUND ( 'NONE', #5348, .T. ) ;
#6364 = CLOSED_SHELL ( 'NONE', ( #2623, #277, #7409, #6390, #3913, #9, #6681, #7610, #967, #3920, #2024, #631, #3298, #3030, #387, #5721, #6765, #3041, #5694, #3816, #3953, #2056, #94, #3077, #1251, #4362, #5619, #4877, #3163, #5654, #1338, #4961, #6201, #4409, #5765, #1575, #2762, #224, #6070, #836, #4680, #2168, #4333, #5451, #7477, #313, #6995, #1214, #3844, #1371, #4418, #7325, #1487, #624, #6878, #5199, #4886, #2773, #2921, #705, #5606, #6143, #3068, #1459, #7898, #4566, #3968, #7451, #7241, #6925, #4325, #6640, #2572, #1384, #5481, #4838, #2689, #713, #796, #181, #7332, #4799, #6883, #6965, #4089, #5682, #1286, #6835, #4286, #3387, #6362, #6111, #4974, #147, #1204, #5758, #1295, #5521, #2518, #3107, #6910, #6953, #7396, #7361, #1565, #757, #2563, #3702, #3762, #2010, #4516, #1904, #2438, #3805, #6155, #237, #1981, #6035, #5917, #136, #3621, #6282, #5001, #1973, #1240, #7886, #581, #5138, #44, #2329, #6424, #3887, #5042, #7567, #4296, #2126, #7553, #1517, #954, #5573, #1945, #671, #2215, #4917, #663, #2404, #1933, #3877, #2065, #6670, #7759, #913, #1851, #4492, #5084, #741, #473, #427, #6791, #1892, #4455, #3192, #6753, #3235, #3117, #2136, #2492, #3726, #3654, #4239, #1529, #7517, #7006, #5128, #104, #2482, #3272, #7283, #19, #1691, #2607, #5492, #1811, #1325, #2176, #6721, #879, #6268, #2100, #2092, #6352, #4209, #6311, #3613, #6228, #3336, #7445, #1418, #3202, #7371, #4484, #5167, #5053, #6120, #3263, #3838, #2528, #4847, #3689, #4933, #3222, #6396, #1409, #2648, #2730, #7602, #5443, #5926, #193, #7081, #808, #7293, #4555, #4710, #6626, #2449, #6846, #267, #5561, #1450, #3149, #6081, #5096, #7840, #306, #6193, #5816, #4442, #6710, #7726 ) ) ;
#6365 = DIRECTION ( 'NONE',  ( -0.0000000000000000000, -1.000000000000000000, -0.0000000000000000000 ) ) ;
#6366 = VERTEX_POINT ( 'NONE', #1646 ) ;
#6367 = VERTEX_POINT ( 'NONE', #7623 ) ;
#6368 = DIRECTION ( 'NONE',  ( -0.0000000000000000000, -1.000000000000000000, -0.0000000000000000000 ) ) ;
#6369 = ORIENTED_EDGE ( 'NONE', *, *, #7628, .T. ) ;
#6370 = LINE ( 'NONE', #6642, #3806 ) ;
#6371 = ORIENTED_EDGE ( 'NONE', *, *, #6474, .T. ) ;
#6372 = CARTESIAN_POINT ( 'NONE',  ( 2.749999999999999100, 1.200000000000000000, 0.6999999997749973800 ) ) ;
#6373 = PLANE ( 'NONE',  #247 ) ;
#6374 = DIRECTION ( 'NONE',  ( 0.0000000000000000000, 0.0000000000000000000, -1.000000000000000000 ) ) ;
#6375 = ORIENTED_EDGE ( 'NONE', *, *, #1482, .T. ) ;
#6376 = ORIENTED_EDGE ( 'NONE', *, *, #3728, .F. ) ;
#6377 = EDGE_CURVE ( 'NONE', #7403, #1916, #6624, .T. ) ;
#6378 = ORIENTED_EDGE ( 'NONE', *, *, #2753, .F. ) ;
#6379 = DIRECTION ( 'NONE',  ( 0.0000000000000000000, 0.0000000000000000000, 1.000000000000000000 ) ) ;
#6380 = CARTESIAN_POINT ( 'NONE',  ( -0.4749999999999887600, 0.5999999999999999800, -1.600000000125001400 ) ) ;
#6381 = VECTOR ( 'NONE', #7641, 1000.000000000000000 ) ;
#6382 = DIRECTION ( 'NONE',  ( -0.4912631695488047200, -0.6672332842540760200, -0.5598752027268056900 ) ) ;
#6383 = DIRECTION ( 'NONE',  ( 0.6459985930362532900, -0.7633385997021119300, 0.0000000000000000000 ) ) ;
#6384 = ORIENTED_EDGE ( 'NONE', *, *, #3890, .T. ) ;
#6385 = CARTESIAN_POINT ( 'NONE',  ( -2.350000000468750000, 1.139906666467844800, 1.258485669039685700 ) ) ;
#6386 = CARTESIAN_POINT ( 'NONE',  ( -2.174999999999998900, 1.000000000000000000, 1.899999999924999000 ) ) ;
#6387 = ORIENTED_EDGE ( 'NONE', *, *, #6126, .T. ) ;
#6388 = VERTEX_POINT ( 'NONE', #6502 ) ;
#6389 = LINE ( 'NONE', #6861, #5831 ) ;
#6390 = ADVANCED_FACE ( 'NONE', ( #7794 ), #7404, .F. ) ;
#6391 = CARTESIAN_POINT ( 'NONE',  ( 2.749999999999998200, 1.200000000000000000, -1.600000000125000300 ) ) ;
#6392 = VECTOR ( 'NONE', #1747, 1000.000000000000000 ) ;
#6393 = EDGE_CURVE ( 'NONE', #1080, #5175, #5790, .T. ) ;
#6394 = ORIENTED_EDGE ( 'NONE', *, *, #7705, .T. ) ;
#6395 = VECTOR ( 'NONE', #7328, 1000.000000000000000 ) ;
#6396 = ADVANCED_FACE ( 'NONE', ( #3229 ), #6929, .F. ) ;
#6397 = DIRECTION ( 'NONE',  ( 1.000000000000000000, 0.0000000000000000000, -3.469446951953576300E-015 ) ) ;
#6398 = PLANE ( 'NONE',  #7614 ) ;
#6399 = ORIENTED_EDGE ( 'NONE', *, *, #5953, .F. ) ;
#6400 =( LENGTH_UNIT ( ) NAMED_UNIT ( * ) SI_UNIT ( .MILLI., .METRE. ) );
#6401 = ORIENTED_EDGE ( 'NONE', *, *, #820, .T. ) ;
#6402 = DIRECTION ( 'NONE',  ( -0.0000000000000000000, 0.0000000000000000000, -1.000000000000000000 ) ) ;
#6403 = CARTESIAN_POINT ( 'NONE',  ( -1.299999999687500500, 1.200000000000000000, -1.836602540303443600 ) ) ;
#6404 = PLANE ( 'NONE',  #161 ) ;
#6405 = LINE ( 'NONE', #2135, #7655 ) ;
#6406 = CARTESIAN_POINT ( 'NONE',  ( -1.349999999687499200, 1.150000000000001000, -1.886602540303443400 ) ) ;
#6407 = VERTEX_POINT ( 'NONE', #1047 ) ;
#6408 = CARTESIAN_POINT ( 'NONE',  ( -1.420951773113516800, 0.3337860201207635300, 0.5820701320054528800 ) ) ;
#6409 = CARTESIAN_POINT ( 'NONE',  ( -0.1499999999999990000, 0.1500000000000000800, 1.899999999924999000 ) ) ;
#6410 = DIRECTION ( 'NONE',  ( -0.0000000000000000000, 1.000000000000000000, -0.0000000000000000000 ) ) ;
#6411 = DIRECTION ( 'NONE',  ( -1.000000000000000000, 0.0000000000000000000, -7.228014483236778800E-015 ) ) ;
#6412 = VECTOR ( 'NONE', #5270, 1000.000000000000000 ) ;
#6413 = EDGE_LOOP ( 'NONE', ( #588, #7853, #7169, #5825, #4117, #6336 ) ) ;
#6414 = DIRECTION ( 'NONE',  ( -0.0000000000000000000, -0.0000000000000000000, 1.000000000000000000 ) ) ;
#6415 = DIRECTION ( 'NONE',  ( 1.000000000000000000, 0.0000000000000000000, -4.251773225433350700E-016 ) ) ;
#6416 = CIRCLE ( 'NONE', #6172, 0.1250000000000000000 ) ;
#6417 = VERTEX_POINT ( 'NONE', #3938 ) ;
#6418 = CARTESIAN_POINT ( 'NONE',  ( 0.3999999999999998000, 0.7999999999999999300, -0.5982233048283635000 ) ) ;
#6419 = EDGE_CURVE ( 'NONE', #3292, #6239, #1822, .T. ) ;
#6420 = EDGE_CURVE ( 'NONE', #1860, #2791, #1924, .T. ) ;
#6421 = DIRECTION ( 'NONE',  ( -0.7071067811865469100, 0.0000000000000000000, 0.7071067811865482400 ) ) ;
#6422 = CARTESIAN_POINT ( 'NONE',  ( -2.600000000468750000, 0.0000000000000000000, 0.7999999997750000300 ) ) ;
#6423 = CARTESIAN_POINT ( 'NONE',  ( 1.425000000000001200, 1.050000000000000000, 1.649999999924999000 ) ) ;
#6424 = ADVANCED_FACE ( 'NONE', ( #2202 ), #6731, .T. ) ;
#6425 = FACE_OUTER_BOUND ( 'NONE', #5374, .T. ) ;
#6426 = CARTESIAN_POINT ( 'NONE',  ( -1.200000000000000400, 1.200000000000000000, 1.269081745102117500 ) ) ;
#6427 = VERTEX_POINT ( 'NONE', #5513 ) ;
#6428 = ORIENTED_EDGE ( 'NONE', *, *, #6087, .T. ) ;
#6429 = VECTOR ( 'NONE', #5466, 1000.000000000000000 ) ;
#6430 = DIRECTION ( 'NONE',  ( 0.0000000000000000000, 0.0000000000000000000, -1.000000000000000000 ) ) ;
#6431 = CARTESIAN_POINT ( 'NONE',  ( -1.924999999999997400, 0.0000000000000000000, -0.4000000001250134100 ) ) ;
#6432 = CARTESIAN_POINT ( 'NONE',  ( 1.349999999687497400, 1.099999999999999900, -1.899999999925000300 ) ) ;
#6434 = LINE ( 'NONE', #886, #7112 ) ;
#6433 = CARTESIAN_POINT ( 'NONE',  ( -1.524999999999999900, 0.7999999999999999300, -0.2500000001249999500 ) ) ;
#6435 = CARTESIAN_POINT ( 'NONE',  ( -1.400000000468749800, 1.149999999999999900, 1.674999999925000300 ) ) ;
#6436 = EDGE_CURVE ( 'NONE', #612, #4092, #7025, .T. ) ;
#6437 = VERTEX_POINT ( 'NONE', #3197 ) ;
#6438 = LINE ( 'NONE', #1732, #5786 ) ;
#6439 = EDGE_CURVE ( 'NONE', #2776, #2564, #553, .T. ) ;
#6440 = EDGE_CURVE ( 'NONE', #5576, #4575, #1543, .T. ) ;
#6441 = ORIENTED_EDGE ( 'NONE', *, *, #129, .F. ) ;
#6442 = VECTOR ( 'NONE', #2918, 1000.000000000000100 ) ;
#6443 = ORIENTED_EDGE ( 'NONE', *, *, #1539, .F. ) ;
#6444 = CARTESIAN_POINT ( 'NONE',  ( 2.200958446665455700, 0.8230275848295436300, 0.8499999997749972900 ) ) ;
#6445 = DIRECTION ( 'NONE',  ( -0.8660254037844386000, 0.0000000000000000000, 0.5000000000000001100 ) ) ;
#6446 = LINE ( 'NONE', #6285, #464 ) ;
#6447 = VERTEX_POINT ( 'NONE', #6759 ) ;
#6448 = LINE ( 'NONE', #6169, #5500 ) ;
#6449 = AXIS2_PLACEMENT_3D ( 'NONE', #4059, #4115, #580 ) ;
#6450 = LINE ( 'NONE', #6181, #7698 ) ;
#6451 = VERTEX_POINT ( 'NONE', #4338 ) ;
#6452 = CYLINDRICAL_SURFACE ( 'NONE', #2721, 0.07499999999999998300 ) ;
#6453 = CARTESIAN_POINT ( 'NONE',  ( -2.295710678118655100, 0.7999999999999999300, -0.2792893220063453800 ) ) ;
#6454 = CARTESIAN_POINT ( 'NONE',  ( 1.349999999687497400, 1.150000000000001000, -1.899999999925000300 ) ) ;
#6455 = FACE_OUTER_BOUND ( 'NONE', #1387, .T. ) ;
#6456 = ORIENTED_EDGE ( 'NONE', *, *, #3052, .F. ) ;
#6457 = ORIENTED_EDGE ( 'NONE', *, *, #3989, .F. ) ;
#6458 = DIRECTION ( 'NONE',  ( -0.1299941854756607500, 0.0000000000000000000, -0.9915147561900021800 ) ) ;
#6459 = VECTOR ( 'NONE', #960, 1000.000000000000000 ) ;
#6460 = DIRECTION ( 'NONE',  ( 1.000000000000000000, 0.0000000000000000000, -0.0000000000000000000 ) ) ;
#6461 = CARTESIAN_POINT ( 'NONE',  ( 0.3249999999999990100, 0.7999999999999999300, -0.5232233048283635400 ) ) ;
#6462 = CARTESIAN_POINT ( 'NONE',  ( 1.349999999687497400, 1.150000000000001000, -1.886602540303443400 ) ) ;
#6463 = ORIENTED_EDGE ( 'NONE', *, *, #3447, .T. ) ;
#6464 = CARTESIAN_POINT ( 'NONE',  ( 1.349999999687498300, 0.1000000000000000500, -1.500000000125000200 ) ) ;
#6465 = LINE ( 'NONE', #5244, #300 ) ;
#6466 = ORIENTED_EDGE ( 'NONE', *, *, #5326, .F. ) ;
#6467 = DIRECTION ( 'NONE',  ( 0.0000000000000000000, 0.0000000000000000000, 1.000000000000000000 ) ) ;
#6468 = CARTESIAN_POINT ( 'NONE',  ( -2.400000000468749400, 0.7999999999999999300, -0.2500000001249999500 ) ) ;
#6469 = FACE_OUTER_BOUND ( 'NONE', #4769, .T. ) ;
#6470 = AXIS2_PLACEMENT_3D ( 'NONE', #6649, #1403, #6733 ) ;
#6471 = ORIENTED_EDGE ( 'NONE', *, *, #4643, .T. ) ;
#6472 = LINE ( 'NONE', #3539, #788 ) ;
#6473 = ORIENTED_EDGE ( 'NONE', *, *, #4689, .F. ) ;
#6474 = EDGE_CURVE ( 'NONE', #6522, #1449, #4830, .T. ) ;
#6475 = PLANE ( 'NONE',  #2455 ) ;
#6476 = DIRECTION ( 'NONE',  ( -0.08397606092017122200, 0.7633385997021098200, 0.6405171374734276400 ) ) ;
#6477 = EDGE_CURVE ( 'NONE', #5534, #5145, #3983, .T. ) ;
#6478 = ORIENTED_EDGE ( 'NONE', *, *, #2251, .F. ) ;
#6479 = VERTEX_POINT ( 'NONE', #4952 ) ;
#6480 = CARTESIAN_POINT ( 'NONE',  ( 0.1591205672589828800, 0.8499999999999994200, 1.015225092130680000 ) ) ;
#6481 = EDGE_LOOP ( 'NONE', ( #2765, #4278, #4163, #2360 ) ) ;
#6482 = PLANE ( 'NONE',  #6084 ) ;
#6483 = CARTESIAN_POINT ( 'NONE',  ( -2.600000000468750000, 1.200000000000000000, 0.7999999997750000300 ) ) ;
#6484 = FACE_OUTER_BOUND ( 'NONE', #4449, .T. ) ;
#6485 = FACE_BOUND ( 'NONE', #6054, .T. ) ;
#6486 = EDGE_CURVE ( 'NONE', #3883, #1055, #7220, .T. ) ;
#6487 = ORIENTED_EDGE ( 'NONE', *, *, #1167, .T. ) ;
#6488 = EDGE_CURVE ( 'NONE', #2943, #4757, #563, .T. ) ;
#6489 = CARTESIAN_POINT ( 'NONE',  ( 1.800000000000000700, 0.5999999999999999800, 1.649999999924999000 ) ) ;
#6490 = EDGE_CURVE ( 'NONE', #2034, #6889, #7316, .T. ) ;
#6491 = CARTESIAN_POINT ( 'NONE',  ( -2.175000000468748900, 0.7999999999999999300, 0.8499999997749972900 ) ) ;
#6492 = DIRECTION ( 'NONE',  ( -0.0000000000000000000, 1.000000000000000000, -0.0000000000000000000 ) ) ;
#6493 = ORIENTED_EDGE ( 'NONE', *, *, #3251, .F. ) ;
#6494 = CARTESIAN_POINT ( 'NONE',  ( -1.675000000468750000, 1.149999999999999900, 1.198686027843559200 ) ) ;
#6495 = VECTOR ( 'NONE', #6458, 1000.000000000000100 ) ;
#6496 = ORIENTED_EDGE ( 'NONE', *, *, #4343, .F. ) ;
#6497 = ORIENTED_EDGE ( 'NONE', *, *, #5921, .T. ) ;
#6498 = DIRECTION ( 'NONE',  ( -0.0000000000000000000, -0.0000000000000000000, 1.000000000000000000 ) ) ;
#6499 = AXIS2_PLACEMENT_3D ( 'NONE', #2130, #5793, #346 ) ;
#6500 = LINE ( 'NONE', #286, #3090 ) ;
#6501 = VECTOR ( 'NONE', #3412, 1000.000000000000200 ) ;
#6502 = CARTESIAN_POINT ( 'NONE',  ( -2.500000000468749900, 1.200000000000000000, -0.3500000001250008800 ) ) ;
#6503 = EDGE_LOOP ( 'NONE', ( #6589, #6968, #5069, #3384, #2770, #4083, #6148, #289 ) ) ;
#6504 = EDGE_LOOP ( 'NONE', ( #5465, #7364, #5007, #5820 ) ) ;
#6505 = CARTESIAN_POINT ( 'NONE',  ( 2.600000000000000500, 0.7999999999999999300, -0.5499999999499998200 ) ) ;
#6506 = PLANE ( 'NONE',  #5280 ) ;
#6507 = DIRECTION ( 'NONE',  ( -1.000000000000000000, 0.0000000000000000000, -7.318364664277336400E-015 ) ) ;
#6508 =( NAMED_UNIT ( * ) PLANE_ANGLE_UNIT ( ) SI_UNIT ( $, .RADIAN. ) );
#6509 = LINE ( 'NONE', #4518, #5277 ) ;
#6510 = VERTEX_POINT ( 'NONE', #1523 ) ;
#6512 = AXIS2_PLACEMENT_3D ( 'NONE', #2333, #3511, #1733 ) ;
#6511 = DIRECTION ( 'NONE',  ( -1.597913209883917700E-015, 0.0000000000000000000, 1.000000000000000000 ) ) ;
#6513 = CARTESIAN_POINT ( 'NONE',  ( 2.074999999999999300, 0.7999999999999999300, -0.2500000001250021800 ) ) ;
#6514 = DIRECTION ( 'NONE',  ( 0.0000000000000000000, -1.000000000000000000, 0.0000000000000000000 ) ) ;
#6515 = DIRECTION ( 'NONE',  ( -0.06021118835264750000, 0.7646545784153042600, 0.6416213747263064300 ) ) ;
#6516 = LINE ( 'NONE', #3478, #834 ) ;
#6517 = ORIENTED_EDGE ( 'NONE', *, *, #2138, .T. ) ;
#6518 = CARTESIAN_POINT ( 'NONE',  ( -1.348727213428500900, 0.9499999999999934100, 1.094499127746349600 ) ) ;
#6519 = CARTESIAN_POINT ( 'NONE',  ( 2.185264634401430600, 0.8939695520413333300, 0.9249999997749972500 ) ) ;
#6520 = PLANE ( 'NONE',  #3223 ) ;
#6521 = LINE ( 'NONE', #5708, #6130 ) ;
#6522 = VERTEX_POINT ( 'NONE', #1426 ) ;
#6523 = FACE_OUTER_BOUND ( 'NONE', #6717, .T. ) ;
#6524 = ORIENTED_EDGE ( 'NONE', *, *, #1155, .F. ) ;
#6525 = AXIS2_PLACEMENT_3D ( 'NONE', #6705, #1940, #117 ) ;
#6526 = LINE ( 'NONE', #347, #7198 ) ;
#6527 = DIRECTION ( 'NONE',  ( 1.000000000000000000, 0.0000000000000000000, 0.0000000000000000000 ) ) ;
#6528 = EDGE_LOOP ( 'NONE', ( #6369, #5058, #3237, #4682 ) ) ;
#6529 = CARTESIAN_POINT ( 'NONE',  ( -2.600000000468750000, 1.200000000000000000, 0.7999999997750000300 ) ) ;
#6530 = VERTEX_POINT ( 'NONE', #227 ) ;
#6531 = COLOUR_RGB ( '',1.000000000000000000, 1.000000000000000000, 1.000000000000000000 ) ;
#6532 = VERTEX_POINT ( 'NONE', #3958 ) ;
#6533 = ORIENTED_EDGE ( 'NONE', *, *, #7778, .T. ) ;
#6534 = CIRCLE ( 'NONE', #5707, 0.1000000000000001000 ) ;
#6535 = CARTESIAN_POINT ( 'NONE',  ( 1.200000000000000400, 1.139906666467845200, 1.258485669039686000 ) ) ;
#6536 = DIRECTION ( 'NONE',  ( -0.0000000000000000000, 1.000000000000000000, -0.0000000000000000000 ) ) ;
#6537 = ORIENTED_EDGE ( 'NONE', *, *, #3727, .F. ) ;
#6538 = VECTOR ( 'NONE', #3722, 1000.000000000000000 ) ;
#6539 = CARTESIAN_POINT ( 'NONE',  ( -2.174999999999998900, 1.000000000000000000, 1.899999999924999000 ) ) ;
#6540 = CARTESIAN_POINT ( 'NONE',  ( -0.7999999999999998200, 0.7499999999999998900, -0.5982233048283627200 ) ) ;
#6541 = LINE ( 'NONE', #146, #3322 ) ;
#6542 = ORIENTED_EDGE ( 'NONE', *, *, #4535, .F. ) ;
#6543 = AXIS2_PLACEMENT_3D ( 'NONE', #3058, #7297, #3655 ) ;
#6544 = DIRECTION ( 'NONE',  ( -1.000000000000000000, -0.0000000000000000000, -0.0000000000000000000 ) ) ;
#6545 = LINE ( 'NONE', #7050, #3878 ) ;
#6546 = EDGE_CURVE ( 'NONE', #6255, #6736, #2390, .T. ) ;
#6547 = EDGE_CURVE ( 'NONE', #3573, #606, #5607, .T. ) ;
#6548 = ORIENTED_EDGE ( 'NONE', *, *, #6014, .F. ) ;
#6549 = EDGE_LOOP ( 'NONE', ( #3668, #1362, #943, #3088, #881 ) ) ;
#6550 = DIRECTION ( 'NONE',  ( 1.000000000000000000, 0.0000000000000000000, 0.0000000000000000000 ) ) ;
#6551 = VECTOR ( 'NONE', #921, 1000.000000000000000 ) ;
#6552 = VERTEX_POINT ( 'NONE', #5702 ) ;
#6553 = LINE ( 'NONE', #2811, #4086 ) ;
#6554 = ORIENTED_EDGE ( 'NONE', *, *, #4590, .F. ) ;
#6555 = CARTESIAN_POINT ( 'NONE',  ( 0.3999999999999999700, 1.200000000000000000, -0.7000000001249999700 ) ) ;
#6556 = DIRECTION ( 'NONE',  ( 0.1299941854756612200, 0.0000000000000000000, 0.9915147561900020700 ) ) ;
#6557 =( BOUNDED_CURVE ( )  B_SPLINE_CURVE ( 3, ( #1776, #4734, #1107, #5347 ),
 .UNSPECIFIED., .F., .F. ) 
 B_SPLINE_CURVE_WITH_KNOTS ( ( 4, 4 ),
 ( 1.409193486633856900, 1.440433211378223900 ),
 .UNSPECIFIED. ) 
 CURVE ( )  GEOMETRIC_REPRESENTATION_ITEM ( )  RATIONAL_B_SPLINE_CURVE ( ( 1.000000000000000000, 0.9999186749533192100, 0.9999186749533192100, 1.000000000000000000 ) ) 
 REPRESENTATION_ITEM ( '' )  );
#6558 = LINE ( 'NONE', #4954, #2505 ) ;
#6559 = DIRECTION ( 'NONE',  ( -6.023345402697249200E-017, 1.000000000000000000, 0.0000000000000000000 ) ) ;
#6560 = CARTESIAN_POINT ( 'NONE',  ( -1.349999999687499200, 1.099999999999999900, -1.899999999925000100 ) ) ;
#6561 = VERTEX_POINT ( 'NONE', #6915 ) ;
#6562 = DIRECTION ( 'NONE',  ( -1.000000000000000000, 0.0000000000000000000, -6.956963940115489500E-015 ) ) ;
#6563 = FACE_OUTER_BOUND ( 'NONE', #6222, .T. ) ;
#6564 = EDGE_LOOP ( 'NONE', ( #320, #7078, #1891, #6034 ) ) ;
#6565 = CARTESIAN_POINT ( 'NONE',  ( 1.200000000000000400, 0.9499999999999936300, 1.074999999925000600 ) ) ;
#6566 = DIRECTION ( 'NONE',  ( 0.0000000000000000000, 0.0000000000000000000, -1.000000000000000000 ) ) ;
#6567 = ORIENTED_EDGE ( 'NONE', *, *, #376, .T. ) ;
#6568 = EDGE_CURVE ( 'NONE', #1614, #7105, #5977, .T. ) ;
#6569 = AXIS2_PLACEMENT_3D ( 'NONE', #7657, #378, #5742 ) ;
#6570 = VERTEX_POINT ( 'NONE', #3851 ) ;
#6571 = EDGE_LOOP ( 'NONE', ( #2071, #5480, #5008, #6605, #2291, #4060, #7365, #6594, #1663, #55, #1644, #1850 ) ) ;
#6572 = DIRECTION ( 'NONE',  ( -0.0000000000000000000, -0.0000000000000000000, 1.000000000000000000 ) ) ;
#6573 = FACE_OUTER_BOUND ( 'NONE', #5553, .T. ) ;
#6574 = ORIENTED_EDGE ( 'NONE', *, *, #1704, .T. ) ;
#6575 = EDGE_CURVE ( 'NONE', #4582, #6561, #3046, .T. ) ;
#6576 = EDGE_CURVE ( 'NONE', #1932, #2733, #3735, .T. ) ;
#6577 = ORIENTED_EDGE ( 'NONE', *, *, #1920, .T. ) ;
#6578 = LINE ( 'NONE', #4569, #1478 ) ;
#6579 = VECTOR ( 'NONE', #7805, 1000.000000000000000 ) ;
#6580 = AXIS2_PLACEMENT_3D ( 'NONE', #6435, #5174, #1560 ) ;
#6581 = ORIENTED_EDGE ( 'NONE', *, *, #6900, .T. ) ;
#6582 = CARTESIAN_POINT ( 'NONE',  ( 1.675000000000004700, 0.5999999999999999800, -0.7000000001249999700 ) ) ;
#6583 = CONICAL_SURFACE ( 'NONE', #4791, 0.1499999999999999700, 0.1745329251994307000 ) ;
#6584 = DIRECTION ( 'NONE',  ( -1.000000000000000000, 0.0000000000000000000, 0.0000000000000000000 ) ) ;
#6585 = EDGE_CURVE ( 'NONE', #4767, #1044, #5217, .T. ) ;
#6586 = CARTESIAN_POINT ( 'NONE',  ( -0.7274999999999998100, 0.0000000000000000000, -0.4000000001249999800 ) ) ;
#6587 = CARTESIAN_POINT ( 'NONE',  ( -2.499999999999999600, 0.5000000000000000000, 0.7999999997750004700 ) ) ;
#6588 = EDGE_CURVE ( 'NONE', #165, #198, #2594, .T. ) ;
#6589 = ORIENTED_EDGE ( 'NONE', *, *, #975, .F. ) ;
#6590 = EDGE_CURVE ( 'NONE', #5004, #5843, #6802, .T. ) ;
#6591 = ORIENTED_EDGE ( 'NONE', *, *, #5124, .F. ) ;
#6592 = CARTESIAN_POINT ( 'NONE',  ( -2.249999999999999100, 1.050000000000000000, 1.649999999924999000 ) ) ;
#6593 = LINE ( 'NONE', #3025, #1499 ) ;
#6594 = ORIENTED_EDGE ( 'NONE', *, *, #4199, .T. ) ;
#6595 = CARTESIAN_POINT ( 'NONE',  ( -1.924999999999988700, 0.5999999999999999800, -1.600000000124999900 ) ) ;
#6596 = FACE_OUTER_BOUND ( 'NONE', #111, .T. ) ;
#6597 = ORIENTED_EDGE ( 'NONE', *, *, #3350, .F. ) ;
#6598 = PLANE ( 'NONE',  #364 ) ;
#6599 = VERTEX_POINT ( 'NONE', #5718 ) ;
#6600 = DIRECTION ( 'NONE',  ( 0.0000000000000000000, 0.9848077530122085800, 0.1736481776669276400 ) ) ;
#6601 = FACE_OUTER_BOUND ( 'NONE', #4381, .T. ) ;
#6602 = ORIENTED_EDGE ( 'NONE', *, *, #3206, .T. ) ;
#6604 = AXIS2_PLACEMENT_3D ( 'NONE', #1494, #6397, #302 ) ;
#6603 = CARTESIAN_POINT ( 'NONE',  ( -1.348045598058626600, 0.9499999999999936300, 1.099135055248403600 ) ) ;
#6605 = ORIENTED_EDGE ( 'NONE', *, *, #5365, .T. ) ;
#6606 = DIRECTION ( 'NONE',  ( -9.974659986866621900E-015, 0.0000000000000000000, 1.000000000000000000 ) ) ;
#6607 = DIRECTION ( 'NONE',  ( 0.1299941854756612200, 0.0000000000000000000, 0.9915147561900020700 ) ) ;
#6608 = CARTESIAN_POINT ( 'NONE',  ( -1.799999999999999200, 0.5999999999999999800, 1.649999999924999000 ) ) ;
#6609 = AXIS2_PLACEMENT_3D ( 'NONE', #7082, #4020, #1607 ) ;
#6610 = DIRECTION ( 'NONE',  ( 1.000000000000000000, 0.0000000000000000000, 0.0000000000000000000 ) ) ;
#6611 = VECTOR ( 'NONE', #2787, 1000.000000000000000 ) ;
#6612 = EDGE_LOOP ( 'NONE', ( #5677, #4731, #2456, #2481, #6682 ) ) ;
#6613 = ORIENTED_EDGE ( 'NONE', *, *, #4356, .T. ) ;
#6614 = VECTOR ( 'NONE', #3673, 1000.000000000000000 ) ;
#6615 = ORIENTED_EDGE ( 'NONE', *, *, #4007, .F. ) ;
#6616 = DIRECTION ( 'NONE',  ( -1.000000000000000000, -2.891205793294679400E-015, -0.0000000000000000000 ) ) ;
#6617 = DIRECTION ( 'NONE',  ( -0.0000000000000000000, -1.000000000000000000, 0.0000000000000000000 ) ) ;
#6618 = LINE ( 'NONE', #4452, #6817 ) ;
#6619 = CARTESIAN_POINT ( 'NONE',  ( 2.074999999999998800, 0.7499999999999998900, -0.5000000001250026700 ) ) ;
#6620 = ORIENTED_EDGE ( 'NONE', *, *, #973, .T. ) ;
#6621 = FACE_OUTER_BOUND ( 'NONE', #380, .T. ) ;
#6622 = ORIENTED_EDGE ( 'NONE', *, *, #6853, .T. ) ;
#6623 = AXIS2_PLACEMENT_3D ( 'NONE', #2743, #6957, #3326 ) ;
#6624 = LINE ( 'NONE', #213, #2779 ) ;
#6625 = ORIENTED_EDGE ( 'NONE', *, *, #1893, .F. ) ;
#6626 = ADVANCED_FACE ( 'NONE', ( #3605 ), #6452, .F. ) ;
#6627 = LINE ( 'NONE', #5734, #7496 ) ;
#6628 = EDGE_CURVE ( 'NONE', #7381, #7350, #6256, .T. ) ;
#6629 = ORIENTED_EDGE ( 'NONE', *, *, #6128, .F. ) ;
#6630 = LINE ( 'NONE', #6773, #4259 ) ;
#6631 = EDGE_CURVE ( 'NONE', #6778, #2980, #7895, .T. ) ;
#6632 = CARTESIAN_POINT ( 'NONE',  ( 0.0000000000000000000, 0.9499999999999936300, 1.224999999925000100 ) ) ;
#6633 = DIRECTION ( 'NONE',  ( 1.000000000000000000, 0.0000000000000000000, 0.0000000000000000000 ) ) ;
#6634 = LINE ( 'NONE', #923, #3428 ) ;
#6635 = ORIENTED_EDGE ( 'NONE', *, *, #1895, .F. ) ;
#6636 = VECTOR ( 'NONE', #4491, 1000.000000000000000 ) ;
#6637 = DIRECTION ( 'NONE',  ( 7.047314121155775700E-015, 0.0000000000000000000, -1.000000000000000000 ) ) ;
#6638 = FACE_OUTER_BOUND ( 'NONE', #6174, .T. ) ;
#6639 = CARTESIAN_POINT ( 'NONE',  ( -0.5999999999999993100, 0.5999999999999999800, 1.399999999924999000 ) ) ;
#6640 = ADVANCED_FACE ( 'NONE', ( #764 ), #5730, .F. ) ;
#6641 = DIRECTION ( 'NONE',  ( 0.0000000000000000000, 0.0000000000000000000, -1.000000000000000000 ) ) ;
#6642 = CARTESIAN_POINT ( 'NONE',  ( -1.051272786571499500, 0.8499999999999996400, 1.094499127746349600 ) ) ;
#6643 = ORIENTED_EDGE ( 'NONE', *, *, #576, .T. ) ;
#6644 = AXIS2_PLACEMENT_3D ( 'NONE', #3174, #6812, #4931 ) ;
#6645 = ORIENTED_EDGE ( 'NONE', *, *, #3871, .T. ) ;
#6646 = VECTOR ( 'NONE', #260, 1000.000000000000000 ) ;
#6647 = CARTESIAN_POINT ( 'NONE',  ( 0.1500000000000009400, 0.1500000000000000800, 1.649999999924999000 ) ) ;
#6648 = ORIENTED_EDGE ( 'NONE', *, *, #7416, .F. ) ;
#6649 = CARTESIAN_POINT ( 'NONE',  ( -0.2249999999999989500, 1.050000000000000000, 1.649999999924999000 ) ) ;
#6650 = FACE_OUTER_BOUND ( 'NONE', #7454, .T. ) ;
#6651 = ORIENTED_EDGE ( 'NONE', *, *, #3873, .T. ) ;
#6652 = CARTESIAN_POINT ( 'NONE',  ( -0.1499999999999990000, 0.1500000000000000800, 1.899999999924999000 ) ) ;
#6653 =( BOUNDED_CURVE ( )  B_SPLINE_CURVE ( 3, ( #500, #2859, #5988, #7089 ),
 .UNSPECIFIED., .F., .F. ) 
 B_SPLINE_CURVE_WITH_KNOTS ( ( 4, 4 ),
 ( 4.174940550513803700, 4.601498140830950800 ),
 .UNSPECIFIED. ) 
 CURVE ( )  GEOMETRIC_REPRESENTATION_ITEM ( )  RATIONAL_B_SPLINE_CURVE ( ( 1.000000000000000000, 0.9848947743223970300, 0.9848947743223970300, 1.000000000000000000 ) ) 
 REPRESENTATION_ITEM ( '' )  );
#6654 = ORIENTED_EDGE ( 'NONE', *, *, #637, .T. ) ;
#6655 = LINE ( 'NONE', #3598, #583 ) ;
#6656 = VERTEX_POINT ( 'NONE', #1200 ) ;
#6657 = CARTESIAN_POINT ( 'NONE',  ( -2.074999999999999700, 1.200000000000000000, -0.2500000001249999500 ) ) ;
#6658 = LINE ( 'NONE', #6686, #318 ) ;
#6660 = ORIENTED_EDGE ( 'NONE', *, *, #5323, .T. ) ;
#6659 = CARTESIAN_POINT ( 'NONE',  ( -2.175000000468748900, 0.8189695520413333700, 0.9249999997749972500 ) ) ;
#6661 = DIRECTION ( 'NONE',  ( -0.0000000000000000000, -0.0000000000000000000, 1.000000000000000000 ) ) ;
#6662 = ORIENTED_EDGE ( 'NONE', *, *, #532, .T. ) ;
#6663 = DIRECTION ( 'NONE',  ( -1.000000000000000000, -0.0000000000000000000, -0.0000000000000000000 ) ) ;
#6664 = CARTESIAN_POINT ( 'NONE',  ( -1.950000000468749900, 1.200000000000000000, 1.674999999925000300 ) ) ;
#6665 = EDGE_LOOP ( 'NONE', ( #7499, #5541, #6036, #7608 ) ) ;
#6666 = CARTESIAN_POINT ( 'NONE',  ( 2.350000000468748700, 1.139906666467844800, 1.258485669039685700 ) ) ;
#6667 = CARTESIAN_POINT ( 'NONE',  ( -2.156767229583731000, 1.200000000000000000, 1.093133396382724100 ) ) ;
#6668 = LINE ( 'NONE', #7737, #3182 ) ;
#6669 = VECTOR ( 'NONE', #4154, 1000.000000000000000 ) ;
#6670 = ADVANCED_FACE ( 'NONE', ( #5409 ), #6029, .T. ) ;
#6671 = ORIENTED_EDGE ( 'NONE', *, *, #5589, .T. ) ;
#6672 = CARTESIAN_POINT ( 'NONE',  ( 0.1487272134285001200, 0.9444751167444146400, 1.094499127746349600 ) ) ;
#6673 = ORIENTED_EDGE ( 'NONE', *, *, #7473, .F. ) ;
#6674 = AXIS2_PLACEMENT_3D ( 'NONE', #564, #6536, #4202 ) ;
#6675 = VECTOR ( 'NONE', #6152, 1000.000000000000100 ) ;
#6676 = CARTESIAN_POINT ( 'NONE',  ( -1.675000000468750000, 1.149999999999999900, 1.198686027843559200 ) ) ;
#6677 = CARTESIAN_POINT ( 'NONE',  ( -2.600000000468750000, 1.200000000000000000, 1.269081745102117200 ) ) ;
#6678 = EDGE_CURVE ( 'NONE', #7542, #6206, #3791, .T. ) ;
#6679 = EDGE_CURVE ( 'NONE', #1925, #2833, #964, .T. ) ;
#6680 = ORIENTED_EDGE ( 'NONE', *, *, #6108, .T. ) ;
#6681 = ADVANCED_FACE ( 'NONE', ( #1645 ), #7700, .F. ) ;
#6682 = ORIENTED_EDGE ( 'NONE', *, *, #7468, .F. ) ;
#6683 = FACE_OUTER_BOUND ( 'NONE', #7492, .T. ) ;
#6684 = CARTESIAN_POINT ( 'NONE',  ( -2.295710678118655100, 0.7999999999999999300, -0.2792893220063453800 ) ) ;
#6685 = CARTESIAN_POINT ( 'NONE',  ( 2.500000000468749000, 0.9494107612943887300, 1.098640625267855100 ) ) ;
#6686 = CARTESIAN_POINT ( 'NONE',  ( -2.697308117066313100, 0.1265156187480860300, 0.5999251614329118600 ) ) ;
#6687 = VECTOR ( 'NONE', #2457, 1000.000000000000000 ) ;
#6688 = ORIENTED_EDGE ( 'NONE', *, *, #7010, .T. ) ;
#6689 = CARTESIAN_POINT ( 'NONE',  ( 1.000000000281247700, 1.099999999999999900, -1.799999999925000300 ) ) ;
#6690 = VERTEX_POINT ( 'NONE', #5693 ) ;
#6691 = ORIENTED_EDGE ( 'NONE', *, *, #7004, .T. ) ;
#6692 = CARTESIAN_POINT ( 'NONE',  ( 0.2250000000000009200, 1.000000000000000000, 1.649999999924999000 ) ) ;
#6693 = EDGE_CURVE ( 'NONE', #2016, #4411, #5700, .T. ) ;
#6694 = CARTESIAN_POINT ( 'NONE',  ( 1.999999999999999600, 0.7499999999999998900, -0.7000000001249999700 ) ) ;
#6695 = EDGE_CURVE ( 'NONE', #715, #5587, #4363, .T. ) ;
#6696 = DIRECTION ( 'NONE',  ( -0.0000000000000000000, 1.000000000000000000, 0.0000000000000000000 ) ) ;
#6697 = DIRECTION ( 'NONE',  ( -0.1299941854756612200, 0.0000000000000000000, -0.9915147561900020700 ) ) ;
#6698 = LINE ( 'NONE', #2247, #6792 ) ;
#6699 = EDGE_LOOP ( 'NONE', ( #3122, #4422, #3853, #6270 ) ) ;
#6700 = DIRECTION ( 'NONE',  ( -0.7071067811865462400, -0.0000000000000000000, -0.7071067811865489100 ) ) ;
#6701 = AXIS2_PLACEMENT_3D ( 'NONE', #7697, #5240, #1670 ) ;
#6702 = LINE ( 'NONE', #7456, #1807 ) ;
#6703 = DIRECTION ( 'NONE',  ( -0.0000000000000000000, -1.000000000000000000, -0.0000000000000000000 ) ) ;
#6704 = EDGE_LOOP ( 'NONE', ( #2854, #4218, #6478, #7179 ) ) ;
#6705 = CARTESIAN_POINT ( 'NONE',  ( 1.925000000000010500, 0.1000000000000000500, -1.500000000125000200 ) ) ;
#6706 = CARTESIAN_POINT ( 'NONE',  ( -0.9749999999999989800, 1.000000000000000000, 1.649999999924999000 ) ) ;
#6707 = DIRECTION ( 'NONE',  ( -0.0000000000000000000, 1.000000000000000000, -0.0000000000000000000 ) ) ;
#6708 = LINE ( 'NONE', #4112, #2278 ) ;
#6709 = ORIENTED_EDGE ( 'NONE', *, *, #2396, .T. ) ;
#6710 = ADVANCED_FACE ( 'NONE', ( #5801 ), #5030, .F. ) ;
#6711 = DIRECTION ( 'NONE',  ( 1.000000000000000000, 0.0000000000000000000, 0.0000000000000000000 ) ) ;
#6712 = LINE ( 'NONE', #4756, #4439 ) ;
#6713 = ORIENTED_EDGE ( 'NONE', *, *, #2151, .F. ) ;
#6714 = AXIS2_PLACEMENT_3D ( 'NONE', #5659, #6810, #1406 ) ;
#6715 = VECTOR ( 'NONE', #4534, 1000.000000000000100 ) ;
#6716 = DIRECTION ( 'NONE',  ( 0.0000000000000000000, 0.0000000000000000000, 1.000000000000000000 ) ) ;
#6717 = EDGE_LOOP ( 'NONE', ( #1497, #4094 ) ) ;
#6718 = DIRECTION ( 'NONE',  ( 1.000000000000000000, 0.0000000000000000000, -1.734723479229412300E-015 ) ) ;
#6719 = ORIENTED_EDGE ( 'NONE', *, *, #4510, .T. ) ;
#6720 = PLANE ( 'NONE',  #4686 ) ;
#6721 = ADVANCED_FACE ( 'NONE', ( #1247 ), #1396, .T. ) ;
#6722 = DIRECTION ( 'NONE',  ( 0.0000000000000000000, 0.0000000000000000000, 1.000000000000000000 ) ) ;
#6723 = ORIENTED_EDGE ( 'NONE', *, *, #1831, .F. ) ;
#6725 = CARTESIAN_POINT ( 'NONE',  ( -2.600000000468750000, 0.5000000000000003300, 0.6999999997750000500 ) ) ;
#6724 = CARTESIAN_POINT ( 'NONE',  ( -1.200000000000000200, 0.7999999999999999300, -0.3750000001249999500 ) ) ;
#6726 = EDGE_LOOP ( 'NONE', ( #5775, #6357, #6554, #4967 ) ) ;
#6727 = VECTOR ( 'NONE', #6498, 1000.000000000000000 ) ;
#6728 = DIRECTION ( 'NONE',  ( 0.0000000000000000000, 0.0000000000000000000, -1.000000000000000000 ) ) ;
#6729 = ORIENTED_EDGE ( 'NONE', *, *, #65, .T. ) ;
#6730 = VECTOR ( 'NONE', #7848, 1000.000000000000000 ) ;
#6731 = CYLINDRICAL_SURFACE ( 'NONE', #1801, 0.1000000000000001000 ) ;
#6732 = ORIENTED_EDGE ( 'NONE', *, *, #1702, .F. ) ;
#6733 = DIRECTION ( 'NONE',  ( -1.000000000000000000, 2.891205793294681400E-015, 0.0000000000000000000 ) ) ;
#6734 = PLANE ( 'NONE',  #5944 ) ;
#6735 = VECTOR ( 'NONE', #2415, 1000.000000000000000 ) ;
#6736 = VERTEX_POINT ( 'NONE', #3869 ) ;
#6737 = ORIENTED_EDGE ( 'NONE', *, *, #1382, .T. ) ;
#6738 = DIRECTION ( 'NONE',  ( 0.1299941854756612200, 0.0000000000000000000, -0.9915147561900020700 ) ) ;
#6739 = EDGE_CURVE ( 'NONE', #6417, #5624, #1451, .T. ) ;
#6740 = DIRECTION ( 'NONE',  ( -0.0000000000000000000, 1.000000000000000000, -0.0000000000000000000 ) ) ;
#6741 = VECTOR ( 'NONE', #6884, 1000.000000000000000 ) ;
#6742 = EDGE_CURVE ( 'NONE', #4269, #7914, #6066, .T. ) ;
#6743 = EDGE_CURVE ( 'NONE', #6918, #5576, #4264, .T. ) ;
#6744 = CARTESIAN_POINT ( 'NONE',  ( -2.175000000468748900, 0.8939695520413333300, 1.052119927031593500 ) ) ;
#6745 = ORIENTED_EDGE ( 'NONE', *, *, #1016, .F. ) ;
#6746 = VECTOR ( 'NONE', #5183, 999.9999999999998900 ) ;
#6747 = EDGE_LOOP ( 'NONE', ( #3902, #7708, #4258, #1578 ) ) ;
#6748 = DIRECTION ( 'NONE',  ( 0.1743879540903246500, 0.9846770239363720200, -0.0000000000000000000 ) ) ;
#6749 = CARTESIAN_POINT ( 'NONE',  ( -2.200656147411876400, 0.8939695520413333300, 1.089014761932505700 ) ) ;
#6750 = VECTOR ( 'NONE', #1292, 1000.000000000000000 ) ;
#6751 = AXIS2_PLACEMENT_3D ( 'NONE', #3089, #7335, #6738 ) ;
#6752 = VERTEX_POINT ( 'NONE', #7133 ) ;
#6753 = ADVANCED_FACE ( 'NONE', ( #2691 ), #6506, .F. ) ;
#6754 = CARTESIAN_POINT ( 'NONE',  ( -2.200656147411876400, 0.9499999999999938500, 1.089014761932505700 ) ) ;
#6755 = FACE_OUTER_BOUND ( 'NONE', #5760, .T. ) ;
#6756 = EDGE_LOOP ( 'NONE', ( #1730, #7585, #4692, #3157 ) ) ;
#6757 = EDGE_CURVE ( 'NONE', #5939, #4765, #5886, .T. ) ;
#6758 = CARTESIAN_POINT ( 'NONE',  ( -2.175000000468748900, 0.7999999999999999300, 0.8499999997749972900 ) ) ;
#6759 = CARTESIAN_POINT ( 'NONE',  ( 1.524999999999999900, 0.7499999999999998900, -0.2500000001249999500 ) ) ;
#6760 = EDGE_LOOP ( 'NONE', ( #4461, #3729, #4607, #4074 ) ) ;
#6761 = DIRECTION ( 'NONE',  ( 0.0000000000000000000, 0.0000000000000000000, 1.000000000000000000 ) ) ;
#6762 = ORIENTED_EDGE ( 'NONE', *, *, #4245, .T. ) ;
#6763 = DIRECTION ( 'NONE',  ( 0.0000000000000000000, 0.0000000000000000000, 1.000000000000000000 ) ) ;
#6764 = EDGE_LOOP ( 'NONE', ( #4483, #2769, #4665, #7418 ) ) ;
#6765 = ADVANCED_FACE ( 'NONE', ( #4075 ), #485, .F. ) ;
#6766 = CIRCLE ( 'NONE', #3390, 0.1000000000000000500 ) ;
#6767 = ORIENTED_EDGE ( 'NONE', *, *, #593, .F. ) ;
#6768 = EDGE_CURVE ( 'NONE', #7270, #2016, #3600, .T. ) ;
#6769 = AXIS2_PLACEMENT_3D ( 'NONE', #1789, #1127, #512 ) ;
#6770 = ORIENTED_EDGE ( 'NONE', *, *, #4150, .F. ) ;
#6771 = VECTOR ( 'NONE', #2267, 1000.000000000000000 ) ;
#6772 = DIRECTION ( 'NONE',  ( 1.000000000000000000, 0.0000000000000000000, -0.0000000000000000000 ) ) ;
#6773 = CARTESIAN_POINT ( 'NONE',  ( -1.049999999999998900, 0.1500000000000000800, 1.899999999924999000 ) ) ;
#6774 = DIRECTION ( 'NONE',  ( 1.000000000000000000, -0.0000000000000000000, -0.0000000000000000000 ) ) ;
#6775 = DIRECTION ( 'NONE',  ( -0.0000000000000000000, 1.000000000000000000, -0.0000000000000000000 ) ) ;
#6776 = ORIENTED_EDGE ( 'NONE', *, *, #3943, .T. ) ;
#6777 = DIRECTION ( 'NONE',  ( -0.0000000000000000000, 1.000000000000000000, -0.0000000000000000000 ) ) ;
#6778 = VERTEX_POINT ( 'NONE', #5549 ) ;
#6779 = FACE_OUTER_BOUND ( 'NONE', #5048, .T. ) ;
#6780 = LINE ( 'NONE', #6114, #2917 ) ;
#6781 = ORIENTED_EDGE ( 'NONE', *, *, #5572, .T. ) ;
#6782 = DIRECTION ( 'NONE',  ( 0.0000000000000000000, 0.0000000000000000000, -1.000000000000000000 ) ) ;
#6783 = AXIS2_PLACEMENT_3D ( 'NONE', #4681, #6467, #423 ) ;
#6784 = ORIENTED_EDGE ( 'NONE', *, *, #3578, .F. ) ;
#6785 = CARTESIAN_POINT ( 'NONE',  ( 2.200656147411876400, 0.9499999999999936300, 1.089014761932505700 ) ) ;
#6786 = DIRECTION ( 'NONE',  ( 0.1299941854756611900, 0.0000000000000000000, 0.9915147561900020700 ) ) ;
#6787 = PLANE ( 'NONE',  #1197 ) ;
#6788 = EDGE_CURVE ( 'NONE', #1318, #1321, #5405, .T. ) ;
#6789 = VECTOR ( 'NONE', #6908, 1000.000000000000000 ) ;
#6790 = VERTEX_POINT ( 'NONE', #7444 ) ;
#6791 = ADVANCED_FACE ( 'NONE', ( #179 ), #58, .F. ) ;
#6792 = VECTOR ( 'NONE', #2145, 1000.000000000000000 ) ;
#6793 = EDGE_LOOP ( 'NONE', ( #6194, #7183, #7855, #6188, #751, #4062 ) ) ;
#6794 = AXIS2_PLACEMENT_3D ( 'NONE', #1590, #1559, #421 ) ;
#6795 = EDGE_CURVE ( 'NONE', #6599, #5604, #6831, .T. ) ;
#6796 = DIRECTION ( 'NONE',  ( -0.7071067811865561200, -0.0000000000000000000, -0.7071067811865388000 ) ) ;
#6797 = VERTEX_POINT ( 'NONE', #4729 ) ;
#6798 = EDGE_CURVE ( 'NONE', #1062, #2646, #3239, .T. ) ;
#6799 = PLANE ( 'NONE',  #5354 ) ;
#6800 = DIRECTION ( 'NONE',  ( -1.000000000000000000, 0.0000000000000000000, 0.0000000000000000000 ) ) ;
#6801 = CARTESIAN_POINT ( 'NONE',  ( 1.348727213428500700, 0.9444751167444146400, 1.094499127746349600 ) ) ;
#6802 =( BOUNDED_CURVE ( )  B_SPLINE_CURVE ( 3, ( #6535, #4144, #6159, #1983 ),
 .UNSPECIFIED., .F., .T. ) 
 B_SPLINE_CURVE_WITH_KNOTS ( ( 4, 4 ),
 ( 0.0000000000000000000, 1.621779413747545600 ),
 .UNSPECIFIED. ) 
 CURVE ( )  GEOMETRIC_REPRESENTATION_ITEM ( )  RATIONAL_B_SPLINE_CURVE ( ( 1.000000000000000000, 0.7925691712421014700, 0.7925691712421014700, 1.000000000000000000 ) ) 
 REPRESENTATION_ITEM ( '' )  );
#6803 = CARTESIAN_POINT ( 'NONE',  ( -2.500000000468749900, 0.7999999999999999300, -0.3500000001250008800 ) ) ;
#6804 = DIRECTION ( 'NONE',  ( -6.938893905433791600E-016, 0.0000000000000000000, -1.000000000000000000 ) ) ;
#6805 = LINE ( 'NONE', #2312, #1998 ) ;
#6806 = EDGE_LOOP ( 'NONE', ( #444, #2319, #1656 ) ) ;
#6807 = ORIENTED_EDGE ( 'NONE', *, *, #6436, .T. ) ;
#6808 = DIRECTION ( 'NONE',  ( -0.0000000000000000000, -0.0000000000000000000, -1.000000000000000000 ) ) ;
#6809 = CIRCLE ( 'NONE', #1566, 0.1000000000000000500 ) ;
#6810 = DIRECTION ( 'NONE',  ( 0.0000000000000000000, 0.0000000000000000000, 1.000000000000000000 ) ) ;
#6811 = ORIENTED_EDGE ( 'NONE', *, *, #6289, .F. ) ;
#6812 = DIRECTION ( 'NONE',  ( 0.0000000000000000000, 0.6427876096865429200, -0.7660444431189751300 ) ) ;
#6813 = ORIENTED_EDGE ( 'NONE', *, *, #1793, .T. ) ;
#6814 = VECTOR ( 'NONE', #672, 1000.000000000000000 ) ;
#6815 = ORIENTED_EDGE ( 'NONE', *, *, #1116, .T. ) ;
#6816 = DIRECTION ( 'NONE',  ( 1.000000000000000000, 0.0000000000000000000, 0.0000000000000000000 ) ) ;
#6817 = VECTOR ( 'NONE', #6874, 1000.000000000000000 ) ;
#6818 = ORIENTED_EDGE ( 'NONE', *, *, #5524, .T. ) ;
#6819 = VECTOR ( 'NONE', #2960, 1000.000000000000000 ) ;
#6820 = DIRECTION ( 'NONE',  ( -0.09343174671670150000, 0.0000000000000000000, 0.9956256870458224400 ) ) ;
#6821 = LINE ( 'NONE', #6619, #5600 ) ;
#6822 = ORIENTED_EDGE ( 'NONE', *, *, #7631, .F. ) ;
#6823 = EDGE_CURVE ( 'NONE', #2686, #7350, #3874, .T. ) ;
#6825 = PLANE ( 'NONE',  #1976 ) ;
#6824 = AXIS2_PLACEMENT_3D ( 'NONE', #4746, #7129, #3440 ) ;
#6826 = DIRECTION ( 'NONE',  ( -0.0000000000000000000, -1.000000000000000000, 0.0000000000000000000 ) ) ;
#6827 = CARTESIAN_POINT ( 'NONE',  ( 1.675000000000011600, 0.5999999999999999800, -1.600000000124974800 ) ) ;
#6828 = DIRECTION ( 'NONE',  ( 0.0000000000000000000, 1.000000000000000000, 0.0000000000000000000 ) ) ;
#6829 = DIRECTION ( 'NONE',  ( -0.0000000000000000000, -0.0000000000000000000, 1.000000000000000000 ) ) ;
#6830 = ORIENTED_EDGE ( 'NONE', *, *, #4354, .T. ) ;
#6831 = LINE ( 'NONE', #7876, #559 ) ;
#6832 = AXIS2_PLACEMENT_3D ( 'NONE', #2170, #1010, #5884 ) ;
#6833 = VECTOR ( 'NONE', #6544, 1000.000000000000000 ) ;
#6834 = ORIENTED_EDGE ( 'NONE', *, *, #1278, .F. ) ;
#6835 = ADVANCED_FACE ( 'NONE', ( #1446 ), #3044, .T. ) ;
#6836 = VECTOR ( 'NONE', #4021, 1000.000000000000000 ) ;
#6837 = EDGE_CURVE ( 'NONE', #1457, #4498, #2028, .T. ) ;
#6838 = LINE ( 'NONE', #1202, #4936 ) ;
#6839 = VERTEX_POINT ( 'NONE', #2393 ) ;
#6840 = CARTESIAN_POINT ( 'NONE',  ( -0.4749999999999887600, 0.5999999999999999800, -1.600000000125001400 ) ) ;
#6841 = DIRECTION ( 'NONE',  ( 0.0000000000000000000, 0.0000000000000000000, -1.000000000000000000 ) ) ;
#6842 = VERTEX_POINT ( 'NONE', #5424 ) ;
#6843 = CARTESIAN_POINT ( 'NONE',  ( 1.675000000000010900, 0.0000000000000000000, -1.500000000125000200 ) ) ;
#6844 = DIRECTION ( 'NONE',  ( 2.168404344971007700E-015, 0.0000000000000000000, 1.000000000000000000 ) ) ;
#6845 = CARTESIAN_POINT ( 'NONE',  ( -2.500000000468749500, 0.0000000000000000000, -0.4499999999499997800 ) ) ;
#6846 = ADVANCED_FACE ( 'NONE', ( #864 ), #1773, .F. ) ;
#6847 = LINE ( 'NONE', #6408, #6072 ) ;
#6848 = EDGE_LOOP ( 'NONE', ( #1312, #6457, #3393, #3706 ) ) ;
#6849 = VECTOR ( 'NONE', #337, 1000.000000000000100 ) ;
#6850 = EDGE_CURVE ( 'NONE', #3057, #7811, #7128, .T. ) ;
#6851 = VERTEX_POINT ( 'NONE', #5979 ) ;
#6852 = CARTESIAN_POINT ( 'NONE',  ( -1.077692881735696600, 0.7999999999999999300, 0.9732701105718156700 ) ) ;
#6853 = EDGE_CURVE ( 'NONE', #4092, #4372, #1053, .T. ) ;
#6854 = EDGE_CURVE ( 'NONE', #5070, #7882, #2299, .T. ) ;
#6856 = LINE ( 'NONE', #3732, #298 ) ;
#6855 = DIRECTION ( 'NONE',  ( -0.0000000000000000000, 1.000000000000000000, -0.0000000000000000000 ) ) ;
#6857 = CARTESIAN_POINT ( 'NONE',  ( 1.599999999999999600, 0.7999999999999999300, -0.5982233048283637200 ) ) ;
#6858 = ORIENTED_EDGE ( 'NONE', *, *, #6225, .T. ) ;
#6859 = CARTESIAN_POINT ( 'NONE',  ( 0.9750000000000009800, 1.050000000000000000, 1.649999999924999000 ) ) ;
#6860 = DIRECTION ( 'NONE',  ( 1.000000000000000000, 0.0000000000000000000, 0.0000000000000000000 ) ) ;
#6861 = CARTESIAN_POINT ( 'NONE',  ( 1.042011618257584900, 0.8602915151931415100, 1.023860698733500600 ) ) ;
#6862 = LINE ( 'NONE', #90, #6269 ) ;
#6863 = VERTEX_POINT ( 'NONE', #1105 ) ;
#6864 = DIRECTION ( 'NONE',  ( -1.000000000000000000, 0.0000000000000000000, -7.047314121155794600E-015 ) ) ;
#6865 = LINE ( 'NONE', #2187, #1386 ) ;
#6866 = ORIENTED_EDGE ( 'NONE', *, *, #274, .F. ) ;
#6867 = CARTESIAN_POINT ( 'NONE',  ( 0.9750000000000009800, 1.050000000000000000, 1.899999999924999000 ) ) ;
#6868 = EDGE_LOOP ( 'NONE', ( #5696, #7306, #3807, #4755, #5115, #4786, #4804, #3509, #6092, #27, #2174 ) ) ;
#6869 = PLANE ( 'NONE',  #4132 ) ;
#6870 = CARTESIAN_POINT ( 'NONE',  ( 1.672500000000000100, 0.0000000000000000000, -0.7000000001249999700 ) ) ;
#6871 = CYLINDRICAL_SURFACE ( 'NONE', #1516, 0.1000000000000000500 ) ;
#6872 = CARTESIAN_POINT ( 'NONE',  ( -1.111611652351681700, 0.7999999999999999300, -0.2866116524766814700 ) ) ;
#6873 = FACE_OUTER_BOUND ( 'NONE', #342, .T. ) ;
#6874 = DIRECTION ( 'NONE',  ( -0.0000000000000000000, 1.000000000000000000, -0.0000000000000000000 ) ) ;
#6875 = ORIENTED_EDGE ( 'NONE', *, *, #956, .F. ) ;
#6876 = ORIENTED_EDGE ( 'NONE', *, *, #1174, .T. ) ;
#6877 = LINE ( 'NONE', #5187, #4212 ) ;
#6878 = ADVANCED_FACE ( 'NONE', ( #377 ), #2975, .F. ) ;
#6879 = AXIS2_PLACEMENT_3D ( 'NONE', #3608, #4235, #7861 ) ;
#6880 = ORIENTED_EDGE ( 'NONE', *, *, #1737, .T. ) ;
#6881 = VERTEX_POINT ( 'NONE', #6586 ) ;
#6882 = CARTESIAN_POINT ( 'NONE',  ( -0.8749999999999996700, 0.7999999999999999300, -0.2500000001250000700 ) ) ;
#6883 = ADVANCED_FACE ( 'NONE', ( #4828 ), #3159, .T. ) ;
#6884 = DIRECTION ( 'NONE',  ( -0.0000000000000000000, 1.000000000000000000, -0.0000000000000000000 ) ) ;
#6885 = EDGE_CURVE ( 'NONE', #6778, #1148, #1738, .T. ) ;
#6886 = LINE ( 'NONE', #5259, #431 ) ;
#6887 = VERTEX_POINT ( 'NONE', #1869 ) ;
#6888 = DIRECTION ( 'NONE',  ( 0.0000000000000000000, 0.0000000000000000000, 1.000000000000000000 ) ) ;
#6889 = VERTEX_POINT ( 'NONE', #6125 ) ;
#6890 = CARTESIAN_POINT ( 'NONE',  ( -0.3250000000000000100, 0.8499999999999996400, -0.2500000001249999500 ) ) ;
#6891 = CARTESIAN_POINT ( 'NONE',  ( 1.599999999999999900, 0.7999999999999999300, -0.7000000001249999700 ) ) ;
#6892 = DIRECTION ( 'NONE',  ( -6.505213034913023400E-015, 0.0000000000000000000, 1.000000000000000000 ) ) ;
#6893 = AXIS2_PLACEMENT_3D ( 'NONE', #3220, #4404, #2123 ) ;
#6894 = LINE ( 'NONE', #6539, #5854 ) ;
#6895 = ORIENTED_EDGE ( 'NONE', *, *, #5121, .T. ) ;
#6896 = CARTESIAN_POINT ( 'NONE',  ( -0.7249999999999895400, 0.1000000000000000500, -1.500000000125000000 ) ) ;
#6897 = EDGE_CURVE ( 'NONE', #7405, #5041, #3833, .T. ) ;
#6898 = DIRECTION ( 'NONE',  ( 0.0000000000000000000, -0.0000000000000000000, -1.000000000000000000 ) ) ;
#6899 = EDGE_CURVE ( 'NONE', #3745, #7403, #5027, .T. ) ;
#6900 = EDGE_CURVE ( 'NONE', #6570, #2493, #2210, .T. ) ;
#6901 = CIRCLE ( 'NONE', #1364, 0.1250000000000000000 ) ;
#6902 = ORIENTED_EDGE ( 'NONE', *, *, #7011, .F. ) ;
#6903 =( BOUNDED_CURVE ( )  B_SPLINE_CURVE ( 3, ( #7406, #2513, #1994, #1320 ),
 .UNSPECIFIED., .F., .F. ) 
 B_SPLINE_CURVE_WITH_KNOTS ( ( 4, 4 ),
 ( 1.409193486633856900, 1.440433211378227900 ),
 .UNSPECIFIED. ) 
 CURVE ( )  GEOMETRIC_REPRESENTATION_ITEM ( )  RATIONAL_B_SPLINE_CURVE ( ( 1.000000000000000000, 0.9999186749533192100, 0.9999186749533192100, 1.000000000000000000 ) ) 
 REPRESENTATION_ITEM ( '' )  );
#6904 = CYLINDRICAL_SURFACE ( 'NONE', #7239, 0.1500000000000001900 ) ;
#6905 = ORIENTED_EDGE ( 'NONE', *, *, #7787, .T. ) ;
#6906 = VECTOR ( 'NONE', #6184, 1000.000000000000000 ) ;
#6907 = EDGE_CURVE ( 'NONE', #4765, #1463, #4457, .T. ) ;
#6908 = DIRECTION ( 'NONE',  ( -0.0000000000000000000, -1.000000000000000000, -0.0000000000000000000 ) ) ;
#6909 = PLANE ( 'NONE',  #4544 ) ;
#6910 = ADVANCED_FACE ( 'NONE', ( #1827 ), #15, .T. ) ;
#6911 = CYLINDRICAL_SURFACE ( 'NONE', #6050, 0.07499999999999998300 ) ;
#6912 = ORIENTED_EDGE ( 'NONE', *, *, #3799, .F. ) ;
#6913 = ORIENTED_EDGE ( 'NONE', *, *, #7566, .F. ) ;
#6914 = FACE_OUTER_BOUND ( 'NONE', #1297, .T. ) ;
#6915 = CARTESIAN_POINT ( 'NONE',  ( 1.200000000000000400, 1.200000000000000000, 1.269081745102117500 ) ) ;
#6916 = CARTESIAN_POINT ( 'NONE',  ( 0.1500000000000009400, 0.1500000000000000800, 1.899999999924999000 ) ) ;
#6917 = VERTEX_POINT ( 'NONE', #5532 ) ;
#6918 = VERTEX_POINT ( 'NONE', #4906 ) ;
#6919 = CARTESIAN_POINT ( 'NONE',  ( 1.800000000000000700, 0.5999999999999999800, 1.399999999924999000 ) ) ;
#6920 = DIRECTION ( 'NONE',  ( 0.0000000000000000000, 0.0000000000000000000, 1.000000000000000000 ) ) ;
#6921 = DIRECTION ( 'NONE',  ( -0.7071067811865483500, -0.0000000000000000000, 0.7071067811865468000 ) ) ;
#6922 = AXIS2_PLACEMENT_3D ( 'NONE', #1576, #981, #7736 ) ;
#6923 = CARTESIAN_POINT ( 'NONE',  ( -1.200000000000000200, 1.200000000000000000, -0.3750000001249999500 ) ) ;
#6924 = FACE_BOUND ( 'NONE', #6503, .T. ) ;
#6925 = ADVANCED_FACE ( 'NONE', ( #761 ), #70, .F. ) ;
#6926 = EDGE_LOOP ( 'NONE', ( #4317, #3029, #6933, #202 ) ) ;
#6927 = FACE_OUTER_BOUND ( 'NONE', #3137, .T. ) ;
#6928 = ORIENTED_EDGE ( 'NONE', *, *, #129, .T. ) ;
#6929 = PLANE ( 'NONE',  #2865 ) ;
#6930 = DIRECTION ( 'NONE',  ( 2.891205795222149400E-015, 0.0000000000000000000, -1.000000000000000000 ) ) ;
#6931 = VECTOR ( 'NONE', #2361, 1000.000000000000000 ) ;
#6932 = CARTESIAN_POINT ( 'NONE',  ( 0.1526518533805866800, 1.060037016659558100, 1.191467075343293200 ) ) ;
#6933 = ORIENTED_EDGE ( 'NONE', *, *, #296, .T. ) ;
#6934 = EDGE_CURVE ( 'NONE', #3345, #291, #6630, .T. ) ;
#6935 = ORIENTED_EDGE ( 'NONE', *, *, #7787, .F. ) ;
#6936 = PLANE ( 'NONE',  #3980 ) ;
#6937 = CARTESIAN_POINT ( 'NONE',  ( 1.425000000000001200, 1.000000000000000000, 1.899999999924999000 ) ) ;
#6938 = CARTESIAN_POINT ( 'NONE',  ( 0.0000000000000000000, 0.5999999999999999800, 0.0000000000000000000 ) ) ;
#6939 = CARTESIAN_POINT ( 'NONE',  ( -0.4724999999999998100, 0.0000000000000000000, 0.0000000000000000000 ) ) ;
#6940 = LINE ( 'NONE', #4419, #665 ) ;
#6941 = ORIENTED_EDGE ( 'NONE', *, *, #818, .T. ) ;
#6942 = ORIENTED_EDGE ( 'NONE', *, *, #6693, .F. ) ;
#6943 = CARTESIAN_POINT ( 'NONE',  ( 1.350000000000001200, 0.1500000000000000800, 1.649999999924999000 ) ) ;
#6944 = EDGE_CURVE ( 'NONE', #208, #3367, #1244, .T. ) ;
#6945 = ORIENTED_EDGE ( 'NONE', *, *, #6546, .F. ) ;
#6946 = DIRECTION ( 'NONE',  ( 0.6459985930362554000, 0.7633385997021101500, -7.725393676627910500E-016 ) ) ;
#6947 = DIRECTION ( 'NONE',  ( -1.000000000000000000, -0.0000000000000000000, -0.0000000000000000000 ) ) ;
#6948 = ORIENTED_EDGE ( 'NONE', *, *, #4643, .F. ) ;
#6949 = CARTESIAN_POINT ( 'NONE',  ( 1.800000000000000700, 0.5999999999999999800, 1.399999999924999000 ) ) ;
#6950 = CYLINDRICAL_SURFACE ( 'NONE', #632, 0.1000000000000000500 ) ;
#6951 = EDGE_LOOP ( 'NONE', ( #6834, #2944, #5142, #6781 ) ) ;
#6952 = ORIENTED_EDGE ( 'NONE', *, *, #4770, .T. ) ;
#6953 = ADVANCED_FACE ( 'NONE', ( #6927 ), #819, .T. ) ;
#6954 = DIRECTION ( 'NONE',  ( -0.0000000000000000000, -1.000000000000000000, -0.0000000000000000000 ) ) ;
#6955 = VERTEX_POINT ( 'NONE', #6882 ) ;
#6956 = EDGE_CURVE ( 'NONE', #2701, #2833, #467, .T. ) ;
#6957 = DIRECTION ( 'NONE',  ( 0.0000000000000000000, 1.000000000000000000, 0.0000000000000000000 ) ) ;
#6958 = ORIENTED_EDGE ( 'NONE', *, *, #911, .F. ) ;
#6959 = EDGE_CURVE ( 'NONE', #1614, #4498, #7890, .T. ) ;
#6960 = EDGE_CURVE ( 'NONE', #1062, #7469, #7311, .T. ) ;
#6961 = CARTESIAN_POINT ( 'NONE',  ( -2.749999999999999600, 0.4253461364713247400, -1.200000000149999500 ) ) ;
#6962 = LINE ( 'NONE', #6349, #689 ) ;
#6963 = ORIENTED_EDGE ( 'NONE', *, *, #7568, .F. ) ;
#6964 = DIRECTION ( 'NONE',  ( 0.0000000000000000000, -0.0000000000000000000, -1.000000000000000000 ) ) ;
#6965 = ADVANCED_FACE ( 'NONE', ( #4636 ), #7695, .T. ) ;
#6966 = CARTESIAN_POINT ( 'NONE',  ( -0.1499999999999990000, 0.1500000000000000800, 1.649999999924999000 ) ) ;
#6967 = DIRECTION ( 'NONE',  ( -0.0000000000000000000, 1.000000000000000000, -0.0000000000000000000 ) ) ;
#6968 = ORIENTED_EDGE ( 'NONE', *, *, #1612, .F. ) ;
#6969 = ORIENTED_EDGE ( 'NONE', *, *, #2650, .T. ) ;
#6970 = LINE ( 'NONE', #2193, #4114 ) ;
#6971 = CARTESIAN_POINT ( 'NONE',  ( 2.074999999999999700, 1.200000000000000000, -0.2500000001249999500 ) ) ;
#6972 = ORIENTED_EDGE ( 'NONE', *, *, #6073, .T. ) ;
#6973 = DIRECTION ( 'NONE',  ( -0.0000000000000000000, -1.000000000000000000, -0.0000000000000000000 ) ) ;
#6974 = ORIENTED_EDGE ( 'NONE', *, *, #4199, .F. ) ;
#6975 = DIRECTION ( 'NONE',  ( 0.0000000000000000000, 0.0000000000000000000, 1.000000000000000000 ) ) ;
#6976 = CARTESIAN_POINT ( 'NONE',  ( 0.1500000000000009400, 1.049999999999999800, 1.899999999924999000 ) ) ;
#6977 = FACE_OUTER_BOUND ( 'NONE', #863, .T. ) ;
#6978 = DIRECTION ( 'NONE',  ( 0.0000000000000000000, 0.0000000000000000000, 1.000000000000000000 ) ) ;
#6979 = CARTESIAN_POINT ( 'NONE',  ( -1.081084586324397600, 0.7999999999999999300, 0.9991399226409435300 ) ) ;
#6980 = LINE ( 'NONE', #7635, #518 ) ;
#6981 = ORIENTED_EDGE ( 'NONE', *, *, #6795, .F. ) ;
#6982 = EDGE_CURVE ( 'NONE', #24, #3473, #3788, .T. ) ;
#6983 = EDGE_LOOP ( 'NONE', ( #5163, #7057, #1596 ) ) ;
#6984 = DIRECTION ( 'NONE',  ( -2.130550946511894600E-015, 0.0000000000000000000, 1.000000000000000000 ) ) ;
#6985 = ORIENTED_EDGE ( 'NONE', *, *, #5628, .F. ) ;
#6986 = AXIS2_PLACEMENT_3D ( 'NONE', #2613, #7495, #2084 ) ;
#6987 = LINE ( 'NONE', #4942, #4511 ) ;
#6988 = ORIENTED_EDGE ( 'NONE', *, *, #1737, .F. ) ;
#6989 = DIRECTION ( 'NONE',  ( 7.589415207398792900E-015, -0.0000000000000000000, -1.000000000000000000 ) ) ;
#6990 = CARTESIAN_POINT ( 'NONE',  ( -0.1485241560427744700, 0.9463208992064706700, 1.096047923129494400 ) ) ;
#6991 = EDGE_CURVE ( 'NONE', #99, #483, #5697, .T. ) ;
#6992 = CARTESIAN_POINT ( 'NONE',  ( -0.1526518533805867100, 1.060037016659558100, 1.191467075343293200 ) ) ;
#6993 = VECTOR ( 'NONE', #2999, 1000.000000000000000 ) ;
#6994 = EDGE_LOOP ( 'NONE', ( #1082, #7173, #2806, #6876, #5663 ) ) ;
#6995 = ADVANCED_FACE ( 'NONE', ( #5307 ), #1966, .F. ) ;
#6996 = ORIENTED_EDGE ( 'NONE', *, *, #5890, .F. ) ;
#6997 = DIRECTION ( 'NONE',  ( -1.000000000000000000, 0.0000000000000000000, -0.0000000000000000000 ) ) ;
#6998 = AXIS2_PLACEMENT_3D ( 'NONE', #3802, #726, #4976 ) ;
#6999 = CARTESIAN_POINT ( 'NONE',  ( -2.500000000468749500, 1.200000000000000000, -0.5499999999499998200 ) ) ;
#7000 = DIRECTION ( 'NONE',  ( -1.000000000000000000, -0.0000000000000000000, -9.974659986866623400E-015 ) ) ;
#7001 = VECTOR ( 'NONE', #2893, 1000.000000000000100 ) ;
#7002 = CARTESIAN_POINT ( 'NONE',  ( 1.299999999687498900, 1.200000000000000000, -1.799999999925000300 ) ) ;
#7003 = ORIENTED_EDGE ( 'NONE', *, *, #3447, .F. ) ;
#7004 = EDGE_CURVE ( 'NONE', #5540, #3345, #6448, .T. ) ;
#7005 = LINE ( 'NONE', #1225, #3946 ) ;
#7006 = ADVANCED_FACE ( 'NONE', ( #2117 ), #3711, .F. ) ;
#7007 = CARTESIAN_POINT ( 'NONE',  ( 2.175000000000000700, 1.000000000000000000, 1.649999999924999000 ) ) ;
#7008 = ORIENTED_EDGE ( 'NONE', *, *, #498, .T. ) ;
#7009 = DIRECTION ( 'NONE',  ( -0.9956256870458225500, 0.0000000000000000000, 0.09343174671670151400 ) ) ;
#7010 = EDGE_CURVE ( 'NONE', #6417, #7525, #6062, .T. ) ;
#7011 = EDGE_CURVE ( 'NONE', #30, #4008, #3693, .T. ) ;
#7012 = DIRECTION ( 'NONE',  ( -0.0000000000000000000, -1.000000000000000000, -0.0000000000000000000 ) ) ;
#7013 = ORIENTED_EDGE ( 'NONE', *, *, #4432, .T. ) ;
#7014 = VERTEX_POINT ( 'NONE', #7032 ) ;
#7015 = FACE_OUTER_BOUND ( 'NONE', #3228, .T. ) ;
#7016 = ORIENTED_EDGE ( 'NONE', *, *, #3841, .F. ) ;
#7017 = AXIS2_PLACEMENT_3D ( 'NONE', #3549, #3023, #3049 ) ;
#7018 = CIRCLE ( 'NONE', #2736, 0.1250000000000000000 ) ;
#7019 = PLANE ( 'NONE',  #2796 ) ;
#7020 = CARTESIAN_POINT ( 'NONE',  ( -2.197193853384645600, 0.8939695520413333300, 1.052119927031593500 ) ) ;
#7021 = CARTESIAN_POINT ( 'NONE',  ( -0.6961383337822657500, 1.579377145022306600, 1.627245185508040800 ) ) ;
#7022 = ORIENTED_EDGE ( 'NONE', *, *, #7721, .F. ) ;
#7023 = VECTOR ( 'NONE', #5249, 1000.000000000000000 ) ;
#7024 = EDGE_LOOP ( 'NONE', ( #7647, #4030, #5074, #7240 ) ) ;
#7025 = LINE ( 'NONE', #4868, #1830 ) ;
#7026 = ORIENTED_EDGE ( 'NONE', *, *, #396, .F. ) ;
#7027 = LINE ( 'NONE', #5577, #5792 ) ;
#7028 = CARTESIAN_POINT ( 'NONE',  ( -2.500000000468749500, 0.7999999999999999300, -0.5499999999499998200 ) ) ;
#7029 = ORIENTED_EDGE ( 'NONE', *, *, #6486, .T. ) ;
#7030 = VECTOR ( 'NONE', #7265, 1000.000000000000000 ) ;
#7031 = PLANE ( 'NONE',  #2582 ) ;
#7032 = CARTESIAN_POINT ( 'NONE',  ( -0.1223071182643031800, 0.7999999999999999300, 0.9732701105718156700 ) ) ;
#7033 = DIRECTION ( 'NONE',  ( 0.0000000000000000000, 0.0000000000000000000, 1.000000000000000000 ) ) ;
#7034 = LINE ( 'NONE', #1628, #1448 ) ;
#7035 = ORIENTED_EDGE ( 'NONE', *, *, #221, .F. ) ;
#7036 = CARTESIAN_POINT ( 'NONE',  ( 0.3999999999999998000, 1.200000000000000000, -0.5982233048283635000 ) ) ;
#7037 = VECTOR ( 'NONE', #804, 1000.000000000000000 ) ;
#7038 = CIRCLE ( 'NONE', #7682, 0.1940817451771168800 ) ;
#7039 = EDGE_LOOP ( 'NONE', ( #666, #4210, #5299, #5699 ) ) ;
#7040 = DIRECTION ( 'NONE',  ( -1.000000000000000000, 0.0000000000000000000, 6.195440996141578300E-016 ) ) ;
#7041 = AXIS2_PLACEMENT_3D ( 'NONE', #4792, #3631, #3604 ) ;
#7042 = ORIENTED_EDGE ( 'NONE', *, *, #7045, .F. ) ;
#7043 = VECTOR ( 'NONE', #4546, 1000.000000000000000 ) ;
#7044 = CARTESIAN_POINT ( 'NONE',  ( -2.204378500868753800, 0.8189695520413333700, 0.8499999997749972900 ) ) ;
#7045 = EDGE_CURVE ( 'NONE', #2590, #7105, #7113, .T. ) ;
#7046 = CARTESIAN_POINT ( 'NONE',  ( -0.8749999999999996700, 0.7499999999999998900, -0.2500000001249999500 ) ) ;
#7047 = VERTEX_POINT ( 'NONE', #7062 ) ;
#7048 = VECTOR ( 'NONE', #5559, 1000.000000000000000 ) ;
#7049 = ORIENTED_EDGE ( 'NONE', *, *, #7166, .T. ) ;
#7050 = CARTESIAN_POINT ( 'NONE',  ( 1.350000000000001200, 0.1500000000000000800, 1.899999999924999000 ) ) ;
#7051 = DIRECTION ( 'NONE',  ( 0.0000000000000000000, -1.000000000000000000, 0.0000000000000000000 ) ) ;
#7052 = DIRECTION ( 'NONE',  ( 0.1750888650302255000, -0.9845526341148185300, -0.0000000000000000000 ) ) ;
#7053 = FACE_OUTER_BOUND ( 'NONE', #4882, .T. ) ;
#7054 = EDGE_LOOP ( 'NONE', ( #97, #3904, #1014, #4049, #6981, #2498, #330, #2212, #3284, #2330, #5737 ) ) ;
#7055 = VECTOR ( 'NONE', #3319, 1000.000000000000000 ) ;
#7056 = EDGE_CURVE ( 'NONE', #6085, #2686, #7401, .T. ) ;
#7057 = ORIENTED_EDGE ( 'NONE', *, *, #5312, .T. ) ;
#7058 = DIRECTION ( 'NONE',  ( -0.7071067811865454600, 0.0000000000000000000, 0.7071067811865495700 ) ) ;
#7059 = CARTESIAN_POINT ( 'NONE',  ( 0.2250000000000009200, 1.000000000000000000, 1.649999999924999000 ) ) ;
#7060 = FACE_OUTER_BOUND ( 'NONE', #5672, .T. ) ;
#7061 = EDGE_CURVE ( 'NONE', #680, #6881, #367, .T. ) ;
#7062 = CARTESIAN_POINT ( 'NONE',  ( 0.3250000000000000100, 0.8499999999999996400, -0.2500000001250002300 ) ) ;
#7063 = DIRECTION ( 'NONE',  ( 0.1750888650302230300, 0.9845526341148188600, -0.0000000000000000000 ) ) ;
#7064 = ORIENTED_EDGE ( 'NONE', *, *, #7168, .T. ) ;
#7065 = DIRECTION ( 'NONE',  ( 0.0000000000000000000, 0.0000000000000000000, -1.000000000000000000 ) ) ;
#7066 = DIRECTION ( 'NONE',  ( 1.000000000000000000, 0.0000000000000000000, 0.0000000000000000000 ) ) ;
#7067 = VERTEX_POINT ( 'NONE', #2858 ) ;
#7068 = VECTOR ( 'NONE', #413, 999.9999999999998900 ) ;
#7069 = DIRECTION ( 'NONE',  ( 0.0000000000000000000, 1.000000000000000000, -0.0000000000000000000 ) ) ;
#7070 = AXIS2_PLACEMENT_3D ( 'NONE', #3620, #5346, #7268 ) ;
#7071 = EDGE_CURVE ( 'NONE', #1530, #7315, #2862, .T. ) ;
#7072 = EDGE_CURVE ( 'NONE', #1956, #5822, #4248, .T. ) ;
#7073 = CARTESIAN_POINT ( 'NONE',  ( 1.524999999999999900, 0.8500000000000004200, -0.2500000001249999500 ) ) ;
#7074 = ORIENTED_EDGE ( 'NONE', *, *, #5431, .F. ) ;
#7075 = VECTOR ( 'NONE', #5808, 1000.000000000000000 ) ;
#7076 = CARTESIAN_POINT ( 'NONE',  ( -1.569458990551492400, 1.200000000000000000, -0.2500000001249999500 ) ) ;
#7077 = DIRECTION ( 'NONE',  ( 0.0000000000000000000, -0.0000000000000000000, -1.000000000000000000 ) ) ;
#7078 = ORIENTED_EDGE ( 'NONE', *, *, #5256, .F. ) ;
#7079 = MECHANICAL_DESIGN_GEOMETRIC_PRESENTATION_REPRESENTATION (  '', ( #1662 ), #3013 ) ;
#7080 = EDGE_LOOP ( 'NONE', ( #4435, #1634, #79, #2055 ) ) ;
#7081 = ADVANCED_FACE ( 'NONE', ( #7879 ), #4000, .F. ) ;
#7082 = CARTESIAN_POINT ( 'NONE',  ( -2.074999999999999700, 0.7999999999999999300, -0.2500000001249999500 ) ) ;
#7083 = VECTOR ( 'NONE', #980, 1000.000000000000100 ) ;
#7084 = CARTESIAN_POINT ( 'NONE',  ( 1.925000000000004000, 0.0000000000000000000, -0.7000000001249999700 ) ) ;
#7085 = EDGE_LOOP ( 'NONE', ( #7687, #3767 ) ) ;
#7086 = CARTESIAN_POINT ( 'NONE',  ( 2.175000000468748900, 0.8189695520413333700, 0.9249999997749972500 ) ) ;
#7087 = CARTESIAN_POINT ( 'NONE',  ( 2.710265396141691600, 0.2000000000000000700, -1.200000000150000400 ) ) ;
#7088 = ORIENTED_EDGE ( 'NONE', *, *, #7594, .F. ) ;
#7089 = CARTESIAN_POINT ( 'NONE',  ( 2.204378500868753800, 0.8189695520413333700, 0.8499999997749972900 ) ) ;
#7090 = LINE ( 'NONE', #1845, #7664 ) ;
#7091 = EDGE_CURVE ( 'NONE', #2001, #3292, #2200, .T. ) ;
#7092 = CARTESIAN_POINT ( 'NONE',  ( 2.180033009990746300, 0.8775722465231374800, 0.8692508584895741700 ) ) ;
#7093 = EDGE_LOOP ( 'NONE', ( #4964, #6776, #4505, #273 ) ) ;
#7094 = DIRECTION ( 'NONE',  ( -1.000000000000000000, 2.891205793294662500E-015, -0.0000000000000000000 ) ) ;
#7095 = DIRECTION ( 'NONE',  ( -0.7071067811865489100, -0.0000000000000000000, 0.7071067811865462400 ) ) ;
#7096 = DIRECTION ( 'NONE',  ( 1.000000000000000000, -0.0000000000000000000, 0.0000000000000000000 ) ) ;
#7097 = VECTOR ( 'NONE', #2294, 1000.000000000000000 ) ;
#7098 = ORIENTED_EDGE ( 'NONE', *, *, #1077, .F. ) ;
#7099 = CARTESIAN_POINT ( 'NONE',  ( -0.2249999999999989500, 1.050000000000000000, 1.899999999924999000 ) ) ;
#7100 = DIRECTION ( 'NONE',  ( -0.0000000000000000000, -1.000000000000000000, -0.0000000000000000000 ) ) ;
#7101 = EDGE_CURVE ( 'NONE', #2895, #7626, #1137, .T. ) ;
#7102 = EDGE_CURVE ( 'NONE', #1804, #5474, #4063, .T. ) ;
#7103 = LINE ( 'NONE', #5180, #1717 ) ;
#7104 = CARTESIAN_POINT ( 'NONE',  ( -2.074999999999999300, 0.5999999999999999800, 1.399999999924999000 ) ) ;
#7105 = VERTEX_POINT ( 'NONE', #4706 ) ;
#7106 = CARTESIAN_POINT ( 'NONE',  ( 2.200656147411876400, 0.9499999999999936300, 1.089014761932505700 ) ) ;
#7107 = LINE ( 'NONE', #6859, #6906 ) ;
#7108 = CARTESIAN_POINT ( 'NONE',  ( 1.200000000000000400, 0.9499999999999936300, 1.224999999925000700 ) ) ;
#7109 = CARTESIAN_POINT ( 'NONE',  ( -2.674999999999999400, 0.0000000000000000000, -1.500000000124999600 ) ) ;
#7110 = DIRECTION ( 'NONE',  ( -1.065275473255936100E-015, -0.0000000000000000000, 1.000000000000000000 ) ) ;
#7111 = CARTESIAN_POINT ( 'NONE',  ( -1.434087736990205600, 0.7425743178240150600, -0.2500000001249999500 ) ) ;
#7112 = VECTOR ( 'NONE', #6921, 1000.000000000000000 ) ;
#7113 = LINE ( 'NONE', #3201, #5488 ) ;
#7114 = VERTEX_POINT ( 'NONE', #6540 ) ;
#7115 = DIRECTION ( 'NONE',  ( 1.587276273760917900E-015, 0.0000000000000000000, 1.000000000000000000 ) ) ;
#7116 = ORIENTED_EDGE ( 'NONE', *, *, #1283, .F. ) ;
#7117 = VECTOR ( 'NONE', #504, 1000.000000000000000 ) ;
#7118 = EDGE_CURVE ( 'NONE', #7412, #6018, #7688, .T. ) ;
#7119 = EDGE_CURVE ( 'NONE', #4935, #873, #7739, .T. ) ;
#7120 = ORIENTED_EDGE ( 'NONE', *, *, #6025, .T. ) ;
#7121 = ORIENTED_EDGE ( 'NONE', *, *, #6420, .T. ) ;
#7122 = FILL_AREA_STYLE ('',( #4105 ) ) ;
#7123 = CARTESIAN_POINT ( 'NONE',  ( 1.051272786571499500, 0.9499999999999936300, 1.094499127746349600 ) ) ;
#7124 = CARTESIAN_POINT ( 'NONE',  ( -1.999999999999999600, 1.200000000000000000, -0.5750000001249999700 ) ) ;
#7125 = LINE ( 'NONE', #2839, #5690 ) ;
#7126 = CARTESIAN_POINT ( 'NONE',  ( -1.349999999999998800, 0.1499999999999999700, 1.649999999924999000 ) ) ;
#7127 = EDGE_LOOP ( 'NONE', ( #7865, #6375, #4916, #7724, #4540, #6830, #925, #987, #7571, #4109, #2641, #5264, #6813, #4288, #1511, #6895, #6577, #3252, #2484, #4098, #2403, #5496, #2180, #5528, #2122 ) ) ;
#7128 = LINE ( 'NONE', #6052, #4922 ) ;
#7129 = DIRECTION ( 'NONE',  ( -0.7626935249879719400, -0.6427876096865335900, 0.07157287038322947300 ) ) ;
#7130 = VECTOR ( 'NONE', #4274, 1000.000000000000000 ) ;
#7131 = ORIENTED_EDGE ( 'NONE', *, *, #4042, .F. ) ;
#7132 = CARTESIAN_POINT ( 'NONE',  ( 1.000000000281248400, 0.1000000000000000500, -1.500000000125000200 ) ) ;
#7133 = CARTESIAN_POINT ( 'NONE',  ( -2.249999999999999100, 1.050000000000000000, 1.649999999924999000 ) ) ;
#7134 = CARTESIAN_POINT ( 'NONE',  ( 2.710265396141691600, 0.2000000000000000700, -1.200000000150000400 ) ) ;
#7135 = CARTESIAN_POINT ( 'NONE',  ( 2.749999999999997800, 1.200000000000000000, -1.200000000150000400 ) ) ;
#7136 = LINE ( 'NONE', #4347, #7408 ) ;
#7137 = CARTESIAN_POINT ( 'NONE',  ( 2.175000000468748900, 0.7999999999999999300, 0.8499999997749972900 ) ) ;
#7138 = ORIENTED_EDGE ( 'NONE', *, *, #604, .T. ) ;
#7139 = LINE ( 'NONE', #7910, #7897 ) ;
#7140 = DIRECTION ( 'NONE',  ( 1.084202172553266800E-015, 0.0000000000000000000, 1.000000000000000000 ) ) ;
#7141 = EDGE_LOOP ( 'NONE', ( #7338, #5848, #5329, #5127, #6331 ) ) ;
#7142 = AXIS2_PLACEMENT_3D ( 'NONE', #1458, #5634, #2022 ) ;
#7143 = CARTESIAN_POINT ( 'NONE',  ( 0.6000000000000006400, 0.5999999999999999800, 1.399999999924999000 ) ) ;
#7144 = VERTEX_POINT ( 'NONE', #2927 ) ;
#7145 = VECTOR ( 'NONE', #6920, 1000.000000000000000 ) ;
#7146 = CARTESIAN_POINT ( 'NONE',  ( 1.199999999999999700, 1.200000000000000000, -0.2500000001249989600 ) ) ;
#7147 = DIRECTION ( 'NONE',  ( 0.0000000000000000000, -0.0000000000000000000, 1.000000000000000000 ) ) ;
#7148 = AXIS2_PLACEMENT_3D ( 'NONE', #6827, #2586, #7369 ) ;
#7149 = VERTEX_POINT ( 'NONE', #1108 ) ;
#7150 = LINE ( 'NONE', #1825, #1466 ) ;
#7151 = ORIENTED_EDGE ( 'NONE', *, *, #498, .F. ) ;
#7152 = EDGE_CURVE ( 'NONE', #1614, #89, #1347, .T. ) ;
#7153 = VERTEX_POINT ( 'NONE', #1141 ) ;
#7154 = ORIENTED_EDGE ( 'NONE', *, *, #2440, .F. ) ;
#7155 = DIRECTION ( 'NONE',  ( 0.0000000000000000000, 0.0000000000000000000, 1.000000000000000000 ) ) ;
#7156 = ORIENTED_EDGE ( 'NONE', *, *, #3109, .T. ) ;
#7157 =( BOUNDED_CURVE ( )  B_SPLINE_CURVE ( 3, ( #2503, #2397, #6105, #3100 ),
 .UNSPECIFIED., .F., .T. ) 
 B_SPLINE_CURVE_WITH_KNOTS ( ( 4, 4 ),
 ( 3.141592653589786900, 4.712388980384682600 ),
 .UNSPECIFIED. ) 
 CURVE ( )  GEOMETRIC_REPRESENTATION_ITEM ( )  RATIONAL_B_SPLINE_CURVE ( ( 1.000000000000000000, 0.8047378541243652700, 0.8047378541243652700, 1.000000000000000000 ) ) 
 REPRESENTATION_ITEM ( '' )  );
#7158 = AXIS2_PLACEMENT_3D ( 'NONE', #5713, #3359, #4589 ) ;
#7159 = FACE_OUTER_BOUND ( 'NONE', #6481, .T. ) ;
#7160 = CARTESIAN_POINT ( 'NONE',  ( 2.749999999999998200, 1.200000000000000000, -1.600000000125000300 ) ) ;
#7161 = ORIENTED_EDGE ( 'NONE', *, *, #7152, .F. ) ;
#7162 = CARTESIAN_POINT ( 'NONE',  ( -2.178857118481075000, 0.8500000000000013100, 0.8567203446829833000 ) ) ;
#7163 = PLANE ( 'NONE',  #3080 ) ;
#7164 = EDGE_CURVE ( 'NONE', #4907, #7775, #4732, .T. ) ;
#7165 = DIRECTION ( 'NONE',  ( 0.0000000000000000000, 0.0000000000000000000, 1.000000000000000000 ) ) ;
#7166 = EDGE_CURVE ( 'NONE', #6690, #5906, #4164, .T. ) ;
#7167 = CARTESIAN_POINT ( 'NONE',  ( 0.1480455980586258500, 0.9499999999999936300, 1.099135055248403600 ) ) ;
#7168 = EDGE_CURVE ( 'NONE', #7412, #308, #853, .T. ) ;
#7169 = ORIENTED_EDGE ( 'NONE', *, *, #7465, .F. ) ;
#7170 = FACE_OUTER_BOUND ( 'NONE', #7080, .T. ) ;
#7171 = DIRECTION ( 'NONE',  ( 0.0000000000000000000, 0.0000000000000000000, 1.000000000000000000 ) ) ;
#7172 = ORIENTED_EDGE ( 'NONE', *, *, #3986, .F. ) ;
#7173 = ORIENTED_EDGE ( 'NONE', *, *, #5136, .T. ) ;
#7174 = AXIS2_PLACEMENT_3D ( 'NONE', #6939, #1816, #3586 ) ;
#7175 = EDGE_CURVE ( 'NONE', #3971, #4035, #3138, .T. ) ;
#7176 = LINE ( 'NONE', #3395, #2345 ) ;
#7177 = FACE_OUTER_BOUND ( 'NONE', #3915, .T. ) ;
#7178 = ORIENTED_EDGE ( 'NONE', *, *, #869, .F. ) ;
#7179 = ORIENTED_EDGE ( 'NONE', *, *, #2282, .T. ) ;
#7180 = CARTESIAN_POINT ( 'NONE',  ( 1.288388347648318400, 0.7999999999999999300, -0.2866116524766808600 ) ) ;
#7181 = CARTESIAN_POINT ( 'NONE',  ( 1.999999999999999600, 0.7999999999999999300, -0.7000000001249999700 ) ) ;
#7182 = PLANE ( 'NONE',  #6217 ) ;
#7183 = ORIENTED_EDGE ( 'NONE', *, *, #376, .F. ) ;
#7184 = AXIS2_PLACEMENT_3D ( 'NONE', #7572, #1506, #3914 ) ;
#7185 = DIRECTION ( 'NONE',  ( 0.1299941854756607500, 0.0000000000000000000, -0.9915147561900021800 ) ) ;
#7186 = CARTESIAN_POINT ( 'NONE',  ( 1.322307118264302900, 0.7999999999999999300, 0.9732701105718156700 ) ) ;
#7187 = VECTOR ( 'NONE', #5117, 1000.000000000000000 ) ;
#7188 = ORIENTED_EDGE ( 'NONE', *, *, #7264, .T. ) ;
#7189 = CARTESIAN_POINT ( 'NONE',  ( 1.349999999687498300, 1.200000000000000000, -1.600000000125000300 ) ) ;
#7190 = VERTEX_POINT ( 'NONE', #4159 ) ;
#7191 = EDGE_CURVE ( 'NONE', #5520, #799, #1531, .T. ) ;
#7192 = CARTESIAN_POINT ( 'NONE',  ( -2.499999999999999600, 0.5000000000000000000, 0.7999999997750004700 ) ) ;
#7193 = LINE ( 'NONE', #827, #3944 ) ;
#7194 = ORIENTED_EDGE ( 'NONE', *, *, #4702, .F. ) ;
#7195 = ORIENTED_EDGE ( 'NONE', *, *, #5218, .F. ) ;
#7196 = DIRECTION ( 'NONE',  ( 6.938893905433791600E-016, 0.0000000000000000000, 1.000000000000000000 ) ) ;
#7197 = AXIS2_PLACEMENT_3D ( 'NONE', #327, #1979, #4972 ) ;
#7198 = VECTOR ( 'NONE', #4614, 1000.000000000000000 ) ;
#7199 = VERTEX_POINT ( 'NONE', #524 ) ;
#7200 = CARTESIAN_POINT ( 'NONE',  ( -0.2249999999999989500, 1.050000000000000000, 1.649999999924999000 ) ) ;
#7201 = ORIENTED_EDGE ( 'NONE', *, *, #5512, .F. ) ;
#7202 = VECTOR ( 'NONE', #1835, 1000.000000000000000 ) ;
#7203 = VERTEX_POINT ( 'NONE', #7780 ) ;
#7204 = FACE_OUTER_BOUND ( 'NONE', #2005, .T. ) ;
#7205 = CARTESIAN_POINT ( 'NONE',  ( 1.349999999687498300, 1.200000000000000000, -1.600000000125000300 ) ) ;
#7206 = DIRECTION ( 'NONE',  ( 0.7595443692498187200, -0.6427876096865403600, 0.09958132342140757500 ) ) ;
#7207 = ORIENTED_EDGE ( 'NONE', *, *, #2443, .F. ) ;
#7208 = VECTOR ( 'NONE', #1118, 1000.000000000000000 ) ;
#7209 = DIRECTION ( 'NONE',  ( -1.084202172553266800E-015, 0.0000000000000000000, -1.000000000000000000 ) ) ;
#7210 = ORIENTED_EDGE ( 'NONE', *, *, #1425, .F. ) ;
#7211 = VECTOR ( 'NONE', #6410, 1000.000000000000000 ) ;
#7212 = ORIENTED_EDGE ( 'NONE', *, *, #5768, .F. ) ;
#7213 = AXIS2_PLACEMENT_3D ( 'NONE', #992, #4549, #3456 ) ;
#7214 = EDGE_CURVE ( 'NONE', #3313, #1168, #7490, .T. ) ;
#7215 = VECTOR ( 'NONE', #5200, 1000.000000000000000 ) ;
#7216 = EDGE_CURVE ( 'NONE', #1264, #3361, #6438, .T. ) ;
#7217 = ORIENTED_EDGE ( 'NONE', *, *, #5736, .T. ) ;
#7218 = LINE ( 'NONE', #4038, #3981 ) ;
#7219 = EDGE_LOOP ( 'NONE', ( #7598, #2889, #3635, #1159, #7049, #2966, #5904, #4875, #6041, #1699, #6117 ) ) ;
#7220 = LINE ( 'NONE', #800, #2213 ) ;
#7221 =( GEOMETRIC_REPRESENTATION_CONTEXT ( 3 ) GLOBAL_UNCERTAINTY_ASSIGNED_CONTEXT ( ( #2354 ) ) GLOBAL_UNIT_ASSIGNED_CONTEXT ( ( #403, #2560, #6158 ) ) REPRESENTATION_CONTEXT ( 'NONE', 'WORKASPACE' ) );
#7222 = CARTESIAN_POINT ( 'NONE',  ( -2.600000000000000500, 0.7999999999999999300, 0.6999999997749999400 ) ) ;
#7223 = ORIENTED_EDGE ( 'NONE', *, *, #1439, .T. ) ;
#7224 = ORIENTED_EDGE ( 'NONE', *, *, #340, .T. ) ;
#7225 = DIRECTION ( 'NONE',  ( -0.7071067811865513500, 0.0000000000000000000, 0.7071067811865436900 ) ) ;
#7226 = DIRECTION ( 'NONE',  ( 1.000000000000000000, 0.0000000000000000000, 0.0000000000000000000 ) ) ;
#7227 = PLANE ( 'NONE',  #4619 ) ;
#7228 = LINE ( 'NONE', #4705, #2407 ) ;
#7229 = PLANE ( 'NONE',  #829 ) ;
#7230 = ORIENTED_EDGE ( 'NONE', *, *, #6795, .T. ) ;
#7231 = DIRECTION ( 'NONE',  ( -1.000000000000000000, -2.891205793294683400E-015, -0.0000000000000000000 ) ) ;
#7232 = LINE ( 'NONE', #6212, #4758 ) ;
#7233 = EDGE_LOOP ( 'NONE', ( #3721, #1526, #5657, #3664 ) ) ;
#7234 = DIRECTION ( 'NONE',  ( -1.000000000000000000, 0.0000000000000000000, 0.0000000000000000000 ) ) ;
#7235 = CARTESIAN_POINT ( 'NONE',  ( 1.425000000000001200, 1.050000000000000000, 1.899999999924999000 ) ) ;
#7236 = DIRECTION ( 'NONE',  ( -1.000000000000000000, 0.0000000000000000000, 0.0000000000000000000 ) ) ;
#7237 = DIRECTION ( 'NONE',  ( -0.0000000000000000000, -1.000000000000000000, 0.0000000000000000000 ) ) ;
#7238 = ORIENTED_EDGE ( 'NONE', *, *, #3699, .F. ) ;
#7239 = AXIS2_PLACEMENT_3D ( 'NONE', #607, #6707, #4375 ) ;
#7240 = ORIENTED_EDGE ( 'NONE', *, *, #596, .T. ) ;
#7241 = ADVANCED_FACE ( 'NONE', ( #2577 ), #3486, .F. ) ;
#7242 = CARTESIAN_POINT ( 'NONE',  ( 0.0000000000000000000, 1.200000000000000000, 1.074999999925000400 ) ) ;
#7243 = VECTOR ( 'NONE', #5255, 1000.000000000000000 ) ;
#7244 = ORIENTED_EDGE ( 'NONE', *, *, #7400, .F. ) ;
#7245 = VECTOR ( 'NONE', #1864, 1000.000000000000000 ) ;
#7246 = DIRECTION ( 'NONE',  ( -0.0000000000000000000, 1.000000000000000000, -0.0000000000000000000 ) ) ;
#7247 = AXIS2_PLACEMENT_3D ( 'NONE', #1443, #5078, #2695 ) ;
#7248 = ORIENTED_EDGE ( 'NONE', *, *, #4716, .T. ) ;
#7249 = DIRECTION ( 'NONE',  ( 0.0000000000000000000, 0.0000000000000000000, -1.000000000000000000 ) ) ;
#7250 = DIRECTION ( 'NONE',  ( 1.000000000000000000, 0.0000000000000000000, -1.734723479229412300E-015 ) ) ;
#7251 = ORIENTED_EDGE ( 'NONE', *, *, #1636, .T. ) ;
#7252 = EDGE_CURVE ( 'NONE', #2285, #4361, #5596, .T. ) ;
#7253 = CARTESIAN_POINT ( 'NONE',  ( 2.749999999999998200, 0.4253461364713256300, -0.5499999999500014800 ) ) ;
#7254 = EDGE_CURVE ( 'NONE', #745, #678, #2451, .T. ) ;
#7255 = VERTEX_POINT ( 'NONE', #1707 ) ;
#7256 = LINE ( 'NONE', #1366, #6094 ) ;
#7257 = VECTOR ( 'NONE', #1592, 1000.000000000000000 ) ;
#7258 = CARTESIAN_POINT ( 'NONE',  ( -1.424999999999998700, 1.000000000000000000, 1.649999999924999000 ) ) ;
#7259 = CARTESIAN_POINT ( 'NONE',  ( -2.074999999999999700, 0.7499999999999998900, -0.5000000001250004500 ) ) ;
#7260 = ORIENTED_EDGE ( 'NONE', *, *, #6345, .F. ) ;
#7261 = CARTESIAN_POINT ( 'NONE',  ( -1.524999999999999900, 0.7499999999999998900, -0.2500000001249999500 ) ) ;
#7262 = VECTOR ( 'NONE', #7234, 1000.000000000000000 ) ;
#7263 = CARTESIAN_POINT ( 'NONE',  ( 1.349999999687497400, 0.0000000000000000000, -1.899999999925000300 ) ) ;
#7264 = EDGE_CURVE ( 'NONE', #206, #1557, #4820, .T. ) ;
#7265 = DIRECTION ( 'NONE',  ( -0.0000000000000000000, 1.000000000000000000, -0.0000000000000000000 ) ) ;
#7266 = EDGE_CURVE ( 'NONE', #2818, #6244, #1042, .T. ) ;
#7267 = CARTESIAN_POINT ( 'NONE',  ( -2.400000000468749400, 1.200000000000000000, -0.2500000001249999500 ) ) ;
#7268 = DIRECTION ( 'NONE',  ( 0.0000000000000000000, 0.0000000000000000000, -1.000000000000000000 ) ) ;
#7269 = CARTESIAN_POINT ( 'NONE',  ( 0.1500000000000009400, 0.1500000000000000800, 1.649999999924999000 ) ) ;
#7270 = VERTEX_POINT ( 'NONE', #7654 ) ;
#7271 = EDGE_CURVE ( 'NONE', #2590, #1006, #4446, .T. ) ;
#7272 = CARTESIAN_POINT ( 'NONE',  ( 2.499999999999999600, 0.5000000000000000000, 0.6999999997749999400 ) ) ;
#7273 = VERTEX_POINT ( 'NONE', #2331 ) ;
#7274 = VECTOR ( 'NONE', #862, 1000.000000000000200 ) ;
#7275 = ORIENTED_EDGE ( 'NONE', *, *, #7468, .T. ) ;
#7276 = AXIS2_PLACEMENT_3D ( 'NONE', #786, #6860, #5049 ) ;
#7277 = ORIENTED_EDGE ( 'NONE', *, *, #4134, .F. ) ;
#7278 =( LENGTH_UNIT ( ) NAMED_UNIT ( * ) SI_UNIT ( .MILLI., .METRE. ) );
#7279 = DIRECTION ( 'NONE',  ( -0.1736481776669305300, -0.9848077530122081300, 3.012315709242248300E-016 ) ) ;
#7280 = DIRECTION ( 'NONE',  ( 0.0000000000000000000, 0.0000000000000000000, 1.000000000000000000 ) ) ;
#7281 = VECTOR ( 'NONE', #6353, 1000.000000000000000 ) ;
#7282 = VERTEX_POINT ( 'NONE', #7146 ) ;
#7283 = ADVANCED_FACE ( 'NONE', ( #3415 ), #3510, .F. ) ;
#7284 = ORIENTED_EDGE ( 'NONE', *, *, #7673, .T. ) ;
#7285 = DIRECTION ( 'NONE',  ( 6.195440996141578300E-016, -0.0000000000000000000, 1.000000000000000000 ) ) ;
#7286 = VECTOR ( 'NONE', #5034, 1000.000000000000000 ) ;
#7287 = ORIENTED_EDGE ( 'NONE', *, *, #2108, .F. ) ;
#7289 = CARTESIAN_POINT ( 'NONE',  ( -2.295710678118655100, 1.200000000000000000, -0.2792893220063453800 ) ) ;
#7288 = AXIS2_PLACEMENT_3D ( 'NONE', #3248, #2674, #6215 ) ;
#7290 = ORIENTED_EDGE ( 'NONE', *, *, #6074, .F. ) ;
#7291 = CARTESIAN_POINT ( 'NONE',  ( -2.500000000468749900, 1.200000000000000000, 1.269081745102117200 ) ) ;
#7292 = CARTESIAN_POINT ( 'NONE',  ( -0.7999999999999998200, 1.200000000000000000, -0.5982233048283627200 ) ) ;
#7293 = ADVANCED_FACE ( 'NONE', ( #6147 ), #1617, .F. ) ;
#7294 = CARTESIAN_POINT ( 'NONE',  ( -0.8749999999999996700, 0.9499999999999937400, -0.2500000001249999500 ) ) ;
#7295 = FACE_OUTER_BOUND ( 'NONE', #3424, .T. ) ;
#7296 = ORIENTED_EDGE ( 'NONE', *, *, #4691, .F. ) ;
#7297 = DIRECTION ( 'NONE',  ( -0.0000000000000000000, -0.0000000000000000000, 1.000000000000000000 ) ) ;
#7298 = VECTOR ( 'NONE', #2587, 1000.000000000000000 ) ;
#7299 = EDGE_CURVE ( 'NONE', #1301, #3541, #2381, .T. ) ;
#7300 = EDGE_CURVE ( 'NONE', #4017, #5004, #6312, .T. ) ;
#7301 = CARTESIAN_POINT ( 'NONE',  ( 0.1500000000000009400, 1.049999999999999800, 1.649999999924999000 ) ) ;
#7302 = LINE ( 'NONE', #773, #3584 ) ;
#7303 = ORIENTED_EDGE ( 'NONE', *, *, #2205, .F. ) ;
#7304 = ORIENTED_EDGE ( 'NONE', *, *, #3490, .F. ) ;
#7305 = FACE_OUTER_BOUND ( 'NONE', #3992, .T. ) ;
#7306 = ORIENTED_EDGE ( 'NONE', *, *, #5678, .T. ) ;
#7307 = AXIS2_PLACEMENT_3D ( 'NONE', #5586, #1548, #2165 ) ;
#7308 = VERTEX_POINT ( 'NONE', #4081 ) ;
#7309 = CYLINDRICAL_SURFACE ( 'NONE', #6512, 0.1000000000000000500 ) ;
#7310 = VERTEX_POINT ( 'NONE', #4684 ) ;
#7311 = CIRCLE ( 'NONE', #917, 0.1000000000000000500 ) ;
#7312 = EDGE_CURVE ( 'NONE', #5444, #2970, #4631, .T. ) ;
#7313 = EDGE_CURVE ( 'NONE', #6851, #499, #2676, .T. ) ;
#7314 = CARTESIAN_POINT ( 'NONE',  ( 1.348524156042775000, 0.9463208992064710000, 1.096047923129494800 ) ) ;
#7315 = VERTEX_POINT ( 'NONE', #6555 ) ;
#7316 = LINE ( 'NONE', #6891, #7413 ) ;
#7317 = CARTESIAN_POINT ( 'NONE',  ( 1.524999999999999500, 0.7499999999999998900, -0.5232233048283654300 ) ) ;
#7318 = CARTESIAN_POINT ( 'NONE',  ( 1.051272786571499700, 0.7999999999999999300, 1.094499127746349600 ) ) ;
#7319 = FACE_OUTER_BOUND ( 'NONE', #4873, .T. ) ;
#7320 = CARTESIAN_POINT ( 'NONE',  ( 0.8749999999999990000, 0.7499999999999998900, -0.5232233048283638800 ) ) ;
#7321 = CARTESIAN_POINT ( 'NONE',  ( 2.259612154416217800, 1.139906666467844800, 1.258485669039685700 ) ) ;
#7322 = DIRECTION ( 'NONE',  ( -0.0000000000000000000, 1.000000000000000000, -0.0000000000000000000 ) ) ;
#7323 = VECTOR ( 'NONE', #1143, 1000.000000000000000 ) ;
#7324 = EDGE_LOOP ( 'NONE', ( #34, #7919, #3599, #2279 ) ) ;
#7325 = ADVANCED_FACE ( 'NONE', ( #6621 ), #4778, .F. ) ;
#7326 = EDGE_CURVE ( 'NONE', #525, #7438, #551, .T. ) ;
#7327 = VECTOR ( 'NONE', #20, 1000.000000000000000 ) ;
#7328 = DIRECTION ( 'NONE',  ( -0.0000000000000000000, 1.000000000000000000, -0.0000000000000000000 ) ) ;
#7329 = EDGE_LOOP ( 'NONE', ( #891, #1519, #2298 ) ) ;
#7330 = ORIENTED_EDGE ( 'NONE', *, *, #5367, .T. ) ;
#7331 = DIRECTION ( 'NONE',  ( 2.891205793294675100E-015, 1.000000000000000000, 0.0000000000000000000 ) ) ;
#7332 = ADVANCED_FACE ( 'NONE', ( #7305 ), #1161, .T. ) ;
#7333 = EDGE_LOOP ( 'NONE', ( #6996, #7003, #1079, #38, #149 ) ) ;
#7334 = ORIENTED_EDGE ( 'NONE', *, *, #1593, .F. ) ;
#7335 = DIRECTION ( 'NONE',  ( 0.7595443692498183900, -0.6427876096865407000, 0.09958132342140790800 ) ) ;
#7336 = CARTESIAN_POINT ( 'NONE',  ( 0.3998334226741531200, -0.4529031112019144000, -0.07804042793858705100 ) ) ;
#7337 = LINE ( 'NONE', #3864, #205 ) ;
#7338 = ORIENTED_EDGE ( 'NONE', *, *, #4468, .F. ) ;
#7339 = EDGE_LOOP ( 'NONE', ( #3455, #6673, #3373, #4621, #2141, #3595, #7837, #6295 ) ) ;
#7340 = DIRECTION ( 'NONE',  ( 7.589415207398792900E-015, -0.0000000000000000000, -1.000000000000000000 ) ) ;
#7341 = ORIENTED_EDGE ( 'NONE', *, *, #3774, .T. ) ;
#7342 = DIRECTION ( 'NONE',  ( -0.0000000000000000000, -1.000000000000000000, -0.0000000000000000000 ) ) ;
#7343 = ORIENTED_EDGE ( 'NONE', *, *, #5221, .T. ) ;
#7344 = CARTESIAN_POINT ( 'NONE',  ( 0.7275000000000000400, 0.0000000000000000000, -0.7000000001249999700 ) ) ;
#7345 = CARTESIAN_POINT ( 'NONE',  ( -1.424999999999998700, 1.050000000000000000, 1.649999999924999000 ) ) ;
#7346 = CARTESIAN_POINT ( 'NONE',  ( -1.051703067559486700, 0.9481626767409745400, 1.097593357979407500 ) ) ;
#7347 = CARTESIAN_POINT ( 'NONE',  ( -2.350000000468750000, 1.200000000000000000, 1.269081745102117500 ) ) ;
#7348 = LINE ( 'NONE', #12, #5729 ) ;
#7349 = CIRCLE ( 'NONE', #6783, 0.2750000000000000800 ) ;
#7350 = VERTEX_POINT ( 'NONE', #6019 ) ;
#7351 = DIRECTION ( 'NONE',  ( 2.168404346868374800E-015, -0.0000000000000000000, -1.000000000000000000 ) ) ;
#7352 = AXIS2_PLACEMENT_3D ( 'NONE', #5542, #1585, #3076 ) ;
#7353 = LINE ( 'NONE', #5834, #6771 ) ;
#7354 = CARTESIAN_POINT ( 'NONE',  ( 1.999999999999999600, 1.200000000000000000, -0.5750000001249999700 ) ) ;
#7355 = DIRECTION ( 'NONE',  ( -0.0000000000000000000, 1.000000000000000000, 0.0000000000000000000 ) ) ;
#7356 = CARTESIAN_POINT ( 'NONE',  ( 1.111611652351681000, 0.7999999999999999300, -0.2866116524766807400 ) ) ;
#7357 = EDGE_CURVE ( 'NONE', #1800, #2105, #7783, .T. ) ;
#7358 = ORIENTED_EDGE ( 'NONE', *, *, #3886, .T. ) ;
#7359 = VERTEX_POINT ( 'NONE', #7134 ) ;
#7360 = LINE ( 'NONE', #3658, #6395 ) ;
#7361 = ADVANCED_FACE ( 'NONE', ( #746 ), #3612, .F. ) ;
#7362 = DIRECTION ( 'NONE',  ( 0.0000000000000000000, 0.0000000000000000000, 1.000000000000000000 ) ) ;
#7363 = LINE ( 'NONE', #6038, #4314 ) ;
#7364 = ORIENTED_EDGE ( 'NONE', *, *, #2993, .F. ) ;
#7365 = ORIENTED_EDGE ( 'NONE', *, *, #1893, .T. ) ;
#7366 = DIRECTION ( 'NONE',  ( -1.084202172553267200E-015, 0.0000000000000000000, 1.000000000000000000 ) ) ;
#7367 = CARTESIAN_POINT ( 'NONE',  ( 0.9173140263893607700, 0.7999999999999999300, -0.2500000001250006200 ) ) ;
#7368 = EDGE_CURVE ( 'NONE', #7914, #6479, #2476, .T. ) ;
#7369 = DIRECTION ( 'NONE',  ( -7.589415207398791400E-015, 0.0000000000000000000, 1.000000000000000000 ) ) ;
#7370 = EDGE_CURVE ( 'NONE', #4191, #7255, #5686, .T. ) ;
#7371 = ADVANCED_FACE ( 'NONE', ( #7015 ), #618, .F. ) ;
#7372 = DIRECTION ( 'NONE',  ( 1.000000000000000000, 0.0000000000000000000, 0.0000000000000000000 ) ) ;
#7373 = LINE ( 'NONE', #6262, #2545 ) ;
#7374 = DIRECTION ( 'NONE',  ( -1.000000000000000000, 0.0000000000000000000, 0.0000000000000000000 ) ) ;
#7375 = EDGE_LOOP ( 'NONE', ( #2042, #1808, #1136, #1009, #2786, #3022, #2241, #5811 ) ) ;
#7376 = CARTESIAN_POINT ( 'NONE',  ( -2.350000000468750000, 0.9499999999999936300, 1.074999999925000600 ) ) ;
#7377 = LINE ( 'NONE', #5631, #3399 ) ;
#7378 = VERTEX_POINT ( 'NONE', #7864 ) ;
#7379 = ORIENTED_EDGE ( 'NONE', *, *, #5787, .F. ) ;
#7380 = CIRCLE ( 'NONE', #5504, 0.1000000000000000500 ) ;
#7381 = VERTEX_POINT ( 'NONE', #2398 ) ;
#7382 = LINE ( 'NONE', #7424, #4715 ) ;
#7383 = ORIENTED_EDGE ( 'NONE', *, *, #186, .F. ) ;
#7384 = AXIS2_PLACEMENT_3D ( 'NONE', #859, #6278, #5066 ) ;
#7385 = FACE_OUTER_BOUND ( 'NONE', #4899, .T. ) ;
#7386 = CARTESIAN_POINT ( 'NONE',  ( -2.749999999999999600, 1.200000000000000000, -1.200000000149999500 ) ) ;
#7387 = ORIENTED_EDGE ( 'NONE', *, *, #7072, .T. ) ;
#7388 = DIRECTION ( 'NONE',  ( -1.000000000000000000, 0.0000000000000000000, 0.0000000000000000000 ) ) ;
#7389 = ORIENTED_EDGE ( 'NONE', *, *, #5108, .T. ) ;
#7390 = CARTESIAN_POINT ( 'NONE',  ( -2.078821349019438700, 0.9284228526591032900, -0.2500000001249998400 ) ) ;
#7391 =( BOUNDED_CURVE ( )  B_SPLINE_CURVE ( 3, ( #7873, #5420, #1194, #2418 ),
 .UNSPECIFIED., .F., .F. ) 
 B_SPLINE_CURVE_WITH_KNOTS ( ( 4, 4 ),
 ( 4.661405893432040600, 6.283185307179586200 ),
 .UNSPECIFIED. ) 
 CURVE ( )  GEOMETRIC_REPRESENTATION_ITEM ( )  RATIONAL_B_SPLINE_CURVE ( ( 1.000000000000000000, 0.7925691712421014700, 0.7925691712421014700, 1.000000000000000000 ) ) 
 REPRESENTATION_ITEM ( '' )  );
#7392 = ORIENTED_EDGE ( 'NONE', *, *, #7056, .T. ) ;
#7393 = CARTESIAN_POINT ( 'NONE',  ( 0.4750000000000106900, 0.0000000000000000000, -1.500000000125000200 ) ) ;
#7394 = EDGE_LOOP ( 'NONE', ( #502, #993, #5688, #6952 ) ) ;
#7395 = PLANE ( 'NONE',  #3925 ) ;
#7396 = ADVANCED_FACE ( 'NONE', ( #3589 ), #5301, .T. ) ;
#7397 = LINE ( 'NONE', #7896, #2861 ) ;
#7398 = CARTESIAN_POINT ( 'NONE',  ( 0.4725000000000000300, 0.7499999999999998900, -0.4000000001249999800 ) ) ;
#7399 = ORIENTED_EDGE ( 'NONE', *, *, #2296, .T. ) ;
#7400 = EDGE_CURVE ( 'NONE', #4111, #301, #2950, .T. ) ;
#7401 = CIRCLE ( 'NONE', #6701, 0.1000000000000000500 ) ;
#7402 = CARTESIAN_POINT ( 'NONE',  ( -2.219028639631501800, 0.7999999999999999300, 0.8357512064334764500 ) ) ;
#7403 = VERTEX_POINT ( 'NONE', #6080 ) ;
#7404 = CYLINDRICAL_SURFACE ( 'NONE', #4466, 0.2750000000000000800 ) ;
#7405 = VERTEX_POINT ( 'NONE', #3591 ) ;
#7406 = CARTESIAN_POINT ( 'NONE',  ( 1.051954401941374200, 0.9499999999999936300, 1.099135055248403600 ) ) ;
#7408 = VECTOR ( 'NONE', #4962, 1000.000000000000200 ) ;
#7407 = DIRECTION ( 'NONE',  ( -0.1299941854756611900, 0.0000000000000000000, -0.9915147561900020700 ) ) ;
#7409 = ADVANCED_FACE ( 'NONE', ( #1522 ), #1336, .F. ) ;
#7410 = ORIENTED_EDGE ( 'NONE', *, *, #748, .T. ) ;
#7411 = LINE ( 'NONE', #1090, #1151 ) ;
#7412 = VERTEX_POINT ( 'NONE', #595 ) ;
#7413 = VECTOR ( 'NONE', #5113, 1000.000000000000000 ) ;
#7414 = EDGE_CURVE ( 'NONE', #575, #4137, #7868, .T. ) ;
#7415 = FACE_OUTER_BOUND ( 'NONE', #2, .T. ) ;
#7416 = EDGE_CURVE ( 'NONE', #3009, #6690, #271, .T. ) ;
#7417 = EDGE_CURVE ( 'NONE', #1055, #6656, #5010, .T. ) ;
#7418 = ORIENTED_EDGE ( 'NONE', *, *, #6119, .F. ) ;
#7419 = DIRECTION ( 'NONE',  ( -0.7071067811865468000, 0.0000000000000000000, -0.7071067811865483500 ) ) ;
#7420 = ORIENTED_EDGE ( 'NONE', *, *, #2139, .T. ) ;
#7421 = CARTESIAN_POINT ( 'NONE',  ( 0.4725000000000000300, 0.0000000000000000000, -0.4000000001249999800 ) ) ;
#7422 = CARTESIAN_POINT ( 'NONE',  ( 0.1487272134285001200, 0.9444751167444146400, 1.094499127746349600 ) ) ;
#7423 = CARTESIAN_POINT ( 'NONE',  ( 0.8750000000000007800, 0.5999999999999999800, 1.649999999924999000 ) ) ;
#7424 = CARTESIAN_POINT ( 'NONE',  ( -0.4749999999999950900, 0.5999999999999999800, -0.7000000001249999700 ) ) ;
#7425 = CARTESIAN_POINT ( 'NONE',  ( 2.178857118481075000, 0.8500000000000013100, 0.8567203446829833000 ) ) ;
#7426 = DIRECTION ( 'NONE',  ( 1.084202172553267200E-015, 0.0000000000000000000, -1.000000000000000000 ) ) ;
#7427 = CIRCLE ( 'NONE', #7833, 0.1000000000000000500 ) ;
#7428 = AXIS2_PLACEMENT_3D ( 'NONE', #2617, #3766, #4415 ) ;
#7429 = VERTEX_POINT ( 'NONE', #3026 ) ;
#7430 = AXIS2_PLACEMENT_3D ( 'NONE', #3835, #3931, #4477 ) ;
#7431 = CARTESIAN_POINT ( 'NONE',  ( -1.348727213428500700, 0.9444751167444150900, 1.094499127746349800 ) ) ;
#7432 = CYLINDRICAL_SURFACE ( 'NONE', #332, 0.2000000000000000900 ) ;
#7433 = VERTEX_POINT ( 'NONE', #6801 ) ;
#7434 = DIRECTION ( 'NONE',  ( -0.0000000000000000000, 1.000000000000000000, -0.0000000000000000000 ) ) ;
#7435 = VERTEX_POINT ( 'NONE', #4251 ) ;
#7436 = CARTESIAN_POINT ( 'NONE',  ( -0.4749999999999887600, 0.1000000000000000500, -1.600000000125001400 ) ) ;
#7437 = DIRECTION ( 'NONE',  ( 0.0000000000000000000, 0.0000000000000000000, 1.000000000000000000 ) ) ;
#7438 = VERTEX_POINT ( 'NONE', #7423 ) ;
#7439 = CARTESIAN_POINT ( 'NONE',  ( -1.200000000000000400, 0.9499999999999936300, 1.074999999925000600 ) ) ;
#7440 = VECTOR ( 'NONE', #2523, 1000.000000000000000 ) ;
#7441 = ORIENTED_EDGE ( 'NONE', *, *, #1920, .F. ) ;
#7442 = VECTOR ( 'NONE', #314, 1000.000000000000000 ) ;
#7443 = ORIENTED_EDGE ( 'NONE', *, *, #3644, .T. ) ;
#7444 = CARTESIAN_POINT ( 'NONE',  ( 2.500000000468747700, 0.0000000000000000000, -1.400000000150000400 ) ) ;
#7445 = ADVANCED_FACE ( 'NONE', ( #6235, #645 ), #670, .T. ) ;
#7446 = ORIENTED_EDGE ( 'NONE', *, *, #6288, .T. ) ;
#7447 = CARTESIAN_POINT ( 'NONE',  ( -0.1487272134285001200, 0.9499999999999935200, 1.094499127746349600 ) ) ;
#7448 = CIRCLE ( 'NONE', #7713, 0.1940817451771168800 ) ;
#7449 = AXIS2_PLACEMENT_3D ( 'NONE', #6196, #6219, #5728 ) ;
#7450 = VECTOR ( 'NONE', #6600, 1000.000000000000000 ) ;
#7451 = ADVANCED_FACE ( 'NONE', ( #6914 ), #383, .F. ) ;
#7452 = DIRECTION ( 'NONE',  ( 0.0000000000000000000, 0.0000000000000000000, -1.000000000000000000 ) ) ;
#7453 = EDGE_CURVE ( 'NONE', #99, #872, #1129, .T. ) ;
#7454 = EDGE_LOOP ( 'NONE', ( #4724, #4471, #3038, #2598 ) ) ;
#7455 = LINE ( 'NONE', #5343, #2069 ) ;
#7456 = CARTESIAN_POINT ( 'NONE',  ( -0.4724999999999998100, 0.0000000000000000000, 0.0000000000000000000 ) ) ;
#7457 = CARTESIAN_POINT ( 'NONE',  ( -2.366421356237310200, 0.7999999999999999300, -0.3500000001249999900 ) ) ;
#7458 = VERTEX_POINT ( 'NONE', #1272 ) ;
#7459 = CARTESIAN_POINT ( 'NONE',  ( 0.7999999999999998200, 0.7999999999999999300, -0.5982233048283627200 ) ) ;
#7460 = VERTEX_POINT ( 'NONE', #3640 ) ;
#7461 = DIRECTION ( 'NONE',  ( -1.000000000000000000, 0.0000000000000000000, 1.548860246062135700E-016 ) ) ;
#7462 = CARTESIAN_POINT ( 'NONE',  ( 2.366421356237310200, 0.7999999999999999300, -0.3500000001249999900 ) ) ;
#7463 = CARTESIAN_POINT ( 'NONE',  ( 2.749999999999998200, 1.200000000000000000, -0.5499999999500014800 ) ) ;
#7464 = CARTESIAN_POINT ( 'NONE',  ( -1.049999999999998900, 0.1500000000000000800, 1.649999999924999000 ) ) ;
#7465 = EDGE_CURVE ( 'NONE', #6510, #424, #54, .T. ) ;
#7466 = VECTOR ( 'NONE', #3868, 1000.000000000000000 ) ;
#7467 = ORIENTED_EDGE ( 'NONE', *, *, #4702, .T. ) ;
#7468 = EDGE_CURVE ( 'NONE', #6427, #5017, #3127, .T. ) ;
#7469 = VERTEX_POINT ( 'NONE', #3071 ) ;
#7470 = VECTOR ( 'NONE', #1555, 1000.000000000000000 ) ;
#7471 = ORIENTED_EDGE ( 'NONE', *, *, #811, .F. ) ;
#7472 = CARTESIAN_POINT ( 'NONE',  ( 1.927500000000000200, 0.0000000000000000000, -0.4000000001250000900 ) ) ;
#7473 = EDGE_CURVE ( 'NONE', #3042, #93, #5384, .T. ) ;
#7474 = CARTESIAN_POINT ( 'NONE',  ( 2.500000000468749900, 0.7999999999999999300, 1.074999999925000600 ) ) ;
#7475 = FACE_OUTER_BOUND ( 'NONE', #2888, .T. ) ;
#7476 = ORIENTED_EDGE ( 'NONE', *, *, #5893, .T. ) ;
#7477 = ADVANCED_FACE ( 'NONE', ( #5491 ), #4878, .F. ) ;
#7478 = DIRECTION ( 'NONE',  ( 6.938893905433791600E-016, 0.0000000000000000000, 1.000000000000000000 ) ) ;
#7479 = AXIS2_PLACEMENT_3D ( 'NONE', #5647, #4971, #6232 ) ;
#7480 = CARTESIAN_POINT ( 'NONE',  ( -2.174999999999998900, 1.000000000000000000, 1.649999999924999000 ) ) ;
#7481 = VECTOR ( 'NONE', #918, 1000.000000000000000 ) ;
#7482 = DIRECTION ( 'NONE',  ( -0.1736481776669313300, 0.9848077530122079100, 0.0000000000000000000 ) ) ;
#7483 = ORIENTED_EDGE ( 'NONE', *, *, #1702, .T. ) ;
#7484 = PLANE ( 'NONE',  #3997 ) ;
#7485 = VECTOR ( 'NONE', #7763, 1000.000000000000000 ) ;
#7486 = PLANE ( 'NONE',  #4277 ) ;
#7487 = VECTOR ( 'NONE', #4265, 1000.000000000000000 ) ;
#7488 = CARTESIAN_POINT ( 'NONE',  ( 1.350000000000001200, 0.1500000000000000800, 1.649999999924999000 ) ) ;
#7489 = ORIENTED_EDGE ( 'NONE', *, *, #7166, .F. ) ;
#7490 = LINE ( 'NONE', #5963, #6055 ) ;
#7491 = MANIFOLD_SOLID_BREP ( 'Cut-Extrude10', #6364 ) ;
#7492 = EDGE_LOOP ( 'NONE', ( #4748, #344, #1239, #484 ) ) ;
#7493 = ORIENTED_EDGE ( 'NONE', *, *, #6474, .F. ) ;
#7494 = EDGE_CURVE ( 'NONE', #5331, #4411, #1814, .T. ) ;
#7495 = DIRECTION ( 'NONE',  ( -0.9915147561900021800, 0.0000000000000000000, 0.1299941854756612200 ) ) ;
#7496 = VECTOR ( 'NONE', #6365, 1000.000000000000000 ) ;
#7497 = CARTESIAN_POINT ( 'NONE',  ( 0.4725000000000000300, 0.0000000000000000000, 0.0000000000000000000 ) ) ;
#7498 = CARTESIAN_POINT ( 'NONE',  ( 2.185264634401430600, 0.8939695520413333300, 0.9249999997749972500 ) ) ;
#7499 = ORIENTED_EDGE ( 'NONE', *, *, #5681, .F. ) ;
#7500 = VECTOR ( 'NONE', #5615, 1000.000000000000000 ) ;
#7501 = AXIS2_PLACEMENT_3D ( 'NONE', #4095, #4701, #4121 ) ;
#7502 = VECTOR ( 'NONE', #2269, 1000.000000000000000 ) ;
#7503 = VERTEX_POINT ( 'NONE', #4215 ) ;
#7504 = VECTOR ( 'NONE', #882, 1000.000000000000000 ) ;
#7505 = DIRECTION ( 'NONE',  ( 1.000000000000000000, 0.0000000000000000000, 0.0000000000000000000 ) ) ;
#7506 = EDGE_CURVE ( 'NONE', #3994, #4988, #2375, .T. ) ;
#7507 = LINE ( 'NONE', #3150, #7604 ) ;
#7508 = EDGE_CURVE ( 'NONE', #7469, #7199, #5588, .T. ) ;
#7509 = DIRECTION ( 'NONE',  ( -1.000000000000000000, 0.0000000000000000000, 1.084202172180573500E-016 ) ) ;
#7510 = DIRECTION ( 'NONE',  ( 1.000000000000000000, 0.0000000000000000000, 0.0000000000000000000 ) ) ;
#7511 = ORIENTED_EDGE ( 'NONE', *, *, #2909, .F. ) ;
#7512 = EDGE_LOOP ( 'NONE', ( #3204, #6651, #4189, #5342, #3837 ) ) ;
#7513 = DIRECTION ( 'NONE',  ( 0.0000000000000000000, 0.0000000000000000000, -1.000000000000000000 ) ) ;
#7514 = DIRECTION ( 'NONE',  ( -1.000000000000000000, 0.0000000000000000000, 1.084202172180573300E-016 ) ) ;
#7515 = LINE ( 'NONE', #5506, #4272 ) ;
#7516 = EDGE_LOOP ( 'NONE', ( #1842, #3588, #4100 ) ) ;
#7517 = ADVANCED_FACE ( 'NONE', ( #4721 ), #3950, .F. ) ;
#7518 = CARTESIAN_POINT ( 'NONE',  ( -2.366421356237310200, 1.200000000000000000, -0.3500000001249999900 ) ) ;
#7519 = VECTOR ( 'NONE', #4626, 1000.000000000000000 ) ;
#7520 = EDGE_CURVE ( 'NONE', #628, #3483, #5773, .T. ) ;
#7521 = ORIENTED_EDGE ( 'NONE', *, *, #209, .F. ) ;
#7522 = EDGE_CURVE ( 'NONE', #7740, #4445, #3409, .T. ) ;
#7523 = EDGE_CURVE ( 'NONE', #7733, #4547, #158, .T. ) ;
#7524 = EDGE_LOOP ( 'NONE', ( #5605, #7088, #3891, #3681 ) ) ;
#7525 = VERTEX_POINT ( 'NONE', #3991 ) ;
#7526 = LINE ( 'NONE', #2260, #2508 ) ;
#7527 = ORIENTED_EDGE ( 'NONE', *, *, #4700, .T. ) ;
#7528 = CARTESIAN_POINT ( 'NONE',  ( 1.111611652351681000, 0.7999999999999999300, -0.2866116524766807400 ) ) ;
#7529 = DIRECTION ( 'NONE',  ( 0.0000000000000000000, 1.000000000000000000, 0.0000000000000000000 ) ) ;
#7530 = DIRECTION ( 'NONE',  ( -1.000000000000000000, 2.891205793294675100E-015, -0.0000000000000000000 ) ) ;
#7531 = AXIS2_PLACEMENT_3D ( 'NONE', #4871, #1263, #1045 ) ;
#7532 = ORIENTED_EDGE ( 'NONE', *, *, #7822, .F. ) ;
#7533 = AXIS2_PLACEMENT_3D ( 'NONE', #1367, #758, #3261 ) ;
#7534 = EDGE_LOOP ( 'NONE', ( #1766, #4079, #5885, #5962 ) ) ;
#7535 = CARTESIAN_POINT ( 'NONE',  ( 1.000000000281248400, 0.0000000000000000000, -1.600000000125000300 ) ) ;
#7536 = ORIENTED_EDGE ( 'NONE', *, *, #625, .F. ) ;
#7537 = DIRECTION ( 'NONE',  ( -0.0000000000000000000, 1.000000000000000000, -0.0000000000000000000 ) ) ;
#7538 = CIRCLE ( 'NONE', #7862, 0.2000000000000000900 ) ;
#7539 = FACE_OUTER_BOUND ( 'NONE', #1877, .T. ) ;
#7540 = DIRECTION ( 'NONE',  ( -0.0000000000000000000, 1.000000000000000000, -0.0000000000000000000 ) ) ;
#7541 = PLANE ( 'NONE',  #5776 ) ;
#7542 = VERTEX_POINT ( 'NONE', #7639 ) ;
#7543 = ORIENTED_EDGE ( 'NONE', *, *, #5642, .F. ) ;
#7544 = CIRCLE ( 'NONE', #7501, 0.2000000000000000900 ) ;
#7545 = ORIENTED_EDGE ( 'NONE', *, *, #2768, .F. ) ;
#7546 = ORIENTED_EDGE ( 'NONE', *, *, #127, .T. ) ;
#7547 = LINE ( 'NONE', #1454, #3191 ) ;
#7548 = EDGE_CURVE ( 'NONE', #3939, #676, #4156, .T. ) ;
#7549 = VECTOR ( 'NONE', #2239, 1000.000000000000000 ) ;
#7550 = EDGE_CURVE ( 'NONE', #5641, #994, #2767, .T. ) ;
#7551 = EDGE_LOOP ( 'NONE', ( #6182, #1763, #1359, #5152 ) ) ;
#7552 = EDGE_LOOP ( 'NONE', ( #5636, #7637, #2694, #3834, #1302 ) ) ;
#7553 = ADVANCED_FACE ( 'NONE', ( #2288 ), #1191, .F. ) ;
#7554 = DIRECTION ( 'NONE',  ( -9.324138683375322400E-015, 0.0000000000000000000, 1.000000000000000000 ) ) ;
#7555 = CARTESIAN_POINT ( 'NONE',  ( -2.750000000000000000, 1.200000000000000000, -1.600000000124999700 ) ) ;
#7556 = DIRECTION ( 'NONE',  ( -0.0000000000000000000, -1.000000000000000000, -0.0000000000000000000 ) ) ;
#7557 = CARTESIAN_POINT ( 'NONE',  ( -0.7274999999999998100, 0.0000000000000000000, -0.4000000001249999800 ) ) ;
#7558 = AXIS2_PLACEMENT_3D ( 'NONE', #4029, #4629, #5892 ) ;
#7559 = VECTOR ( 'NONE', #6748, 1000.000000000000200 ) ;
#7560 = DIRECTION ( 'NONE',  ( 1.000000000000000000, 0.0000000000000000000, 0.0000000000000000000 ) ) ;
#7561 = CARTESIAN_POINT ( 'NONE',  ( -0.7249999999999975400, 0.5999999999999999800, -0.4000000001250330100 ) ) ;
#7562 = ORIENTED_EDGE ( 'NONE', *, *, #5475, .F. ) ;
#7563 = CARTESIAN_POINT ( 'NONE',  ( -1.051272786571499700, 0.9499999999999936300, 1.094499127746349600 ) ) ;
#7564 = DIRECTION ( 'NONE',  ( -1.000000000000000000, -0.0000000000000000000, -9.324138683375322400E-015 ) ) ;
#7565 = ORIENTED_EDGE ( 'NONE', *, *, #7812, .T. ) ;
#7566 = EDGE_CURVE ( 'NONE', #301, #425, #5195, .T. ) ;
#7567 = ADVANCED_FACE ( 'NONE', ( #4814 ), #7227, .F. ) ;
#7568 = EDGE_CURVE ( 'NONE', #7114, #1551, #2571, .T. ) ;
#7569 = EDGE_CURVE ( 'NONE', #4793, #2007, #3957, .T. ) ;
#7570 = LINE ( 'NONE', #2985, #4891 ) ;
#7571 = ORIENTED_EDGE ( 'NONE', *, *, #2399, .F. ) ;
#7572 = CARTESIAN_POINT ( 'NONE',  ( -1.200000000000000400, 0.7999999999999999300, 1.074999999925000600 ) ) ;
#7573 = ORIENTED_EDGE ( 'NONE', *, *, #748, .F. ) ;
#7574 = VECTOR ( 'NONE', #4444, 1000.000000000000000 ) ;
#7575 = AXIS2_PLACEMENT_3D ( 'NONE', #1035, #1586, #1609 ) ;
#7576 = ORIENTED_EDGE ( 'NONE', *, *, #1771, .F. ) ;
#7577 = LINE ( 'NONE', #7160, #7485 ) ;
#7578 = DIRECTION ( 'NONE',  ( 2.891205795222151400E-015, -0.0000000000000000000, 1.000000000000000000 ) ) ;
#7579 = DIRECTION ( 'NONE',  ( -0.7071067811865489100, 0.0000000000000000000, 0.7071067811865462400 ) ) ;
#7580 = ORIENTED_EDGE ( 'NONE', *, *, #7523, .F. ) ;
#7581 = CARTESIAN_POINT ( 'NONE',  ( 2.074999999999999700, 0.7499999999999998900, -0.2500000001249999500 ) ) ;
#7582 = DIRECTION ( 'NONE',  ( -0.7071067811865482400, 0.0000000000000000000, -0.7071067811865469100 ) ) ;
#7583 = FACE_OUTER_BOUND ( 'NONE', #1022, .T. ) ;
#7584 = PLANE ( 'NONE',  #487 ) ;
#7585 = ORIENTED_EDGE ( 'NONE', *, *, #5681, .T. ) ;
#7586 = ORIENTED_EDGE ( 'NONE', *, *, #1536, .T. ) ;
#7587 = VECTOR ( 'NONE', #2290, 1000.000000000000000 ) ;
#7588 = CARTESIAN_POINT ( 'NONE',  ( 1.000000000281248400, 1.200000000000000000, -1.600000000125000300 ) ) ;
#7589 = CARTESIAN_POINT ( 'NONE',  ( -0.7274999999999998100, 0.0000000000000000000, -0.7000000001249999700 ) ) ;
#7590 = VERTEX_POINT ( 'NONE', #105 ) ;
#7591 = CARTESIAN_POINT ( 'NONE',  ( -0.8749999999999996700, 0.7499999999999998900, -0.2500000001249999500 ) ) ;
#7592 = PLANE ( 'NONE',  #7430 ) ;
#7593 = DIRECTION ( 'NONE',  ( -0.0000000000000000000, 1.000000000000000000, -0.0000000000000000000 ) ) ;
#7594 = EDGE_CURVE ( 'NONE', #4767, #7811, #7005, .T. ) ;
#7595 = CARTESIAN_POINT ( 'NONE',  ( -2.750000000000000000, 0.5000000000000000000, 0.6999999997749999400 ) ) ;
#7596 = AXIS2_PLACEMENT_3D ( 'NONE', #1709, #7069, #605 ) ;
#7597 = FACE_OUTER_BOUND ( 'NONE', #2745, .T. ) ;
#7598 = ORIENTED_EDGE ( 'NONE', *, *, #6377, .T. ) ;
#7599 = VECTOR ( 'NONE', #1173, 1000.000000000000000 ) ;
#7600 = CYLINDRICAL_SURFACE ( 'NONE', #2059, 0.1000000000000000500 ) ;
#7601 = EDGE_LOOP ( 'NONE', ( #6113, #6378, #4225, #5881 ) ) ;
#7602 = ADVANCED_FACE ( 'NONE', ( #4530 ), #1339, .F. ) ;
#7603 = CARTESIAN_POINT ( 'NONE',  ( 2.201406957038371200, 0.9459980241978323000, 1.095776998828829700 ) ) ;
#7604 = VECTOR ( 'NONE', #3120, 1000.000000000000000 ) ;
#7605 = ORIENTED_EDGE ( 'NONE', *, *, #6096, .F. ) ;
#7606 = PLANE ( 'NONE',  #3857 ) ;
#7607 = VECTOR ( 'NONE', #5322, 1000.000000000000000 ) ;
#7608 = ORIENTED_EDGE ( 'NONE', *, *, #1577, .T. ) ;
#7609 = VECTOR ( 'NONE', #7509, 1000.000000000000000 ) ;
#7610 = ADVANCED_FACE ( 'NONE', ( #6330 ), #6045, .T. ) ;
#7611 = PLANE ( 'NONE',  #230 ) ;
#7612 = LINE ( 'NONE', #3801, #5981 ) ;
#7613 = DIRECTION ( 'NONE',  ( 0.0000000000000000000, 0.0000000000000000000, -1.000000000000000000 ) ) ;
#7614 = AXIS2_PLACEMENT_3D ( 'NONE', #2037, #6234, #3334 ) ;
#7615 = ORIENTED_EDGE ( 'NONE', *, *, #479, .F. ) ;
#7616 = ORIENTED_EDGE ( 'NONE', *, *, #2281, .F. ) ;
#7617 = EDGE_CURVE ( 'NONE', #1449, #7458, #5739, .T. ) ;
#7618 = CARTESIAN_POINT ( 'NONE',  ( 0.9750000000000009800, 1.000000000000000000, 1.649999999924999000 ) ) ;
#7619 = CYLINDRICAL_SURFACE ( 'NONE', #4978, 0.2750000000000000200 ) ;
#7620 = PLANE ( 'NONE',  #650 ) ;
#7621 = CARTESIAN_POINT ( 'NONE',  ( 1.199999999999999700, 1.200000000000000000, -0.3750000001249989600 ) ) ;
#7622 = ORIENTED_EDGE ( 'NONE', *, *, #1653, .T. ) ;
#7623 = CARTESIAN_POINT ( 'NONE',  ( 0.8749999999999994400, 0.8499999999999996400, -0.2500000001250009000 ) ) ;
#7624 = LINE ( 'NONE', #7347, #4844 ) ;
#7625 = VERTEX_POINT ( 'NONE', #3674 ) ;
#7626 = VERTEX_POINT ( 'NONE', #4861 ) ;
#7627 = ORIENTED_EDGE ( 'NONE', *, *, #109, .F. ) ;
#7628 = EDGE_CURVE ( 'NONE', #844, #17, #2469, .T. ) ;
#7629 = VECTOR ( 'NONE', #2293, 1000.000000000000000 ) ;
#7630 = VERTEX_POINT ( 'NONE', #2558 ) ;
#7631 = EDGE_CURVE ( 'NONE', #1755, #2590, #5293, .T. ) ;
#7632 = CARTESIAN_POINT ( 'NONE',  ( 0.09038784605253182000, 1.139906666467844100, 1.258485669039685100 ) ) ;
#7633 = CYLINDRICAL_SURFACE ( 'NONE', #5263, 0.1250000000000000000 ) ;
#7634 = ORIENTED_EDGE ( 'NONE', *, *, #4245, .F. ) ;
#7635 = CARTESIAN_POINT ( 'NONE',  ( -1.349999999687500100, 1.200000000000000000, -1.600000000124999900 ) ) ;
#7636 = DIRECTION ( 'NONE',  ( -0.0000000000000000000, -0.0000000000000000000, 1.000000000000000000 ) ) ;
#7637 = ORIENTED_EDGE ( 'NONE', *, *, #2050, .T. ) ;
#7638 = DIRECTION ( 'NONE',  ( -1.000000000000000000, 0.0000000000000000000, -0.0000000000000000000 ) ) ;
#7639 = CARTESIAN_POINT ( 'NONE',  ( 1.000000000281247500, 1.099999999999999900, -1.899999999925000100 ) ) ;
#7640 = PRODUCT_DEFINITION_FORMATION_WITH_SPECIFIED_SOURCE ( 'ANY', '', #3293, .NOT_KNOWN. ) ;
#7641 = DIRECTION ( 'NONE',  ( 1.000000000000000000, -0.0000000000000000000, -0.0000000000000000000 ) ) ;
#7642 = LINE ( 'NONE', #4246, #2243 ) ;
#7643 = CIRCLE ( 'NONE', #6525, 0.1000000000000000500 ) ;
#7644 = DIRECTION ( 'NONE',  ( -0.1728885861938884400, 0.9848077530122088000, 0.01622425255359298900 ) ) ;
#7645 = CARTESIAN_POINT ( 'NONE',  ( -2.178857118481075000, 0.8500000000000013100, 0.8567203446829833000 ) ) ;
#7646 = DIRECTION ( 'NONE',  ( 0.0000000000000000000, -1.000000000000000000, 0.0000000000000000000 ) ) ;
#7647 = ORIENTED_EDGE ( 'NONE', *, *, #5269, .F. ) ;
#7648 = DIRECTION ( 'NONE',  ( -1.000000000000000000, -0.0000000000000000000, -0.0000000000000000000 ) ) ;
#7649 = CARTESIAN_POINT ( 'NONE',  ( 0.8749999999999993300, 0.7999999999999999300, -0.2500000001250009500 ) ) ;
#7650 = LINE ( 'NONE', #4069, #2997 ) ;
#7651 = DIRECTION ( 'NONE',  ( 0.0000000000000000000, -0.9659258262890680900, -0.2588190451025214600 ) ) ;
#7652 = ORIENTED_EDGE ( 'NONE', *, *, #6288, .F. ) ;
#7653 = VERTEX_POINT ( 'NONE', #4834 ) ;
#7654 = CARTESIAN_POINT ( 'NONE',  ( -1.599999999999999600, 0.7499999999999998900, -0.5982233048283637200 ) ) ;
#7655 = VECTOR ( 'NONE', #3330, 1000.000000000000000 ) ;
#7656 = VERTEX_POINT ( 'NONE', #619 ) ;
#7657 = CARTESIAN_POINT ( 'NONE',  ( 1.349999999687497000, 1.099999999999999900, -1.799999999925000500 ) ) ;
#7658 = AXIS2_PLACEMENT_3D ( 'NONE', #4602, #4576, #5907 ) ;
#7659 = CARTESIAN_POINT ( 'NONE',  ( -2.400000000468749800, 1.200000000000000000, -0.2500000001249998400 ) ) ;
#7660 = DIRECTION ( 'NONE',  ( 1.000000000000000000, -0.0000000000000000000, -0.0000000000000000000 ) ) ;
#7661 = EDGE_CURVE ( 'NONE', #6510, #5377, #45, .T. ) ;
#7662 = EDGE_CURVE ( 'NONE', #2833, #4361, #3304, .T. ) ;
#7663 = CARTESIAN_POINT ( 'NONE',  ( 1.675000000000011600, 0.0000000000000000000, -1.600000000124974800 ) ) ;
#7664 = VECTOR ( 'NONE', #5448, 1000.000000000000000 ) ;
#7665 = ORIENTED_EDGE ( 'NONE', *, *, #6490, .F. ) ;
#7666 = CARTESIAN_POINT ( 'NONE',  ( 2.074999999999998800, 0.7499999999999998900, -0.5000000001250026700 ) ) ;
#7667 = CARTESIAN_POINT ( 'NONE',  ( -1.674999999999988500, 0.5999999999999999800, -1.600000000125009900 ) ) ;
#7668 = CARTESIAN_POINT ( 'NONE',  ( 1.000000000281247700, 1.200000000000000000, -1.799999999925000300 ) ) ;
#7669 = FACE_OUTER_BOUND ( 'NONE', #5208, .T. ) ;
#7670 = ORIENTED_EDGE ( 'NONE', *, *, #3247, .F. ) ;
#7671 = DIRECTION ( 'NONE',  ( 0.0000000000000000000, 0.0000000000000000000, 1.000000000000000000 ) ) ;
#7672 = CARTESIAN_POINT ( 'NONE',  ( -0.4749999999999887600, 0.5999999999999999800, -0.7000000001249999700 ) ) ;
#7673 = EDGE_CURVE ( 'NONE', #6287, #5507, #7382, .T. ) ;
#7674 = EDGE_CURVE ( 'NONE', #4070, #3221, #1720, .T. ) ;
#7675 = EDGE_CURVE ( 'NONE', #66, #3492, #5869, .T. ) ;
#7676 = CARTESIAN_POINT ( 'NONE',  ( 1.047348146619413000, 1.060037016659558500, 1.191467075343293400 ) ) ;
#7677 = PLANE ( 'NONE',  #7743 ) ;
#7678 = LINE ( 'NONE', #5456, #1228 ) ;
#7679 = ORIENTED_EDGE ( 'NONE', *, *, #7673, .F. ) ;
#7680 = VECTOR ( 'NONE', #1927, 1000.000000000000100 ) ;
#7681 = PLANE ( 'NONE',  #5321 ) ;
#7682 = AXIS2_PLACEMENT_3D ( 'NONE', #4205, #7881, #1848 ) ;
#7683 = VECTOR ( 'NONE', #3316, 1000.000000000000100 ) ;
#7684 = DIRECTION ( 'NONE',  ( -0.0000000000000000000, -1.000000000000000000, -0.0000000000000000000 ) ) ;
#7685 = CARTESIAN_POINT ( 'NONE',  ( 0.4750000000000023100, 0.5999999999999999800, -0.4000000001250246200 ) ) ;
#7686 = DIRECTION ( 'NONE',  ( 0.0000000000000000000, 0.6427876096865429200, -0.7660444431189751300 ) ) ;
#7687 = ORIENTED_EDGE ( 'NONE', *, *, #1577, .F. ) ;
#7688 = LINE ( 'NONE', #1754, #1237 ) ;
#7689 = DIRECTION ( 'NONE',  ( 0.0000000000000000000, -1.000000000000000000, 0.0000000000000000000 ) ) ;
#7690 = EDGE_LOOP ( 'NONE', ( #2118, #4562, #6090, #3793, #6574, #6202, #6473, #1413, #4647 ) ) ;
#7691 = ORIENTED_EDGE ( 'NONE', *, *, #293, .F. ) ;
#7692 = VECTOR ( 'NONE', #2519, 1000.000000000000000 ) ;
#7693 = DIRECTION ( 'NONE',  ( -0.0000000000000000000, -1.000000000000000000, 0.0000000000000000000 ) ) ;
#7694 = ORIENTED_EDGE ( 'NONE', *, *, #973, .F. ) ;
#7695 = CYLINDRICAL_SURFACE ( 'NONE', #7276, 0.09999999999999999200 ) ;
#7696 = DIRECTION ( 'NONE',  ( -2.891205795222151400E-015, 0.0000000000000000000, -1.000000000000000000 ) ) ;
#7697 = CARTESIAN_POINT ( 'NONE',  ( -1.349999999687500300, 0.1000000000000000500, -1.500000000124999800 ) ) ;
#7698 = VECTOR ( 'NONE', #4937, 1000.000000000000000 ) ;
#7699 = ORIENTED_EDGE ( 'NONE', *, *, #5312, .F. ) ;
#7700 = CONICAL_SURFACE ( 'NONE', #6230, 0.1500000000000001900, 0.1745329251994303400 ) ;
#7701 = LINE ( 'NONE', #7841, #6931 ) ;
#7702 = CARTESIAN_POINT ( 'NONE',  ( 2.200656147411876400, 0.7999999999999999300, 1.089014761932505700 ) ) ;
#7703 = CARTESIAN_POINT ( 'NONE',  ( 2.500000000468747700, 0.1000000000000000500, -0.4499999999500010600 ) ) ;
#7704 = ORIENTED_EDGE ( 'NONE', *, *, #5475, .T. ) ;
#7705 = EDGE_CURVE ( 'NONE', #7308, #1918, #4622, .T. ) ;
#7706 = FACE_OUTER_BOUND ( 'NONE', #3475, .T. ) ;
#7707 = EDGE_CURVE ( 'NONE', #715, #5103, #6132, .T. ) ;
#7708 = ORIENTED_EDGE ( 'NONE', *, *, #4147, .F. ) ;
#7709 = ORIENTED_EDGE ( 'NONE', *, *, #3194, .F. ) ;
#7710 = CARTESIAN_POINT ( 'NONE',  ( -0.1865093667213664500, 0.7999999999999999300, 0.4835753100480352800 ) ) ;
#7711 = DIRECTION ( 'NONE',  ( 0.0000000000000000000, 0.0000000000000000000, -1.000000000000000000 ) ) ;
#7712 = CARTESIAN_POINT ( 'NONE',  ( -0.4724999999999998100, 0.0000000000000000000, -0.7000000001249999700 ) ) ;
#7713 = AXIS2_PLACEMENT_3D ( 'NONE', #3923, #6826, #6374 ) ;
#7714 = VECTOR ( 'NONE', #3459, 1000.000000000000000 ) ;
#7715 = ORIENTED_EDGE ( 'NONE', *, *, #3490, .T. ) ;
#7716 = VECTOR ( 'NONE', #80, 1000.000000000000200 ) ;
#7717 = EDGE_CURVE ( 'NONE', #5076, #1436, #1431, .T. ) ;
#7718 = ORIENTED_EDGE ( 'NONE', *, *, #5756, .F. ) ;
#7719 = CARTESIAN_POINT ( 'NONE',  ( -1.349999999687499200, 1.150000000000001000, -1.886602540303443400 ) ) ;
#7720 = CARTESIAN_POINT ( 'NONE',  ( -2.500000000468749900, 1.200000000000000000, 0.7999999997750006900 ) ) ;
#7721 = EDGE_CURVE ( 'NONE', #3199, #5353, #2099, .T. ) ;
#7722 = CARTESIAN_POINT ( 'NONE',  ( 2.350000000468750000, 1.200000000000000000, 1.269081745102117500 ) ) ;
#7723 = EDGE_CURVE ( 'NONE', #2959, #4693, #5764, .T. ) ;
#7724 = ORIENTED_EDGE ( 'NONE', *, *, #5009, .T. ) ;
#7725 = ORIENTED_EDGE ( 'NONE', *, *, #3701, .T. ) ;
#7726 = ADVANCED_FACE ( 'NONE', ( #266 ), #4991, .T. ) ;
#7727 = VERTEX_POINT ( 'NONE', #1978 ) ;
#7728 = CARTESIAN_POINT ( 'NONE',  ( 1.050000000000000900, 1.049999999999999800, 1.649999999924999000 ) ) ;
#7729 = FACE_OUTER_BOUND ( 'NONE', #7601, .T. ) ;
#7730 = CARTESIAN_POINT ( 'NONE',  ( -2.600000000468750900, 0.7999999999999999300, 0.6999999997750000500 ) ) ;
#7731 = AXIS2_PLACEMENT_3D ( 'NONE', #3379, #2814, #2789 ) ;
#7732 = VECTOR ( 'NONE', #527, 1000.000000000000000 ) ;
#7733 = VERTEX_POINT ( 'NONE', #4414 ) ;
#7734 = VECTOR ( 'NONE', #2324, 1000.000000000000000 ) ;
#7735 = CARTESIAN_POINT ( 'NONE',  ( 0.6000000000000006400, 0.5999999999999999800, 1.649999999924999000 ) ) ;
#7736 = DIRECTION ( 'NONE',  ( -2.891205795222149400E-015, 0.0000000000000000000, -1.000000000000000000 ) ) ;
#7737 = CARTESIAN_POINT ( 'NONE',  ( -0.3250000000000000100, 0.9499999999999936300, -0.2500000001249999500 ) ) ;
#7738 = ORIENTED_EDGE ( 'NONE', *, *, #867, .T. ) ;
#7739 =( BOUNDED_CURVE ( )  B_SPLINE_CURVE ( 3, ( #3003, #3593, #7346, #1874 ),
 .UNSPECIFIED., .F., .F. ) 
 B_SPLINE_CURVE_WITH_KNOTS ( ( 4, 4 ),
 ( 4.842752095801359700, 4.873991820545729300 ),
 .UNSPECIFIED. ) 
 CURVE ( )  GEOMETRIC_REPRESENTATION_ITEM ( )  RATIONAL_B_SPLINE_CURVE ( ( 1.000000000000000000, 0.9999186749533192100, 0.9999186749533192100, 1.000000000000000000 ) ) 
 REPRESENTATION_ITEM ( '' )  );
#7740 = VERTEX_POINT ( 'NONE', #2616 ) ;
#7741 = CARTESIAN_POINT ( 'NONE',  ( 1.299999999687506500, 1.200000000000000000, 0.7999999997749887000 ) ) ;
#7742 = FACE_OUTER_BOUND ( 'NONE', #350, .T. ) ;
#7743 = AXIS2_PLACEMENT_3D ( 'NONE', #6706, #7355, #6118 ) ;
#7744 = VECTOR ( 'NONE', #1115, 1000.000000000000000 ) ;
#7745 = CARTESIAN_POINT ( 'NONE',  ( -2.674999999999999400, -2.816286366679873700E-016, -1.558578643887690300 ) ) ;
#7746 = ORIENTED_EDGE ( 'NONE', *, *, #5061, .T. ) ;
#7747 = CARTESIAN_POINT ( 'NONE',  ( -0.5999999999999993100, 0.5999999999999999800, 1.399999999924999000 ) ) ;
#7748 = ORIENTED_EDGE ( 'NONE', *, *, #2095, .F. ) ;
#7749 = ORIENTED_EDGE ( 'NONE', *, *, #7056, .F. ) ;
#7750 = DIRECTION ( 'NONE',  ( -7.047314121155794600E-015, 0.0000000000000000000, 1.000000000000000000 ) ) ;
#7751 = LINE ( 'NONE', #2643, #5558 ) ;
#7752 = CARTESIAN_POINT ( 'NONE',  ( -2.174999999999998900, 1.000000000000000000, 1.649999999924999000 ) ) ;
#7753 = ORIENTED_EDGE ( 'NONE', *, *, #6223, .F. ) ;
#7754 = CARTESIAN_POINT ( 'NONE',  ( -1.000000000281250100, 0.1000000000000000500, -1.600000000125000100 ) ) ;
#7755 = CARTESIAN_POINT ( 'NONE',  ( 1.425000000000001200, 1.000000000000000000, 1.649999999924999000 ) ) ;
#7756 = AXIS2_PLACEMENT_3D ( 'NONE', #1102, #5608, #1095 ) ;
#7757 = VECTOR ( 'NONE', #831, 1000.000000000000000 ) ;
#7758 = ORIENTED_EDGE ( 'NONE', *, *, #6568, .T. ) ;
#7759 = ADVANCED_FACE ( 'NONE', ( #840 ), #1414, .T. ) ;
#7760 = ORIENTED_EDGE ( 'NONE', *, *, #1686, .F. ) ;
#7761 = EDGE_CURVE ( 'NONE', #4494, #4293, #7107, .T. ) ;
#7762 = CARTESIAN_POINT ( 'NONE',  ( 1.675000000000011600, 0.5999999999999999800, -1.600000000124974800 ) ) ;
#7763 = DIRECTION ( 'NONE',  ( 1.084202172553267200E-015, -0.0000000000000000000, -1.000000000000000000 ) ) ;
#7764 = FACE_OUTER_BOUND ( 'NONE', #3945, .T. ) ;
#7765 = CARTESIAN_POINT ( 'NONE',  ( -2.186684663898309300, 0.8402172629935731300, 0.8522744711477078200 ) ) ;
#7766 = ORIENTED_EDGE ( 'NONE', *, *, #1314, .T. ) ;
#7767 = VECTOR ( 'NONE', #1309, 1000.000000000000000 ) ;
#7768 = DIRECTION ( 'NONE',  ( 0.0000000000000000000, 0.0000000000000000000, 1.000000000000000000 ) ) ;
#7769 = CARTESIAN_POINT ( 'NONE',  ( 1.000000000281248400, 1.200000000000000000, -1.600000000125000300 ) ) ;
#7770 = CARTESIAN_POINT ( 'NONE',  ( 0.7250000000000111900, 0.5999999999999999800, -1.600000000125019400 ) ) ;
#7771 = AXIS2_PLACEMENT_3D ( 'NONE', #7702, #7009, #3353 ) ;
#7773 = VECTOR ( 'NONE', #7231, 1000.000000000000000 ) ;
#7772 = CARTESIAN_POINT ( 'NONE',  ( 2.074999999999999700, 0.7499999999999998900, -0.2500000001249999500 ) ) ;
#7774 = VERTEX_POINT ( 'NONE', #2583 ) ;
#7775 = VERTEX_POINT ( 'NONE', #2035 ) ;
#7776 = SURFACE_STYLE_FILL_AREA ( #4826 ) ;
#7777 = EDGE_CURVE ( 'NONE', #5103, #2540, #3678, .T. ) ;
#7778 = EDGE_CURVE ( 'NONE', #6839, #5076, #5483, .T. ) ;
#7779 = ORIENTED_EDGE ( 'NONE', *, *, #3383, .F. ) ;
#7780 = CARTESIAN_POINT ( 'NONE',  ( -0.9749999999999989800, 1.000000000000000000, 1.899999999924999000 ) ) ;
#7781 = LINE ( 'NONE', #1863, #3514 ) ;
#7782 = ORIENTED_EDGE ( 'NONE', *, *, #3740, .T. ) ;
#7783 = LINE ( 'NONE', #3016, #1627 ) ;
#7784 = ORIENTED_EDGE ( 'NONE', *, *, #6956, .T. ) ;
#7785 = CIRCLE ( 'NONE', #4207, 0.09999999999999999200 ) ;
#7786 = ORIENTED_EDGE ( 'NONE', *, *, #2605, .T. ) ;
#7787 = EDGE_CURVE ( 'NONE', #2532, #4050, #3498, .T. ) ;
#7788 = CARTESIAN_POINT ( 'NONE',  ( 2.500000000468747700, 1.200000000000000000, -1.200000000150000400 ) ) ;
#7789 = DIRECTION ( 'NONE',  ( -1.000000000000000000, 0.0000000000000000000, -0.0000000000000000000 ) ) ;
#7790 = LINE ( 'NONE', #5522, #4267 ) ;
#7791 = DIRECTION ( 'NONE',  ( -0.0000000000000000000, 0.0000000000000000000, -1.000000000000000000 ) ) ;
#7792 = VERTEX_POINT ( 'NONE', #2500 ) ;
#7793 = ORIENTED_EDGE ( 'NONE', *, *, #1158, .F. ) ;
#7794 = FACE_OUTER_BOUND ( 'NONE', #6760, .T. ) ;
#7795 = CARTESIAN_POINT ( 'NONE',  ( 0.7999999999999998200, 1.200000000000000000, -0.5982233048283627200 ) ) ;
#7796 = DIRECTION ( 'NONE',  ( -0.0000000000000000000, -1.000000000000000000, -0.0000000000000000000 ) ) ;
#7797 = DIRECTION ( 'NONE',  ( 0.0000000000000000000, 1.000000000000000000, 0.0000000000000000000 ) ) ;
#7798 = CARTESIAN_POINT ( 'NONE',  ( -0.7249999999999975400, 0.5999999999999999800, -0.7000000001249999700 ) ) ;
#7799 = LINE ( 'NONE', #5054, #481 ) ;
#7800 = DIRECTION ( 'NONE',  ( 0.0000000000000000000, 0.0000000000000000000, -1.000000000000000000 ) ) ;
#7801 = ORIENTED_EDGE ( 'NONE', *, *, #7550, .F. ) ;
#7802 = CARTESIAN_POINT ( 'NONE',  ( -1.675000000468750000, 1.200000000000000000, 1.198686027843559200 ) ) ;
#7803 = LINE ( 'NONE', #7021, #6746 ) ;
#7804 = ORIENTED_EDGE ( 'NONE', *, *, #2898, .T. ) ;
#7805 = DIRECTION ( 'NONE',  ( 1.000000000000000000, -0.0000000000000000000, -0.0000000000000000000 ) ) ;
#7806 = DIRECTION ( 'NONE',  ( -1.000000000000000000, 0.0000000000000000000, 1.587276273760917900E-015 ) ) ;
#7807 = FACE_OUTER_BOUND ( 'NONE', #3213, .T. ) ;
#7808 = VERTEX_POINT ( 'NONE', #5531 ) ;
#7809 = CARTESIAN_POINT ( 'NONE',  ( -2.400000000468749800, 1.200000000000000000, -0.3500000001249999300 ) ) ;
#7810 = VECTOR ( 'NONE', #2749, 1000.000000000000000 ) ;
#7811 = VERTEX_POINT ( 'NONE', #695 ) ;
#7812 = EDGE_CURVE ( 'NONE', #513, #4793, #7577, .T. ) ;
#7813 = VERTEX_POINT ( 'NONE', #2344 ) ;
#7814 = EDGE_LOOP ( 'NONE', ( #7758, #4683, #849, #7846 ) ) ;
#7815 = DIRECTION ( 'NONE',  ( 0.0000000000000000000, -1.000000000000000000, 0.0000000000000000000 ) ) ;
#7816 = LINE ( 'NONE', #1245, #4194 ) ;
#7817 = ORIENTED_EDGE ( 'NONE', *, *, #325, .F. ) ;
#7818 = AXIS2_PLACEMENT_3D ( 'NONE', #5119, #5094, #3295 ) ;
#7819 = LINE ( 'NONE', #3368, #2983 ) ;
#7820 = ORIENTED_EDGE ( 'NONE', *, *, #1016, .T. ) ;
#7821 = DIRECTION ( 'NONE',  ( 0.8660254037844386000, 0.0000000000000000000, 0.5000000000000001100 ) ) ;
#7822 = EDGE_CURVE ( 'NONE', #4693, #4308, #636, .T. ) ;
#7823 = CARTESIAN_POINT ( 'NONE',  ( 2.692632698070844800, 0.09999999999999993600, -1.600000000125000300 ) ) ;
#7824 = ORIENTED_EDGE ( 'NONE', *, *, #5220, .T. ) ;
#7825 = EDGE_CURVE ( 'NONE', #1006, #1457, #6712, .T. ) ;
#7826 = EDGE_CURVE ( 'NONE', #5910, #1755, #1327, .T. ) ;
#7827 = DIRECTION ( 'NONE',  ( -0.1299941854756612200, 0.0000000000000000000, 0.9915147561900020700 ) ) ;
#7828 = VECTOR ( 'NONE', #7638, 1000.000000000000000 ) ;
#7829 = CARTESIAN_POINT ( 'NONE',  ( 0.4725000000000000300, 0.7499999999999998900, -0.7000000001249999700 ) ) ;
#7830 = VECTOR ( 'NONE', #4872, 1000.000000000000000 ) ;
#7831 = CARTESIAN_POINT ( 'NONE',  ( -2.750000000000000000, 0.4253461364713247400, -1.600000000124999700 ) ) ;
#7832 = ORIENTED_EDGE ( 'NONE', *, *, #2996, .F. ) ;
#7833 = AXIS2_PLACEMENT_3D ( 'NONE', #232, #3343, #4500 ) ;
#7834 = VECTOR ( 'NONE', #883, 1000.000000000000000 ) ;
#7835 = EDGE_CURVE ( 'NONE', #1883, #5684, #7391, .T. ) ;
#7836 = CARTESIAN_POINT ( 'NONE',  ( 0.7275000000000000400, 0.7499999999999998900, -0.4000000001250000900 ) ) ;
#7837 = ORIENTED_EDGE ( 'NONE', *, *, #1266, .F. ) ;
#7838 = ORIENTED_EDGE ( 'NONE', *, *, #3287, .T. ) ;
#7839 = CARTESIAN_POINT ( 'NONE',  ( -2.400000000468749400, 0.7999999999999999300, -0.2500000001249999500 ) ) ;
#7840 = ADVANCED_FACE ( 'NONE', ( #6523 ), #1132, .T. ) ;
#7841 = CARTESIAN_POINT ( 'NONE',  ( -1.111611652351681700, 1.200000000000000000, -0.2866116524766814700 ) ) ;
#7842 = CARTESIAN_POINT ( 'NONE',  ( -2.500000000468749900, 0.7999999999999999300, 0.9732701105718156700 ) ) ;
#7843 = FACE_OUTER_BOUND ( 'NONE', #6571, .T. ) ;
#7844 = ORIENTED_EDGE ( 'NONE', *, *, #3829, .T. ) ;
#7845 = CARTESIAN_POINT ( 'NONE',  ( 1.000000000281247500, 1.200000000000000000, -1.899999999925000100 ) ) ;
#7846 = ORIENTED_EDGE ( 'NONE', *, *, #6959, .F. ) ;
#7847 = DIRECTION ( 'NONE',  ( 1.000000000000000000, 0.0000000000000000000, 6.938893903907228400E-015 ) ) ;
#7848 = DIRECTION ( 'NONE',  ( -1.000000000000000000, 0.0000000000000000000, 1.548860246062135700E-016 ) ) ;
#7849 = DIRECTION ( 'NONE',  ( -0.0000000000000000000, 1.000000000000000000, -0.0000000000000000000 ) ) ;
#7850 = DIRECTION ( 'NONE',  ( 0.1721747305422618400, 0.9848077530122085800, 0.02257325341514534300 ) ) ;
#7851 = DIRECTION ( 'NONE',  ( 1.000000000000000000, 0.0000000000000000000, 0.0000000000000000000 ) ) ;
#7852 = VECTOR ( 'NONE', #2448, 1000.000000000000000 ) ;
#7853 = ORIENTED_EDGE ( 'NONE', *, *, #1066, .F. ) ;
#7854 = AXIS2_PLACEMENT_3D ( 'NONE', #6489, #1106, #4733 ) ;
#7855 = ORIENTED_EDGE ( 'NONE', *, *, #2003, .F. ) ;
#7856 = DIRECTION ( 'NONE',  ( 0.0000000000000000000, 1.000000000000000000, 0.0000000000000000000 ) ) ;
#7857 = CIRCLE ( 'NONE', #5919, 0.1000000000000000500 ) ;
#7858 = EDGE_LOOP ( 'NONE', ( #2628, #3504, #2703, #1688, #2766, #7586 ) ) ;
#7859 = COLOUR_RGB ( '',1.000000000000000000, 1.000000000000000000, 1.000000000000000000 ) ;
#7860 = EDGE_LOOP ( 'NONE', ( #3930, #7670, #878, #7838 ) ) ;
#7861 = DIRECTION ( 'NONE',  ( -1.000000000000000000, 2.891205793294662500E-015, 0.0000000000000000000 ) ) ;
#7862 = AXIS2_PLACEMENT_3D ( 'NONE', #616, #1955, #3697 ) ;
#7863 = VECTOR ( 'NONE', #5841, 1000.000000000000100 ) ;
#7864 = CARTESIAN_POINT ( 'NONE',  ( -0.8749999999999996700, 0.7999999999999999300, -0.5232233048283627700 ) ) ;
#7865 = ORIENTED_EDGE ( 'NONE', *, *, #1686, .T. ) ;
#7866 = DIRECTION ( 'NONE',  ( -0.0000000000000000000, 1.000000000000000000, -0.0000000000000000000 ) ) ;
#7867 = EDGE_CURVE ( 'NONE', #2742, #4935, #5578, .T. ) ;
#7868 = LINE ( 'NONE', #5449, #4344 ) ;
#7869 = DIRECTION ( 'NONE',  ( 0.0000000000000000000, 0.7660444431189750200, 0.6427876096865429200 ) ) ;
#7870 = ORIENTED_EDGE ( 'NONE', *, *, #2938, .T. ) ;
#7871 = EDGE_CURVE ( 'NONE', #4085, #3365, #1230, .T. ) ;
#7872 = EDGE_CURVE ( 'NONE', #3130, #7203, #1033, .T. ) ;
#7873 = CARTESIAN_POINT ( 'NONE',  ( -1.348045598058626600, 0.9499999999999936300, 1.099135055248403600 ) ) ;
#7874 = PLANE ( 'NONE',  #4127 ) ;
#7875 = LINE ( 'NONE', #363, #5683 ) ;
#7876 = CARTESIAN_POINT ( 'NONE',  ( -1.524999999999999900, 0.7999999999999999300, -0.2500000001249999500 ) ) ;
#7877 = DIRECTION ( 'NONE',  ( 1.000000000000000000, -0.0000000000000000000, -1.548860246062135700E-016 ) ) ;
#7878 = VERTEX_POINT ( 'NONE', #1769 ) ;
#7879 = FACE_OUTER_BOUND ( 'NONE', #6704, .T. ) ;
#7880 = DIRECTION ( 'NONE',  ( -2.380914410641389900E-015, 0.0000000000000000000, -1.000000000000000000 ) ) ;
#7881 = DIRECTION ( 'NONE',  ( -0.0000000000000000000, -1.000000000000000000, 0.0000000000000000000 ) ) ;
#7882 = VERTEX_POINT ( 'NONE', #4172 ) ;
#7883 = VECTOR ( 'NONE', #3682, 1000.000000000000000 ) ;
#7884 = ORIENTED_EDGE ( 'NONE', *, *, #4904, .T. ) ;
#7885 = AXIS2_PLACEMENT_3D ( 'NONE', #7376, #6167, #2565 ) ;
#7886 = ADVANCED_FACE ( 'NONE', ( #2761 ), #7229, .F. ) ;
#7887 = VECTOR ( 'NONE', #6816, 1000.000000000000000 ) ;
#7888 = DIRECTION ( 'NONE',  ( 0.0000000000000000000, 0.0000000000000000000, -1.000000000000000000 ) ) ;
#7889 = ORIENTED_EDGE ( 'NONE', *, *, #4454, .F. ) ;
#7890 = LINE ( 'NONE', #7472, #2687 ) ;
#7891 = CARTESIAN_POINT ( 'NONE',  ( -0.8749999999999992200, 0.5999999999999999800, 1.649999999924999000 ) ) ;
#7892 = LINE ( 'NONE', #4737, #2785 ) ;
#7893 = ORIENTED_EDGE ( 'NONE', *, *, #5680, .F. ) ;
#7894 = CARTESIAN_POINT ( 'NONE',  ( 0.0000000000000000000, 0.9499999999999936300, 1.074999999925000400 ) ) ;
#7895 = LINE ( 'NONE', #5675, #1056 ) ;
#7896 = CARTESIAN_POINT ( 'NONE',  ( -0.5105591752196875200, -0.05955854554057747600, 0.2520148520334311600 ) ) ;
#7897 = VECTOR ( 'NONE', #4253, 1000.000000000000000 ) ;
#7898 = ADVANCED_FACE ( 'NONE', ( #452 ), #5971, .F. ) ;
#7899 = PLANE ( 'NONE',  #6879 ) ;
#7900 = ORIENTED_EDGE ( 'NONE', *, *, #4808, .F. ) ;
#7901 = ORIENTED_EDGE ( 'NONE', *, *, #5670, .T. ) ;
#7902 = CARTESIAN_POINT ( 'NONE',  ( 2.366421356237310200, 0.7999999999999999300, -0.2500000001249999500 ) ) ;
#7903 = FACE_OUTER_BOUND ( 'NONE', #7552, .T. ) ;
#7904 = VERTEX_POINT ( 'NONE', #2867 ) ;
#7905 = VECTOR ( 'NONE', #501, 1000.000000000000000 ) ;
#7906 = EDGE_LOOP ( 'NONE', ( #6818, #6371, #4125 ) ) ;
#7907 = CARTESIAN_POINT ( 'NONE',  ( -2.692632698070846200, 0.09999999999999993600, -0.5499999999499998200 ) ) ;
#7908 = DIRECTION ( 'NONE',  ( -1.000000000000000000, 0.0000000000000000000, 0.0000000000000000000 ) ) ;
#7909 = CARTESIAN_POINT ( 'NONE',  ( 0.8749999999999996700, 0.7499999999999998900, -0.2500000001249999500 ) ) ;
#7910 = CARTESIAN_POINT ( 'NONE',  ( -1.349999999687499200, 0.0000000000000000000, -1.899999999925000100 ) ) ;
#7911 = DIRECTION ( 'NONE',  ( 1.000000000000000000, 0.0000000000000000000, 0.0000000000000000000 ) ) ;
#7912 = LINE ( 'NONE', #2708, #4659 ) ;
#7913 = EDGE_CURVE ( 'NONE', #5552, #4238, #2937, .T. ) ;
#7914 = VERTEX_POINT ( 'NONE', #5085 ) ;
#7915 = VECTOR ( 'NONE', #6661, 1000.000000000000000 ) ;
#7916 = ORIENTED_EDGE ( 'NONE', *, *, #6490, .T. ) ;
#7917 = CARTESIAN_POINT ( 'NONE',  ( -0.9749999999999989800, 1.050000000000000000, 1.899999999924999000 ) ) ;
#7918 = AXIS2_PLACEMENT_3D ( 'NONE', #7132, #3984, #3708 ) ;
#7919 = ORIENTED_EDGE ( 'NONE', *, *, #4412, .F. ) ;
ENDSEC;
END-ISO-10303-21;
