ISO-10303-21;
HEADER;
FILE_DESCRIPTION (( 'STEP AP214' ),
    '1' );
FILE_NAME ('LTC6409IUDB#TRPBF.STEP',
    '2025-06-10T13:17:35',
    ( '' ),
    ( '' ),
    'SwSTEP 2.0',
    'SolidWorks 2024',
    '' );
FILE_SCHEMA (( 'AUTOMOTIVE_DESIGN' ));
ENDSEC;

DATA;
#1 = EDGE_CURVE ( 'NONE', #1110, #1836, #554, .T. ) ;
#2 = ORIENTED_EDGE ( 'NONE', *, *, #1148, .F. ) ;
#3 = DIRECTION ( 'NONE',  ( 1.000000000000000000, 0.000000000000000000, -0.000000000000000000 ) ) ;
#4 = EDGE_CURVE ( 'NONE', #2275, #658, #364, .T. ) ;
#5 =( NAMED_UNIT ( * ) PLANE_ANGLE_UNIT ( ) SI_UNIT ( $, .RADIAN. ) );
#6 = CARTESIAN_POINT ( 'NONE',  ( 0.05000000000000000278, -1.002000000000000002, 0.3749999999999998890 ) ) ;
#7 = ORIENTED_EDGE ( 'NONE', *, *, #1173, .F. ) ;
#8 = AXIS2_PLACEMENT_3D ( 'NONE', #214, #389, #2366 ) ;
#9 = DIRECTION ( 'NONE',  ( 0.000000000000000000, 0.000000000000000000, 1.000000000000000000 ) ) ;
#10 = LINE ( 'NONE', #1180, #237 ) ;
#11 = DIRECTION ( 'NONE',  ( 0.000000000000000000, -1.000000000000000000, 0.000000000000000000 ) ) ;
#12 = PLANE ( 'NONE',  #1230 ) ;
#13 = CARTESIAN_POINT ( 'NONE',  ( -0.1499999999999999944, 0.2749999999999999667, 1.502000000000000224 ) ) ;
#14 = DIRECTION ( 'NONE',  ( 1.000000000000000000, 0.000000000000000000, -0.000000000000000000 ) ) ;
#15 = AXIS2_PLACEMENT_3D ( 'NONE', #741, #877, #1509 ) ;
#16 = CARTESIAN_POINT ( 'NONE',  ( 0.000000000000000000, 0.6962928578572857852, 0.6249999999999998890 ) ) ;
#17 = CARTESIAN_POINT ( 'NONE',  ( 0.000000000000000000, -0.3999999999999997446, -1.032000000000000695 ) ) ;
#18 = ORIENTED_EDGE ( 'NONE', *, *, #1946, .F. ) ;
#19 = VERTEX_POINT ( 'NONE', #2230 ) ;
#20 = VECTOR ( 'NONE', #1985, 1000.000000000000000 ) ;
#21 = ADVANCED_FACE ( 'NONE', ( #1659 ), #2256, .T. ) ;
#22 = CARTESIAN_POINT ( 'NONE',  ( -0.6999999999999999556, 1.000000000000000000, 1.500000000000000222 ) ) ;
#23 = VECTOR ( 'NONE', #2161, 1000.000000000000000 ) ;
#24 = ORIENTED_EDGE ( 'NONE', *, *, #1700, .T. ) ;
#25 = CARTESIAN_POINT ( 'NONE',  ( -0.6999999999999999556, 1.000000000000000000, -0.1249999999999998890 ) ) ;
#26 = CYLINDRICAL_SURFACE ( 'NONE', #466, 0.1300000000000000044 ) ;
#27 = ORIENTED_EDGE ( 'NONE', *, *, #2491, .F. ) ;
#28 = ORIENTED_EDGE ( 'NONE', *, *, #1535, .F. ) ;
#29 = DIRECTION ( 'NONE',  ( 0.000000000000000000, 1.000000000000000000, 0.000000000000000000 ) ) ;
#30 = DIRECTION ( 'NONE',  ( 0.000000000000000000, -1.000000000000000000, 0.000000000000000000 ) ) ;
#31 = CARTESIAN_POINT ( 'NONE',  ( -0.1499999999999999944, -0.6962928578572860072, 0.1250000000000001388 ) ) ;
#32 = ADVANCED_FACE ( 'NONE', ( #447 ), #461, .F. ) ;
#33 = CARTESIAN_POINT ( 'NONE',  ( -0.1499999999999999944, -0.6962928578572857852, 0.3749999999999998890 ) ) ;
#34 = ORIENTED_EDGE ( 'NONE', *, *, #777, .F. ) ;
#35 = CARTESIAN_POINT ( 'NONE',  ( 0.000000000000000000, 0.2750000000000000777, 1.500000000000000222 ) ) ;
#36 = EDGE_CURVE ( 'NONE', #594, #528, #595, .T. ) ;
#37 = ORIENTED_EDGE ( 'NONE', *, *, #1853, .F. ) ;
#38 = ORIENTED_EDGE ( 'NONE', *, *, #519, .F. ) ;
#39 = EDGE_CURVE ( 'NONE', #2273, #637, #1280, .T. ) ;
#40 = DIRECTION ( 'NONE',  ( -1.000000000000000000, 0.000000000000000000, -0.000000000000000000 ) ) ;
#41 = LINE ( 'NONE', #669, #2533 ) ;
#42 = ORIENTED_EDGE ( 'NONE', *, *, #609, .T. ) ;
#43 = CARTESIAN_POINT ( 'NONE',  ( -0.1499999999999999944, 1.002000000000000002, 0.3749999999999998890 ) ) ;
#44 = VERTEX_POINT ( 'NONE', #1870 ) ;
#45 = FACE_OUTER_BOUND ( 'NONE', #464, .T. ) ;
#46 = FILL_AREA_STYLE_COLOUR ( '', #1012 ) ;
#47 = CARTESIAN_POINT ( 'NONE',  ( -0.1499999999999999944, 0.6962928578572860072, -0.1249999999999999722 ) ) ;
#48 = ORIENTED_EDGE ( 'NONE', *, *, #322, .T. ) ;
#49 = EDGE_CURVE ( 'NONE', #650, #1336, #619, .T. ) ;
#50 = CARTESIAN_POINT ( 'NONE',  ( 0.000000000000000000, 0.6962928578572860072, -0.1249999999999999722 ) ) ;
#51 = DIRECTION ( 'NONE',  ( 0.000000000000000000, 1.000000000000000000, 2.659903931797975694E-16 ) ) ;
#52 = VECTOR ( 'NONE', #1448, 1000.000000000000000 ) ;
#53 = ORIENTED_EDGE ( 'NONE', *, *, #1783, .F. ) ;
#54 = EDGE_CURVE ( 'NONE', #246, #1152, #2284, .T. ) ;
#55 = PLANE ( 'NONE',  #1260 ) ;
#56 = ORIENTED_EDGE ( 'NONE', *, *, #177, .F. ) ;
#57 = CARTESIAN_POINT ( 'NONE',  ( 0.000000000000000000, 0.6962928578572860072, 0.1250000000000001388 ) ) ;
#58 = LINE ( 'NONE', #1689, #310 ) ;
#59 = CLOSED_SHELL ( 'NONE', ( #297, #902, #1118, #2282, #289, #1073, #1066, #1721, #1986, #2312, #2508, #2498, #1029, #642, #2089, #413, #163, #345, #1304, #912, #1928, #155, #400, #416, #253, #1294, #331, #92, #1526, #501, #2146, #1026, #32, #2070, #700, #1142, #2074, #1975, #2110, #2443, #360, #1261, #188, #2119, #1640, #1906, #2447, #2151, #1817, #1086, #1547, #1767, #2356, #73, #2329, #205, #680, #1804, #21, #1343, #340, #2346, #979, #131, #1379, #1933, #1623, #1367, #2164, #1139, #1271, #467, #2174, #2204, #1314, #2264 ) ) ;
#60 = CARTESIAN_POINT ( 'NONE',  ( -0.1499999999999999944, -0.2749999999999999667, -1.502000000000000224 ) ) ;
#61 = VECTOR ( 'NONE', #1777, 1000.000000000000000 ) ;
#62 = DIRECTION ( 'NONE',  ( 1.000000000000000000, 0.000000000000000000, 0.000000000000000000 ) ) ;
#63 = DIRECTION ( 'NONE',  ( 1.000000000000000000, 0.000000000000000000, 0.000000000000000000 ) ) ;
#64 = VECTOR ( 'NONE', #1666, 1000.000000000000000 ) ;
#65 = ORIENTED_EDGE ( 'NONE', *, *, #1504, .T. ) ;
#66 = AXIS2_PLACEMENT_3D ( 'NONE', #373, #2001, #2525 ) ;
#67 = CARTESIAN_POINT ( 'NONE',  ( -0.1499999999999999944, 0.6962928578572857852, 0.3749999999999998890 ) ) ;
#68 = DIRECTION ( 'NONE',  ( -1.000000000000000000, 0.000000000000000000, 0.000000000000000000 ) ) ;
#69 = EDGE_CURVE ( 'NONE', #1264, #2109, #2117, .T. ) ;
#70 = AXIS2_PLACEMENT_3D ( 'NONE', #295, #1080, #2278 ) ;
#71 = ORIENTED_EDGE ( 'NONE', *, *, #1676, .T. ) ;
#72 = PLANE ( 'NONE',  #2408 ) ;
#73 = ADVANCED_FACE ( 'NONE', ( #1524 ), #2080, .T. ) ;
#74 = ORIENTED_EDGE ( 'NONE', *, *, #4, .T. ) ;
#75 = FACE_OUTER_BOUND ( 'NONE', #1668, .T. ) ;
#76 = DIRECTION ( 'NONE',  ( 1.000000000000000000, 0.000000000000000000, 0.000000000000000000 ) ) ;
#77 = ORIENTED_EDGE ( 'NONE', *, *, #4, .F. ) ;
#78 = CARTESIAN_POINT ( 'NONE',  ( 0.000000000000000000, -0.5250000000000000222, 0.000000000000000000 ) ) ;
#79 = ORIENTED_EDGE ( 'NONE', *, *, #2159, .T. ) ;
#80 = ORIENTED_EDGE ( 'NONE', *, *, #1148, .T. ) ;
#81 = DIRECTION ( 'NONE',  ( 1.000000000000000000, 0.000000000000000000, 0.000000000000000000 ) ) ;
#82 = DIRECTION ( 'NONE',  ( -1.000000000000000000, 0.000000000000000000, 0.000000000000000000 ) ) ;
#83 = CARTESIAN_POINT ( 'NONE',  ( 0.000000000000000000, -1.000000000000000000, -1.499999999999999778 ) ) ;
#84 = CARTESIAN_POINT ( 'NONE',  ( -0.1499999999999999944, 0.2749999999999999667, 1.502000000000000224 ) ) ;
#85 = ORIENTED_EDGE ( 'NONE', *, *, #1409, .F. ) ;
#86 = FACE_OUTER_BOUND ( 'NONE', #2237, .T. ) ;
#87 = CARTESIAN_POINT ( 'NONE',  ( 0.05000000000000000278, -1.002000000000000224, -0.3749999999999998890 ) ) ;
#88 = EDGE_CURVE ( 'NONE', #1152, #1992, #149, .T. ) ;
#89 = DIRECTION ( 'NONE',  ( 0.000000000000000000, 0.000000000000000000, -1.000000000000000000 ) ) ;
#90 = ORIENTED_EDGE ( 'NONE', *, *, #1427, .F. ) ;
#91 = DIRECTION ( 'NONE',  ( 1.000000000000000000, 0.000000000000000000, 0.000000000000000000 ) ) ;
#92 = ADVANCED_FACE ( 'NONE', ( #744 ), #305, .T. ) ;
#93 = DIRECTION ( 'NONE',  ( -1.000000000000000000, -0.000000000000000000, 0.000000000000000000 ) ) ;
#94 = ORIENTED_EDGE ( 'NONE', *, *, #128, .T. ) ;
#95 = LINE ( 'NONE', #2469, #398 ) ;
#96 = VECTOR ( 'NONE', #1658, 1000.000000000000000 ) ;
#97 = CARTESIAN_POINT ( 'NONE',  ( 0.05000000000000000278, 1.002000000000000224, -0.6249999999999998890 ) ) ;
#98 = VECTOR ( 'NONE', #2181, 1000.000000000000000 ) ;
#99 = FACE_OUTER_BOUND ( 'NONE', #1584, .T. ) ;
#100 = DIRECTION ( 'NONE',  ( 0.000000000000000000, 0.000000000000000000, -1.000000000000000000 ) ) ;
#101 = ORIENTED_EDGE ( 'NONE', *, *, #2520, .T. ) ;
#102 = DIRECTION ( 'NONE',  ( 0.000000000000000000, -1.000000000000000000, 0.000000000000000000 ) ) ;
#103 = LINE ( 'NONE', #1855, #1999 ) ;
#104 = ORIENTED_EDGE ( 'NONE', *, *, #1568, .T. ) ;
#105 = LINE ( 'NONE', #1499, #1842 ) ;
#106 = VECTOR ( 'NONE', #2183, 1000.000000000000000 ) ;
#107 = VERTEX_POINT ( 'NONE', #336 ) ;
#108 = ORIENTED_EDGE ( 'NONE', *, *, #1795, .F. ) ;
#109 = EDGE_CURVE ( 'NONE', #1508, #246, #713, .T. ) ;
#110 = ORIENTED_EDGE ( 'NONE', *, *, #608, .F. ) ;
#111 = VECTOR ( 'NONE', #1800, 1000.000000000000000 ) ;
#112 = ORIENTED_EDGE ( 'NONE', *, *, #519, .T. ) ;
#113 = PRESENTATION_LAYER_ASSIGNMENT (  '', '', ( #1225 ) ) ;
#114 = DIRECTION ( 'NONE',  ( 1.000000000000000000, 0.000000000000000000, 0.000000000000000000 ) ) ;
#115 =( NAMED_UNIT ( * ) SI_UNIT ( $, .STERADIAN. ) SOLID_ANGLE_UNIT ( ) );
#116 = VECTOR ( 'NONE', #1663, 1000.000000000000000 ) ;
#117 = FACE_OUTER_BOUND ( 'NONE', #2485, .T. ) ;
#118 = CARTESIAN_POINT ( 'NONE',  ( 0.05000000000000000278, 0.000000000000000000, 0.000000000000000000 ) ) ;
#119 = VECTOR ( 'NONE', #381, 1000.000000000000000 ) ;
#120 = EDGE_LOOP ( 'NONE', ( #508, #538, #71, #2461, #2504 ) ) ;
#121 = CARTESIAN_POINT ( 'NONE',  ( -0.1499999999999999944, 0.5250000000000000222, -1.502000000000000224 ) ) ;
#122 = DIRECTION ( 'NONE',  ( 0.000000000000000000, 0.000000000000000000, -1.000000000000000000 ) ) ;
#123 = ORIENTED_EDGE ( 'NONE', *, *, #1375, .F. ) ;
#124 = CARTESIAN_POINT ( 'NONE',  ( -0.1499999999999999944, -0.05000000000000000278, 0.4499999999999999556 ) ) ;
#125 = ORIENTED_EDGE ( 'NONE', *, *, #1193, .F. ) ;
#126 = DIRECTION ( 'NONE',  ( 1.000000000000000000, 0.000000000000000000, 0.000000000000000000 ) ) ;
#127 = UNCERTAINTY_MEASURE_WITH_UNIT (LENGTH_MEASURE( 1.000000000000000082E-05 ), #1224, 'distance_accuracy_value', 'NONE');
#128 = EDGE_CURVE ( 'NONE', #1496, #873, #105, .T. ) ;
#129 = CARTESIAN_POINT ( 'NONE',  ( -0.1499999999999999944, -1.002000000000000224, 0.1250000000000001110 ) ) ;
#130 = ORIENTED_EDGE ( 'NONE', *, *, #1972, .T. ) ;
#131 = ADVANCED_FACE ( 'NONE', ( #1935 ), #1922, .T. ) ;
#132 = CARTESIAN_POINT ( 'NONE',  ( 0.05000000000000000278, 0.2749999999999999667, -1.502000000000000224 ) ) ;
#133 = ORIENTED_EDGE ( 'NONE', *, *, #339, .T. ) ;
#134 = DIRECTION ( 'NONE',  ( 1.000000000000000000, 0.000000000000000000, 0.000000000000000000 ) ) ;
#135 = CARTESIAN_POINT ( 'NONE',  ( 0.05000000000000000278, -0.7320000000000000950, 7.535475367157189374E-17 ) ) ;
#136 = CARTESIAN_POINT ( 'NONE',  ( -0.1499999999999999944, -0.2749999999999999667, 1.502000000000000224 ) ) ;
#137 = DIRECTION ( 'NONE',  ( 0.000000000000000000, 0.000000000000000000, -1.000000000000000000 ) ) ;
#138 = ORIENTED_EDGE ( 'NONE', *, *, #886, .T. ) ;
#139 = ORIENTED_EDGE ( 'NONE', *, *, #1588, .T. ) ;
#140 = EDGE_LOOP ( 'NONE', ( #1131, #392, #2347, #1784 ) ) ;
#141 = VECTOR ( 'NONE', #2557, 1000.000000000000000 ) ;
#142 = CARTESIAN_POINT ( 'NONE',  ( 0.000000000000000000, -1.000000000000000000, 1.500000000000000222 ) ) ;
#143 = ORIENTED_EDGE ( 'NONE', *, *, #2319, .F. ) ;
#144 = DIRECTION ( 'NONE',  ( 0.000000000000000000, 0.000000000000000000, -1.000000000000000000 ) ) ;
#145 = EDGE_CURVE ( 'NONE', #1027, #1312, #1089, .T. ) ;
#146 = AXIS2_PLACEMENT_3D ( 'NONE', #334, #1749, #1737 ) ;
#147 = STYLED_ITEM ( 'NONE', ( #1169 ), #2082 ) ;
#148 = FACE_OUTER_BOUND ( 'NONE', #257, .T. ) ;
#149 = LINE ( 'NONE', #328, #2416 ) ;
#150 = LINE ( 'NONE', #1147, #1932 ) ;
#151 = DIRECTION ( 'NONE',  ( 1.000000000000000000, 0.000000000000000000, 0.000000000000000000 ) ) ;
#152 = ORIENTED_EDGE ( 'NONE', *, *, #1881, .T. ) ;
#153 = ORIENTED_EDGE ( 'NONE', *, *, #54, .T. ) ;
#154 = AXIS2_PLACEMENT_3D ( 'NONE', #904, #2265, #1082 ) ;
#155 = ADVANCED_FACE ( 'NONE', ( #896 ), #2500, .T. ) ;
#156 = ORIENTED_EDGE ( 'NONE', *, *, #2468, .F. ) ;
#157 = PRESENTATION_LAYER_ASSIGNMENT (  '', '', ( #1559 ) ) ;
#158 = AXIS2_PLACEMENT_3D ( 'NONE', #417, #2391, #780 ) ;
#159 = EDGE_CURVE ( 'NONE', #376, #2314, #1306, .T. ) ;
#160 = DIRECTION ( 'NONE',  ( 0.000000000000000000, 0.000000000000000000, -1.000000000000000000 ) ) ;
#161 = ORIENTED_EDGE ( 'NONE', *, *, #1504, .F. ) ;
#162 = CARTESIAN_POINT ( 'NONE',  ( -0.1499999999999999944, 1.002000000000000224, -0.1249999999999998890 ) ) ;
#163 = ADVANCED_FACE ( 'NONE', ( #928 ), #2093, .T. ) ;
#164 = DIRECTION ( 'NONE',  ( 1.000000000000000000, 0.000000000000000000, 0.000000000000000000 ) ) ;
#165 = CARTESIAN_POINT ( 'NONE',  ( 0.000000000000000000, 1.000000000000000000, 0.3749999999999998890 ) ) ;
#166 = ORIENTED_EDGE ( 'NONE', *, *, #1128, .T. ) ;
#167 = CARTESIAN_POINT ( 'NONE',  ( 0.05000000000000000278, -1.002000000000000224, 0.1250000000000001110 ) ) ;
#168 = DIRECTION ( 'NONE',  ( 1.000000000000000000, 0.000000000000000000, 0.000000000000000000 ) ) ;
#169 = VERTEX_POINT ( 'NONE', #1730 ) ;
#170 = CYLINDRICAL_SURFACE ( 'NONE', #146, 0.1300000000000000044 ) ;
#171 = EDGE_LOOP ( 'NONE', ( #632, #1553, #199, #1006 ) ) ;
#172 = EDGE_CURVE ( 'NONE', #1168, #1079, #1101, .T. ) ;
#173 = ORIENTED_EDGE ( 'NONE', *, *, #1891, .F. ) ;
#174 = CARTESIAN_POINT ( 'NONE',  ( 0.05000000000000000278, 0.4000000000000000222, 1.032000000000000695 ) ) ;
#175 = CARTESIAN_POINT ( 'NONE',  ( -0.1499999999999999944, -0.6962928578572860072, -0.3749999999999998890 ) ) ;
#176 = CARTESIAN_POINT ( 'NONE',  ( 0.000000000000000000, -1.000000000000000000, 1.500000000000000222 ) ) ;
#177 = EDGE_CURVE ( 'NONE', #1501, #1329, #2124, .T. ) ;
#178 = CARTESIAN_POINT ( 'NONE',  ( -0.1499999999999999944, 0.5250000000000000222, 1.502000000000000224 ) ) ;
#179 = ORIENTED_EDGE ( 'NONE', *, *, #2242, .T. ) ;
#180 = FACE_OUTER_BOUND ( 'NONE', #212, .T. ) ;
#181 =( NAMED_UNIT ( * ) PLANE_ANGLE_UNIT ( ) SI_UNIT ( $, .RADIAN. ) );
#182 = VECTOR ( 'NONE', #1944, 1000.000000000000000 ) ;
#183 = CARTESIAN_POINT ( 'NONE',  ( -0.1499999999999999944, 0.6962928578572857852, 0.3749999999999998890 ) ) ;
#184 = VECTOR ( 'NONE', #544, 1000.000000000000000 ) ;
#185 = CARTESIAN_POINT ( 'NONE',  ( -0.1499999999999999944, 1.000000000000000000, 0.1250000000000001110 ) ) ;
#186 = CARTESIAN_POINT ( 'NONE',  ( 0.05000000000000000278, -0.6962928578572857852, 0.3749999999999998890 ) ) ;
#187 = VERTEX_POINT ( 'NONE', #162 ) ;
#188 = ADVANCED_FACE ( 'NONE', ( #1673 ), #2462, .T. ) ;
#189 = VECTOR ( 'NONE', #1340, 1000.000000000000000 ) ;
#190 = LINE ( 'NONE', #800, #757 ) ;
#191 = VECTOR ( 'NONE', #1505, 1000.000000000000000 ) ;
#192 = ORIENTED_EDGE ( 'NONE', *, *, #159, .F. ) ;
#193 = DIRECTION ( 'NONE',  ( -1.000000000000000000, 0.000000000000000000, 0.000000000000000000 ) ) ;
#194 = VECTOR ( 'NONE', #1156, 1000.000000000000000 ) ;
#195 = ORIENTED_EDGE ( 'NONE', *, *, #765, .T. ) ;
#196 = AXIS2_PLACEMENT_3D ( 'NONE', #1116, #151, #1002 ) ;
#197 = FACE_OUTER_BOUND ( 'NONE', #1979, .T. ) ;
#198 = DIRECTION ( 'NONE',  ( 0.000000000000000000, 0.000000000000000000, 1.000000000000000000 ) ) ;
#199 = ORIENTED_EDGE ( 'NONE', *, *, #1226, .F. ) ;
#200 = VECTOR ( 'NONE', #114, 1000.000000000000000 ) ;
#201 = LINE ( 'NONE', #1998, #1183 ) ;
#202 = EDGE_CURVE ( 'NONE', #984, #1523, #1511, .T. ) ;
#203 = CARTESIAN_POINT ( 'NONE',  ( -0.1499999999999999944, -1.002000000000000002, 0.3749999999999998890 ) ) ;
#204 = LINE ( 'NONE', #623, #1387 ) ;
#205 = ADVANCED_FACE ( 'NONE', ( #2271 ), #972, .F. ) ;
#206 = VERTEX_POINT ( 'NONE', #1353 ) ;
#207 = ORIENTED_EDGE ( 'NONE', *, *, #763, .F. ) ;
#208 = FILL_AREA_STYLE_COLOUR ( '', #2172 ) ;
#209 = VERTEX_POINT ( 'NONE', #1945 ) ;
#210 = PLANE ( 'NONE',  #158 ) ;
#211 = LINE ( 'NONE', #186, #2417 ) ;
#212 = EDGE_LOOP ( 'NONE', ( #1046, #315, #2270, #161 ) ) ;
#213 = LINE ( 'NONE', #47, #703 ) ;
#214 = CARTESIAN_POINT ( 'NONE',  ( -0.1499999999999999944, -0.5250000000000000222, 1.502000000000000224 ) ) ;
#215 = FACE_OUTER_BOUND ( 'NONE', #1802, .T. ) ;
#216 = PLANE ( 'NONE',  #681 ) ;
#217 = EDGE_CURVE ( 'NONE', #2302, #1108, #2324, .T. ) ;
#218 = VERTEX_POINT ( 'NONE', #1402 ) ;
#219 = CARTESIAN_POINT ( 'NONE',  ( 0.05000000000000000278, 0.5250000000000000222, 0.9962928578572867178 ) ) ;
#220 = DIRECTION ( 'NONE',  ( 0.000000000000000000, 0.000000000000000000, 1.000000000000000000 ) ) ;
#221 = DIRECTION ( 'NONE',  ( 1.000000000000000000, 0.000000000000000000, 0.000000000000000000 ) ) ;
#222 = AXIS2_PLACEMENT_3D ( 'NONE', #118, #1702, #526 ) ;
#223 = DIRECTION ( 'NONE',  ( -0.000000000000000000, -1.000000000000000000, -0.000000000000000000 ) ) ;
#224 = DIRECTION ( 'NONE',  ( -0.000000000000000000, -1.000000000000000000, -0.000000000000000000 ) ) ;
#225 = LINE ( 'NONE', #2353, #634 ) ;
#226 = EDGE_LOOP ( 'NONE', ( #94, #1889, #1123, #65, #458, #351 ) ) ;
#227 = EDGE_CURVE ( 'NONE', #1058, #984, #1171, .T. ) ;
#228 = CARTESIAN_POINT ( 'NONE',  ( -0.1499999999999999944, 1.000000000000000000, -0.3749999999999998890 ) ) ;
#229 = ORIENTED_EDGE ( 'NONE', *, *, #217, .T. ) ;
#230 = CARTESIAN_POINT ( 'NONE',  ( 0.05000000000000000278, -0.6962928578572857852, 0.6249999999999998890 ) ) ;
#231 = VECTOR ( 'NONE', #407, 1000.000000000000000 ) ;
#232 = EDGE_CURVE ( 'NONE', #1677, #1611, #1785, .T. ) ;
#233 = AXIS2_PLACEMENT_3D ( 'NONE', #742, #2121, #1747 ) ;
#234 = DIRECTION ( 'NONE',  ( 0.000000000000000000, 0.000000000000000000, 1.000000000000000000 ) ) ;
#235 = CARTESIAN_POINT ( 'NONE',  ( -0.6999999999999999556, -1.000000000000000000, -0.3749999999999998890 ) ) ;
#236 = VERTEX_POINT ( 'NONE', #585 ) ;
#237 = VECTOR ( 'NONE', #1976, 1000.000000000000000 ) ;
#238 = EDGE_CURVE ( 'NONE', #2147, #1913, #1750, .T. ) ;
#239 = CARTESIAN_POINT ( 'NONE',  ( -0.1499999999999999944, -0.2749999999999999667, -1.502000000000000224 ) ) ;
#240 = AXIS2_PLACEMENT_3D ( 'NONE', #174, #1093, #1739 ) ;
#241 = ORIENTED_EDGE ( 'NONE', *, *, #2188, .T. ) ;
#242 = ORIENTED_EDGE ( 'NONE', *, *, #1334, .F. ) ;
#243 = CARTESIAN_POINT ( 'NONE',  ( 0.05000000000000000278, -0.7320000000000000950, 0.4999999999999998890 ) ) ;
#244 = CARTESIAN_POINT ( 'NONE',  ( -0.1499999999999999667, -1.000000000000000000, 1.500000000000000222 ) ) ;
#245 = VERTEX_POINT ( 'NONE', #1980 ) ;
#246 = VERTEX_POINT ( 'NONE', #1738 ) ;
#247 = LINE ( 'NONE', #1774, #1039 ) ;
#248 = ORIENTED_EDGE ( 'NONE', *, *, #1321, .T. ) ;
#249 = CARTESIAN_POINT ( 'NONE',  ( -0.6999999999999999556, 0.5250000000000000222, 1.500000000000000222 ) ) ;
#250 = VERTEX_POINT ( 'NONE', #2559 ) ;
#251 = LINE ( 'NONE', #433, #1940 ) ;
#252 = ORIENTED_EDGE ( 'NONE', *, *, #1726, .T. ) ;
#253 = ADVANCED_FACE ( 'NONE', ( #2519 ), #2348, .T. ) ;
#254 = DIRECTION ( 'NONE',  ( -0.000000000000000000, 1.000000000000000000, 3.989863994746155864E-14 ) ) ;
#255 = ORIENTED_EDGE ( 'NONE', *, *, #1606, .F. ) ;
#256 = EDGE_CURVE ( 'NONE', #1528, #2334, #734, .T. ) ;
#257 = EDGE_LOOP ( 'NONE', ( #1004, #2211, #1342, #2418 ) ) ;
#258 = CARTESIAN_POINT ( 'NONE',  ( -0.1499999999999999944, 1.002000000000000224, 0.1250000000000001110 ) ) ;
#259 = DIRECTION ( 'NONE',  ( -0.000000000000000000, 8.866346439326585237E-17, 1.000000000000000000 ) ) ;
#260 = CARTESIAN_POINT ( 'NONE',  ( 0.05000000000000000278, -0.5250000000000000222, 0.9962928578572867178 ) ) ;
#261 = ORIENTED_EDGE ( 'NONE', *, *, #1726, .F. ) ;
#262 = FACE_OUTER_BOUND ( 'NONE', #1818, .T. ) ;
#263 = LINE ( 'NONE', #124, #462 ) ;
#264 = EDGE_LOOP ( 'NONE', ( #2006, #79, #192, #2499 ) ) ;
#265 = DIRECTION ( 'NONE',  ( -0.000000000000000000, -1.000000000000000000, -0.000000000000000000 ) ) ;
#266 = ORIENTED_EDGE ( 'NONE', *, *, #2193, .T. ) ;
#267 = ORIENTED_EDGE ( 'NONE', *, *, #2079, .F. ) ;
#268 = VECTOR ( 'NONE', #2195, 1000.000000000000000 ) ;
#269 = EDGE_CURVE ( 'NONE', #1724, #1470, #1368, .T. ) ;
#270 = VECTOR ( 'NONE', #412, 1000.000000000000000 ) ;
#271 = DIRECTION ( 'NONE',  ( 1.000000000000000000, 0.000000000000000000, -0.000000000000000000 ) ) ;
#272 = DIRECTION ( 'NONE',  ( -0.000000000000000000, 0.000000000000000000, 1.000000000000000000 ) ) ;
#273 = AXIS2_PLACEMENT_3D ( 'NONE', #1034, #1664, #51 ) ;
#274 = LINE ( 'NONE', #673, #833 ) ;
#275 = ORIENTED_EDGE ( 'NONE', *, *, #880, .T. ) ;
#276 = DIRECTION ( 'NONE',  ( 0.000000000000000000, -6.217405368027395951E-14, -1.000000000000000000 ) ) ;
#277 = LINE ( 'NONE', #1899, #2531 ) ;
#278 = MECHANICAL_DESIGN_GEOMETRIC_PRESENTATION_REPRESENTATION (  '', ( #1432 ), #1722 ) ;
#279 = ORIENTED_EDGE ( 'NONE', *, *, #576, .T. ) ;
#280 = AXIS2_PLACEMENT_3D ( 'NONE', #1590, #2375, #589 ) ;
#281 = ORIENTED_EDGE ( 'NONE', *, *, #953, .T. ) ;
#282 = CIRCLE ( 'NONE', #1971, 0.1300000000000000044 ) ;
#283 = ORIENTED_EDGE ( 'NONE', *, *, #269, .T. ) ;
#284 = LINE ( 'NONE', #1820, #2422 ) ;
#285 = CARTESIAN_POINT ( 'NONE',  ( -0.6999999999999999556, -1.000000000000000000, -1.499999999999999778 ) ) ;
#286 = CARTESIAN_POINT ( 'NONE',  ( 0.05000000000000000278, -0.2749999999999996336, -0.9962928578572867178 ) ) ;
#287 = ORIENTED_EDGE ( 'NONE', *, *, #2415, .F. ) ;
#288 = DIRECTION ( 'NONE',  ( 1.000000000000000000, 0.000000000000000000, 0.000000000000000000 ) ) ;
#289 = ADVANCED_FACE ( 'NONE', ( #1146 ), #1542, .T. ) ;
#290 = LINE ( 'NONE', #1055, #737 ) ;
#291 = FACE_OUTER_BOUND ( 'NONE', #312, .T. ) ;
#292 = EDGE_LOOP ( 'NONE', ( #666, #152, #1665, #497 ) ) ;
#293 = PLANE ( 'NONE',  #801 ) ;
#294 = ORIENTED_EDGE ( 'NONE', *, *, #238, .F. ) ;
#295 = CARTESIAN_POINT ( 'NONE',  ( 0.000000000000000000, 0.7320000000000000950, -0.4999999999999998890 ) ) ;
#296 = LINE ( 'NONE', #1081, #2411 ) ;
#297 = ADVANCED_FACE ( 'NONE', ( #2150 ), #369, .F. ) ;
#298 = DIRECTION ( 'NONE',  ( 0.000000000000000000, 1.000000000000000000, 2.659903931797975694E-16 ) ) ;
#299 = VERTEX_POINT ( 'NONE', #2158 ) ;
#300 = LINE ( 'NONE', #892, #61 ) ;
#301 = LINE ( 'NONE', #1295, #2014 ) ;
#302 = EDGE_CURVE ( 'NONE', #793, #1010, #378, .T. ) ;
#303 = DIRECTION ( 'NONE',  ( 1.000000000000000000, 0.000000000000000000, 0.000000000000000000 ) ) ;
#304 = ORIENTED_EDGE ( 'NONE', *, *, #1960, .F. ) ;
#305 = CYLINDRICAL_SURFACE ( 'NONE', #387, 0.1300000000000000044 ) ;
#306 = FACE_OUTER_BOUND ( 'NONE', #1539, .T. ) ;
#307 = VERTEX_POINT ( 'NONE', #2401 ) ;
#308 = ORIENTED_EDGE ( 'NONE', *, *, #2523, .F. ) ;
#309 = CARTESIAN_POINT ( 'NONE',  ( 0.05000000000000000278, 0.7320000000000000950, 7.535475367157189374E-17 ) ) ;
#310 = VECTOR ( 'NONE', #1672, 1000.000000000000000 ) ;
#311 = PRODUCT_CONTEXT ( 'NONE', #841, 'mechanical' ) ;
#312 = EDGE_LOOP ( 'NONE', ( #2515, #1603, #1647, #2213 ) ) ;
#313 = CARTESIAN_POINT ( 'NONE',  ( 0.000000000000000000, -0.5250000000000000222, 0.9962928578572867178 ) ) ;
#314 = CARTESIAN_POINT ( 'NONE',  ( 0.05000000000000000278, 0.7320000000000000950, 7.535475367157189374E-17 ) ) ;
#315 = ORIENTED_EDGE ( 'NONE', *, *, #2425, .T. ) ;
#316 = EDGE_CURVE ( 'NONE', #1836, #19, #1414, .T. ) ;
#317 = VERTEX_POINT ( 'NONE', #57 ) ;
#318 = DIRECTION ( 'NONE',  ( 0.000000000000000000, 0.000000000000000000, 1.000000000000000000 ) ) ;
#319 = DIRECTION ( 'NONE',  ( 0.000000000000000000, 3.546538575730634095E-16, -1.000000000000000000 ) ) ;
#320 = FACE_OUTER_BOUND ( 'NONE', #356, .T. ) ;
#321 = AXIS2_PLACEMENT_3D ( 'NONE', #570, #1370, #2153 ) ;
#322 = EDGE_CURVE ( 'NONE', #1062, #1077, #1967, .T. ) ;
#323 = ORIENTED_EDGE ( 'NONE', *, *, #2231, .T. ) ;
#324 = AXIS2_PLACEMENT_3D ( 'NONE', #436, #607, #1220 ) ;
#325 = AXIS2_PLACEMENT_3D ( 'NONE', #2549, #962, #772 ) ;
#326 = ORIENTED_EDGE ( 'NONE', *, *, #573, .T. ) ;
#327 = PLANE ( 'NONE',  #1433 ) ;
#328 = CARTESIAN_POINT ( 'NONE',  ( -0.1499999999999999944, 0.6962928578572860072, -0.3749999999999998890 ) ) ;
#329 = ORIENTED_EDGE ( 'NONE', *, *, #1493, .F. ) ;
#330 = ORIENTED_EDGE ( 'NONE', *, *, #1798, .F. ) ;
#331 = ADVANCED_FACE ( 'NONE', ( #817 ), #2428, .F. ) ;
#332 = ORIENTED_EDGE ( 'NONE', *, *, #269, .F. ) ;
#333 = LINE ( 'NONE', #693, #2173 ) ;
#334 = CARTESIAN_POINT ( 'NONE',  ( -0.1499999999999999944, 0.4000000000000000222, 1.032000000000000695 ) ) ;
#335 = VERTEX_POINT ( 'NONE', #1254 ) ;
#336 = CARTESIAN_POINT ( 'NONE',  ( -0.1499999999999999944, -0.5250000000000313305, -1.502000000000010216 ) ) ;
#337 = ORIENTED_EDGE ( 'NONE', *, *, #1510, .F. ) ;
#338 = ORIENTED_EDGE ( 'NONE', *, *, #1712, .T. ) ;
#339 = EDGE_CURVE ( 'NONE', #218, #250, #1835, .T. ) ;
#340 = ADVANCED_FACE ( 'NONE', ( #262 ), #628, .T. ) ;
#341 = CIRCLE ( 'NONE', #881, 0.1300000000000000044 ) ;
#342 = CARTESIAN_POINT ( 'NONE',  ( -0.1499999999999999944, -0.2749999999999999667, 0.9962928578572867178 ) ) ;
#343 = ORIENTED_EDGE ( 'NONE', *, *, #448, .T. ) ;
#344 = VECTOR ( 'NONE', #1229, 1000.000000000000000 ) ;
#345 = ADVANCED_FACE ( 'NONE', ( #75 ), #1232, .T. ) ;
#346 = DIRECTION ( 'NONE',  ( 1.000000000000000000, 0.000000000000000000, 0.000000000000000000 ) ) ;
#347 = FACE_OUTER_BOUND ( 'NONE', #828, .T. ) ;
#348 = CARTESIAN_POINT ( 'NONE',  ( -0.1499999999999999667, 1.000000000000000000, 1.500000000000000222 ) ) ;
#349 = LINE ( 'NONE', #1678, #1691 ) ;
#350 = EDGE_LOOP ( 'NONE', ( #2015, #1734, #1243, #1365, #1708, #1789 ) ) ;
#351 = ORIENTED_EDGE ( 'NONE', *, *, #2450, .F. ) ;
#352 = VECTOR ( 'NONE', #2536, 1000.000000000000000 ) ;
#353 = VECTOR ( 'NONE', #2114, 1000.000000000000000 ) ;
#354 = VECTOR ( 'NONE', #1871, 1000.000000000000000 ) ;
#355 = CARTESIAN_POINT ( 'NONE',  ( -0.1499999999999999944, -0.2749999999999999667, -1.502000000000000224 ) ) ;
#356 = EDGE_LOOP ( 'NONE', ( #343, #1811, #255, #1182 ) ) ;
#357 = VECTOR ( 'NONE', #224, 1000.000000000000000 ) ;
#358 = VECTOR ( 'NONE', #1203, 1000.000000000000000 ) ;
#359 = DIRECTION ( 'NONE',  ( 1.000000000000000000, 0.000000000000000000, 0.000000000000000000 ) ) ;
#360 = ADVANCED_FACE ( 'NONE', ( #1642 ), #659, .T. ) ;
#361 = CARTESIAN_POINT ( 'NONE',  ( 0.000000000000000000, 0.2749999999999991340, 1.490777987167564652E-16 ) ) ;
#362 = CARTESIAN_POINT ( 'NONE',  ( -0.6999999999999999556, 0.5250000000000000222, -1.499999999999999778 ) ) ;
#363 = LINE ( 'NONE', #2162, #1803 ) ;
#364 = LINE ( 'NONE', #176, #352 ) ;
#365 = FACE_OUTER_BOUND ( 'NONE', #2479, .T. ) ;
#366 = FACE_OUTER_BOUND ( 'NONE', #1449, .T. ) ;
#367 = ORIENTED_EDGE ( 'NONE', *, *, #1770, .T. ) ;
#368 = VERTEX_POINT ( 'NONE', #1852 ) ;
#369 = CYLINDRICAL_SURFACE ( 'NONE', #1099, 0.1152903347902719949 ) ;
#370 = EDGE_CURVE ( 'NONE', #299, #1732, #2414, .T. ) ;
#371 = LINE ( 'NONE', #1556, #1441 ) ;
#372 = LINE ( 'NONE', #382, #231 ) ;
#373 = CARTESIAN_POINT ( 'NONE',  ( -0.6979999999999999538, 0.7987485962850371379, -1.298807414183755782 ) ) ;
#374 = CARTESIAN_POINT ( 'NONE',  ( -0.1499999999999999944, 0.7320000000000000950, 7.535475367157189374E-17 ) ) ;
#375 = SURFACE_SIDE_STYLE ('',( #2345 ) ) ;
#376 = VERTEX_POINT ( 'NONE', #473 ) ;
#377 = VECTOR ( 'NONE', #1727, 1000.000000000000000 ) ;
#378 = LINE ( 'NONE', #249, #1355 ) ;
#379 = EDGE_CURVE ( 'NONE', #317, #1732, #1038, .T. ) ;
#380 = AXIS2_PLACEMENT_3D ( 'NONE', #374, #1977, #2567 ) ;
#381 = DIRECTION ( 'NONE',  ( 1.000000000000000000, 0.000000000000000000, 0.000000000000000000 ) ) ;
#382 = CARTESIAN_POINT ( 'NONE',  ( 0.000000000000000000, -1.000000000000000000, 1.500000000000000222 ) ) ;
#383 = ORIENTED_EDGE ( 'NONE', *, *, #1396, .F. ) ;
#384 = EDGE_CURVE ( 'NONE', #1312, #1496, #1656, .T. ) ;
#385 = DIRECTION ( 'NONE',  ( 1.000000000000000000, 0.000000000000000000, -0.000000000000000000 ) ) ;
#386 = EDGE_CURVE ( 'NONE', #630, #541, #644, .T. ) ;
#387 = AXIS2_PLACEMENT_3D ( 'NONE', #724, #1533, #2478 ) ;
#388 = PLANE ( 'NONE',  #1281 ) ;
#389 = DIRECTION ( 'NONE',  ( 0.000000000000000000, -1.000000000000000000, 0.000000000000000000 ) ) ;
#390 = ORIENTED_EDGE ( 'NONE', *, *, #1159, .F. ) ;
#391 = VECTOR ( 'NONE', #750, 1000.000000000000000 ) ;
#392 = ORIENTED_EDGE ( 'NONE', *, *, #778, .F. ) ;
#393 = DIRECTION ( 'NONE',  ( -0.000000000000000000, 1.000000000000000000, 3.989863994746155864E-14 ) ) ;
#394 = COLOUR_RGB ( '',0.1098039215686274495, 0.1098039215686274495, 0.1098039215686274495 ) ;
#395 = VERTEX_POINT ( 'NONE', #219 ) ;
#396 = CARTESIAN_POINT ( 'NONE',  ( -0.1499999999999999944, 0.2749999999999999667, -1.502000000000000224 ) ) ;
#397 = ORIENTED_EDGE ( 'NONE', *, *, #1265, .T. ) ;
#398 = VECTOR ( 'NONE', #511, 1000.000000000000000 ) ;
#399 = DIRECTION ( 'NONE',  ( 0.000000000000000000, 0.000000000000000000, 1.000000000000000000 ) ) ;
#400 = ADVANCED_FACE ( 'NONE', ( #993 ), #1814, .T. ) ;
#401 = DIRECTION ( 'NONE',  ( 0.000000000000000000, -1.000000000000000000, 0.000000000000000000 ) ) ;
#402 = LINE ( 'NONE', #1196, #2167 ) ;
#403 = DIRECTION ( 'NONE',  ( 0.000000000000000000, 0.000000000000000000, -1.000000000000000000 ) ) ;
#404 = VERTEX_POINT ( 'NONE', #1823 ) ;
#405 = VERTEX_POINT ( 'NONE', #2390 ) ;
#406 = CARTESIAN_POINT ( 'NONE',  ( 0.05000000000000000278, 0.2000000000000000111, 0.4499999999999999556 ) ) ;
#407 = DIRECTION ( 'NONE',  ( 0.000000000000000000, 0.000000000000000000, -1.000000000000000000 ) ) ;
#408 = VERTEX_POINT ( 'NONE', #415 ) ;
#409 = DIRECTION ( 'NONE',  ( -0.000000000000000000, 1.000000000000000000, -3.546538575730634095E-16 ) ) ;
#410 = EDGE_CURVE ( 'NONE', #368, #44, #2007, .T. ) ;
#411 = CARTESIAN_POINT ( 'NONE',  ( -0.6999999999999999556, 0.7987485962850371379, -1.298807414183755782 ) ) ;
#412 = DIRECTION ( 'NONE',  ( -0.000000000000000000, 1.000000000000000000, -0.000000000000000000 ) ) ;
#413 = ADVANCED_FACE ( 'NONE', ( #45 ), #2210, .T. ) ;
#414 = CARTESIAN_POINT ( 'NONE',  ( 0.000000000000000000, 0.000000000000000000, 0.000000000000000000 ) ) ;
#415 = CARTESIAN_POINT ( 'NONE',  ( -0.1499999999999999944, -0.2749999999999999667, -1.499999999999999778 ) ) ;
#416 = ADVANCED_FACE ( 'NONE', ( #86 ), #2475, .T. ) ;
#417 = CARTESIAN_POINT ( 'NONE',  ( -0.1499999999999999944, 0.5250000000000000222, -1.502000000000000224 ) ) ;
#418 = DIRECTION ( 'NONE',  ( -0.000000000000000000, -0.000000000000000000, 1.000000000000000000 ) ) ;
#419 = ORIENTED_EDGE ( 'NONE', *, *, #533, .T. ) ;
#420 = UNCERTAINTY_MEASURE_WITH_UNIT (LENGTH_MEASURE( 1.000000000000000082E-05 ), #601, 'distance_accuracy_value', 'NONE');
#421 = STYLED_ITEM ( 'NONE', ( #515 ), #2282 ) ;
#422 = CARTESIAN_POINT ( 'NONE',  ( 0.05000000000000000278, -0.7320000000000000950, -0.4999999999999998890 ) ) ;
#423 = LINE ( 'NONE', #1047, #1138 ) ;
#424 = VECTOR ( 'NONE', #1485, 1000.000000000000000 ) ;
#425 = EDGE_CURVE ( 'NONE', #2551, #2273, #1685, .T. ) ;
#426 = CARTESIAN_POINT ( 'NONE',  ( -0.6999999999999999556, 1.000000000000000000, 0.1250000000000001110 ) ) ;
#427 = ORIENTED_EDGE ( 'NONE', *, *, #2008, .F. ) ;
#428 = CARTESIAN_POINT ( 'NONE',  ( -0.1499999999999999944, 0.7320000000000000950, -0.4999999999999998890 ) ) ;
#429 = AXIS2_PLACEMENT_3D ( 'NONE', #615, #1053, #1604 ) ;
#430 = VECTOR ( 'NONE', #2066, 1000.000000000000000 ) ;
#431 = EDGE_CURVE ( 'NONE', #677, #1170, #2290, .T. ) ;
#432 = ORIENTED_EDGE ( 'NONE', *, *, #2004, .F. ) ;
#433 = CARTESIAN_POINT ( 'NONE',  ( 0.05000000000000000278, -0.2749999999999999667, 1.502000000000000224 ) ) ;
#434 = EDGE_LOOP ( 'NONE', ( #2560, #1717, #1401, #2281, #2223, #518 ) ) ;
#435 = VECTOR ( 'NONE', #409, 1000.000000000000000 ) ;
#436 = CARTESIAN_POINT ( 'NONE',  ( -0.1499999999999999944, -0.05000000000000000278, -0.4499999999999999556 ) ) ;
#437 = ORIENTED_EDGE ( 'NONE', *, *, #384, .F. ) ;
#438 = VERTEX_POINT ( 'NONE', #2087 ) ;
#439 = DIRECTION ( 'NONE',  ( 1.000000000000000000, 0.000000000000000000, 0.000000000000000000 ) ) ;
#440 = DIRECTION ( 'NONE',  ( 0.000000000000000000, -1.000000000000000000, 0.000000000000000000 ) ) ;
#441 = ORIENTED_EDGE ( 'NONE', *, *, #1, .T. ) ;
#442 = LINE ( 'NONE', #657, #1310 ) ;
#443 = ORIENTED_EDGE ( 'NONE', *, *, #1345, .T. ) ;
#444 = DIRECTION ( 'NONE',  ( -1.000000000000000000, -0.000000000000000000, 0.000000000000000000 ) ) ;
#445 = DIRECTION ( 'NONE',  ( -1.000000000000000000, 0.000000000000000000, 0.000000000000000000 ) ) ;
#446 = VERTEX_POINT ( 'NONE', #491 ) ;
#447 = FACE_OUTER_BOUND ( 'NONE', #840, .T. ) ;
#448 = EDGE_CURVE ( 'NONE', #1472, #299, #1303, .T. ) ;
#449 =( NAMED_UNIT ( * ) SI_UNIT ( $, .STERADIAN. ) SOLID_ANGLE_UNIT ( ) );
#450 = ORIENTED_EDGE ( 'NONE', *, *, #2026, .T. ) ;
#451 = VERTEX_POINT ( 'NONE', #729 ) ;
#452 = LINE ( 'NONE', #2068, #1687 ) ;
#453 = CARTESIAN_POINT ( 'NONE',  ( 0.05000000000000000278, -0.2749999999999999667, 1.502000000000000224 ) ) ;
#454 = DIRECTION ( 'NONE',  ( 1.000000000000000000, 0.000000000000000000, 0.000000000000000000 ) ) ;
#455 = ORIENTED_EDGE ( 'NONE', *, *, #1994, .T. ) ;
#456 = DIRECTION ( 'NONE',  ( 0.000000000000000000, 1.000000000000000000, -3.546538575730634095E-16 ) ) ;
#457 = LINE ( 'NONE', #865, #1005 ) ;
#458 = ORIENTED_EDGE ( 'NONE', *, *, #69, .F. ) ;
#459 = LINE ( 'NONE', #850, #2452 ) ;
#460 = ORIENTED_EDGE ( 'NONE', *, *, #2556, .T. ) ;
#461 = PLANE ( 'NONE',  #1518 ) ;
#462 = VECTOR ( 'NONE', #678, 1000.000000000000000 ) ;
#463 = LINE ( 'NONE', #1646, #2261 ) ;
#464 = EDGE_LOOP ( 'NONE', ( #2528, #2274, #1431, #1052 ) ) ;
#465 = ORIENTED_EDGE ( 'NONE', *, *, #1886, .T. ) ;
#466 = AXIS2_PLACEMENT_3D ( 'NONE', #1181, #1421, #978 ) ;
#467 = ADVANCED_FACE ( 'NONE', ( #915 ), #1917, .T. ) ;
#468 = DIRECTION ( 'NONE',  ( 1.000000000000000000, 0.000000000000000000, 0.000000000000000000 ) ) ;
#469 = CARTESIAN_POINT ( 'NONE',  ( 0.000000000000000000, -0.5250000000000312195, -1.499999999999999778 ) ) ;
#470 = CARTESIAN_POINT ( 'NONE',  ( 0.000000000000000000, -1.108293304915824849E-17, 0.1250000000000001943 ) ) ;
#471 = DIRECTION ( 'NONE',  ( 0.000000000000000000, 0.000000000000000000, -1.000000000000000000 ) ) ;
#472 = VERTEX_POINT ( 'NONE', #1531 ) ;
#473 = CARTESIAN_POINT ( 'NONE',  ( -0.1499999999999999944, -1.002000000000000224, -0.6249999999999998890 ) ) ;
#474 = VECTOR ( 'NONE', #1358, 1000.000000000000000 ) ;
#475 = DIRECTION ( 'NONE',  ( 0.000000000000000000, 1.000000000000000000, 0.000000000000000000 ) ) ;
#476 = CARTESIAN_POINT ( 'NONE',  ( 0.05000000000000000278, 0.7320000000000000950, -0.4999999999999998890 ) ) ;
#477 = VECTOR ( 'NONE', #1440, 1000.000000000000000 ) ;
#478 = ORIENTED_EDGE ( 'NONE', *, *, #1610, .F. ) ;
#479 = DIRECTION ( 'NONE',  ( 0.000000000000000000, 5.359832213816824764E-16, 1.000000000000000000 ) ) ;
#480 = VECTOR ( 'NONE', #122, 1000.000000000000000 ) ;
#481 = FACE_OUTER_BOUND ( 'NONE', #1363, .T. ) ;
#482 = CIRCLE ( 'NONE', #2379, 0.1299999999999998934 ) ;
#483 = ORIENTED_EDGE ( 'NONE', *, *, #322, .F. ) ;
#484 = AXIS2_PLACEMENT_3D ( 'NONE', #1635, #2262, #2420 ) ;
#485 = CARTESIAN_POINT ( 'NONE',  ( -0.1499999999999999944, 1.000000000000000000, -0.1249999999999998890 ) ) ;
#486 = LINE ( 'NONE', #1267, #2297 ) ;
#487 = EDGE_CURVE ( 'NONE', #933, #404, #1517, .T. ) ;
#488 = CARTESIAN_POINT ( 'NONE',  ( 0.000000000000000000, 1.000000000000000000, -0.1249999999999998890 ) ) ;
#489 = CARTESIAN_POINT ( 'NONE',  ( -0.1499999999999999944, -0.6962928578572860072, 0.1250000000000001388 ) ) ;
#490 = ORIENTED_EDGE ( 'NONE', *, *, #2382, .F. ) ;
#491 = CARTESIAN_POINT ( 'NONE',  ( 0.000000000000000000, 0.6962928578572857852, 0.3749999999999998890 ) ) ;
#492 = LINE ( 'NONE', #2252, #559 ) ;
#493 = DIRECTION ( 'NONE',  ( 1.000000000000000000, 0.000000000000000000, 0.000000000000000000 ) ) ;
#494 = EDGE_LOOP ( 'NONE', ( #1323, #643, #1911, #1530 ) ) ;
#495 = DIRECTION ( 'NONE',  ( -0.000000000000000000, 1.000000000000000000, 0.000000000000000000 ) ) ;
#496 = DIRECTION ( 'NONE',  ( 0.000000000000000000, 0.000000000000000000, 1.000000000000000000 ) ) ;
#497 = ORIENTED_EDGE ( 'NONE', *, *, #238, .T. ) ;
#498 = ORIENTED_EDGE ( 'NONE', *, *, #994, .T. ) ;
#499 = VERTEX_POINT ( 'NONE', #1669 ) ;
#500 = LINE ( 'NONE', #2126, #1233 ) ;
#501 = ADVANCED_FACE ( 'NONE', ( #2458 ), #327, .T. ) ;
#502 = DIRECTION ( 'NONE',  ( 0.000000000000000000, 1.000000000000000000, -2.409338161078898687E-16 ) ) ;
#503 = EDGE_CURVE ( 'NONE', #1190, #2402, #2303, .T. ) ;
#504 = ORIENTED_EDGE ( 'NONE', *, *, #1696, .F. ) ;
#505 = CARTESIAN_POINT ( 'NONE',  ( -0.6999999999999999556, 0.2750000000000000777, -1.499999999999999778 ) ) ;
#506 = EDGE_CURVE ( 'NONE', #1168, #1748, #333, .T. ) ;
#507 = DIRECTION ( 'NONE',  ( -0.000000000000000000, -0.000000000000000000, 1.000000000000000000 ) ) ;
#508 = ORIENTED_EDGE ( 'NONE', *, *, #709, .T. ) ;
#509 = VERTEX_POINT ( 'NONE', #1293 ) ;
#510 = VERTEX_POINT ( 'NONE', #2076 ) ;
#511 = DIRECTION ( 'NONE',  ( 1.000000000000000000, 0.000000000000000000, 0.000000000000000000 ) ) ;
#512 = VECTOR ( 'NONE', #945, 1000.000000000000000 ) ;
#513 = PRODUCT_DEFINITION_SHAPE ( 'NONE', 'NONE',  #963 ) ;
#514 = VECTOR ( 'NONE', #922, 1000.000000000000000 ) ;
#515 = PRESENTATION_STYLE_ASSIGNMENT (( #913 ) ) ;
#516 = ORIENTED_EDGE ( 'NONE', *, *, #1914, .T. ) ;
#517 = DIRECTION ( 'NONE',  ( 1.000000000000000000, 0.000000000000000000, 0.000000000000000000 ) ) ;
#518 = ORIENTED_EDGE ( 'NONE', *, *, #2539, .F. ) ;
#519 = EDGE_CURVE ( 'NONE', #317, #1790, #300, .T. ) ;
#520 = ORIENTED_EDGE ( 'NONE', *, *, #2415, .T. ) ;
#521 = CARTESIAN_POINT ( 'NONE',  ( -0.1499999999999999944, 0.5250000000000004663, -0.8020000000000006013 ) ) ;
#522 = EDGE_CURVE ( 'NONE', #1079, #925, #372, .T. ) ;
#523 = ORIENTED_EDGE ( 'NONE', *, *, #2079, .T. ) ;
#524 = VECTOR ( 'NONE', #137, 1000.000000000000000 ) ;
#525 = VECTOR ( 'NONE', #1383, 1000.000000000000000 ) ;
#526 = DIRECTION ( 'NONE',  ( -0.000000000000000000, 0.000000000000000000, 1.000000000000000000 ) ) ;
#527 = VECTOR ( 'NONE', #836, 1000.000000000000000 ) ;
#528 = VERTEX_POINT ( 'NONE', #1938 ) ;
#529 = CARTESIAN_POINT ( 'NONE',  ( 0.000000000000000000, 2.216586609831647234E-16, -0.6250000000000002220 ) ) ;
#530 = FILL_AREA_STYLE_COLOUR ( '', #1670 ) ;
#531 = ORIENTED_EDGE ( 'NONE', *, *, #1197, .T. ) ;
#532 = DIRECTION ( 'NONE',  ( 0.000000000000000000, 0.000000000000000000, -1.000000000000000000 ) ) ;
#533 = EDGE_CURVE ( 'NONE', #541, #1285, #211, .T. ) ;
#534 = UNCERTAINTY_MEASURE_WITH_UNIT (LENGTH_MEASURE( 1.000000000000000082E-05 ), #1339, 'distance_accuracy_value', 'NONE');
#535 = ORIENTED_EDGE ( 'NONE', *, *, #431, .T. ) ;
#536 = EDGE_CURVE ( 'NONE', #2003, #793, #578, .T. ) ;
#537 = FACE_OUTER_BOUND ( 'NONE', #1231, .T. ) ;
#538 = ORIENTED_EDGE ( 'NONE', *, *, #39, .T. ) ;
#539 = PRESENTATION_STYLE_ASSIGNMENT (( #2315 ) ) ;
#540 = CARTESIAN_POINT ( 'NONE',  ( -0.6999999999999999556, -1.000000000000000000, 1.500000000000000222 ) ) ;
#541 = VERTEX_POINT ( 'NONE', #6 ) ;
#542 = EDGE_CURVE ( 'NONE', #1472, #1501, #2326, .T. ) ;
#543 = STYLED_ITEM ( 'NONE', ( #1632 ), #1721 ) ;
#544 = DIRECTION ( 'NONE',  ( 0.000000000000000000, 0.000000000000000000, -1.000000000000000000 ) ) ;
#545 = ORIENTED_EDGE ( 'NONE', *, *, #1510, .T. ) ;
#546 = COLOUR_RGB ( '',0.1098039215686274495, 0.1098039215686274495, 0.1098039215686274495 ) ;
#547 = CYLINDRICAL_SURFACE ( 'NONE', #1806, 0.1300000000000000044 ) ;
#548 = ORIENTED_EDGE ( 'NONE', *, *, #1943, .T. ) ;
#549 = LINE ( 'NONE', #1113, #377 ) ;
#550 = PLANE ( 'NONE',  #1637 ) ;
#551 = CARTESIAN_POINT ( 'NONE',  ( -0.6999999999999999556, -1.000000000000000000, 1.500000000000000222 ) ) ;
#552 = LINE ( 'NONE', #2340, #2473 ) ;
#553 = DIRECTION ( 'NONE',  ( -0.000000000000000000, 5.421010862427525128E-16, -1.000000000000000000 ) ) ;
#554 = LINE ( 'NONE', #1950, #474 ) ;
#555 = ORIENTED_EDGE ( 'NONE', *, *, #1016, .F. ) ;
#556 = VECTOR ( 'NONE', #2296, 1000.000000000000000 ) ;
#557 = VECTOR ( 'NONE', #1740, 1000.000000000000000 ) ;
#558 = EDGE_CURVE ( 'NONE', #1523, #2255, #1576, .T. ) ;
#559 = VECTOR ( 'NONE', #475, 1000.000000000000000 ) ;
#560 = DIRECTION ( 'NONE',  ( 0.000000000000000000, -1.000000000000000000, 0.000000000000000000 ) ) ;
#561 = PLANE ( 'NONE',  #222 ) ;
#562 = ORIENTED_EDGE ( 'NONE', *, *, #316, .T. ) ;
#563 = AXIS2_PLACEMENT_3D ( 'NONE', #2363, #1206, #1620 ) ;
#564 = EDGE_CURVE ( 'NONE', #335, #2255, #1982, .T. ) ;
#565 = VECTOR ( 'NONE', #271, 1000.000000000000000 ) ;
#566 = ORIENTED_EDGE ( 'NONE', *, *, #718, .F. ) ;
#567 = DIRECTION ( 'NONE',  ( 1.000000000000000000, 0.000000000000000000, 0.000000000000000000 ) ) ;
#568 = SURFACE_STYLE_FILL_AREA ( #1201 ) ;
#569 = PLANE ( 'NONE',  #240 ) ;
#570 = CARTESIAN_POINT ( 'NONE',  ( -0.1499999999999999944, 0.7320000000000000950, 7.535475367157189374E-17 ) ) ;
#571 = EDGE_CURVE ( 'NONE', #1470, #2003, #1381, .T. ) ;
#572 = DIRECTION ( 'NONE',  ( -0.000000000000000000, 0.000000000000000000, 1.000000000000000000 ) ) ;
#573 = EDGE_CURVE ( 'NONE', #2441, #19, #2359, .T. ) ;
#574 = DIRECTION ( 'NONE',  ( 1.000000000000000000, 0.000000000000000000, 0.000000000000000000 ) ) ;
#575 = DIRECTION ( 'NONE',  ( 0.000000000000000000, 0.000000000000000000, 1.000000000000000000 ) ) ;
#576 = EDGE_CURVE ( 'NONE', #1992, #1508, #363, .T. ) ;
#577 = DIRECTION ( 'NONE',  ( 0.000000000000000000, 5.359832213816825750E-16, 1.000000000000000000 ) ) ;
#578 = LINE ( 'NONE', #2562, #1930 ) ;
#579 = CARTESIAN_POINT ( 'NONE',  ( -0.1499999999999999944, 1.002000000000000224, -0.3749999999999998890 ) ) ;
#580 = LINE ( 'NONE', #1793, #1768 ) ;
#581 = FACE_OUTER_BOUND ( 'NONE', #2399, .T. ) ;
#582 = DIRECTION ( 'NONE',  ( -0.000000000000000000, -1.000000000000000000, -0.000000000000000000 ) ) ;
#583 = ORIENTED_EDGE ( 'NONE', *, *, #994, .F. ) ;
#584 = AXIS2_PLACEMENT_3D ( 'NONE', #414, #193, #2020 ) ;
#585 = CARTESIAN_POINT ( 'NONE',  ( -0.1499999999999999944, -0.2749999999999999667, -1.502000000000000224 ) ) ;
#586 = VECTOR ( 'NONE', #1346, 1000.000000000000000 ) ;
#587 = VERTEX_POINT ( 'NONE', #165 ) ;
#588 = CARTESIAN_POINT ( 'NONE',  ( -0.1499999999999999944, 0.2749999999999999667, 0.9962928578572867178 ) ) ;
#589 = DIRECTION ( 'NONE',  ( 0.000000000000000000, 0.000000000000000000, 1.000000000000000000 ) ) ;
#590 = ORIENTED_EDGE ( 'NONE', *, *, #1120, .F. ) ;
#591 = VECTOR ( 'NONE', #1475, 1000.000000000000000 ) ;
#592 = EDGE_CURVE ( 'NONE', #658, #2530, #2535, .T. ) ;
#593 = CARTESIAN_POINT ( 'NONE',  ( 0.05000000000000000278, 0.6962928578572857852, 0.3749999999999998890 ) ) ;
#594 = VERTEX_POINT ( 'NONE', #1766 ) ;
#595 = CIRCLE ( 'NONE', #2463, 0.1299999999999998934 ) ;
#596 = VECTOR ( 'NONE', #2455, 1000.000000000000000 ) ;
#597 = DIRECTION ( 'NONE',  ( 0.000000000000000000, 0.000000000000000000, 1.000000000000000000 ) ) ;
#598 = CARTESIAN_POINT ( 'NONE',  ( -0.1499999999999999944, -0.6962928578572857852, 0.6249999999999998890 ) ) ;
#599 = VECTOR ( 'NONE', #1494, 1000.000000000000000 ) ;
#600 = DIRECTION ( 'NONE',  ( 0.000000000000000000, 0.000000000000000000, 1.000000000000000000 ) ) ;
#601 =( LENGTH_UNIT ( ) NAMED_UNIT ( * ) SI_UNIT ( .MILLI., .METRE. ) );
#602 = AXIS2_PLACEMENT_3D ( 'NONE', #1661, #665, #1903 ) ;
#603 = ORIENTED_EDGE ( 'NONE', *, *, #1345, .F. ) ;
#604 = VECTOR ( 'NONE', #254, 1000.000000000000000 ) ;
#605 = EDGE_CURVE ( 'NONE', #2071, #1468, #1395, .T. ) ;
#606 = DIRECTION ( 'NONE',  ( 1.000000000000000000, 0.000000000000000000, 0.000000000000000000 ) ) ;
#607 = DIRECTION ( 'NONE',  ( 0.000000000000000000, -4.336808689942021187E-16, -1.000000000000000000 ) ) ;
#608 = EDGE_CURVE ( 'NONE', #2334, #1062, #1357, .T. ) ;
#609 = EDGE_CURVE ( 'NONE', #1586, #2513, #1151, .T. ) ;
#610 = CARTESIAN_POINT ( 'NONE',  ( 0.05000000000000000278, 0.1999999999999997891, -0.4500000000000000666 ) ) ;
#611 = DIRECTION ( 'NONE',  ( -0.000000000000000000, -0.000000000000000000, 1.000000000000000000 ) ) ;
#612 = EDGE_LOOP ( 'NONE', ( #1136, #795, #1895, #1694, #1141, #1898 ) ) ;
#613 = DIRECTION ( 'NONE',  ( 0.000000000000000000, 0.000000000000000000, 1.000000000000000000 ) ) ;
#614 = FACE_OUTER_BOUND ( 'NONE', #1706, .T. ) ;
#615 = CARTESIAN_POINT ( 'NONE',  ( -0.6999999999999999556, 0.7987485962850371379, -1.298807414183755782 ) ) ;
#616 = LINE ( 'NONE', #31, #23 ) ;
#617 = CARTESIAN_POINT ( 'NONE',  ( 0.05000000000000000278, 0.5250000000000000222, 1.502000000000000224 ) ) ;
#618 = ORIENTED_EDGE ( 'NONE', *, *, #2292, .T. ) ;
#619 = LINE ( 'NONE', #2050, #1476 ) ;
#620 = CARTESIAN_POINT ( 'NONE',  ( -0.1499999999999999667, -1.000000000000000000, 1.500000000000000222 ) ) ;
#621 = EDGE_CURVE ( 'NONE', #509, #2449, #939, .T. ) ;
#622 = PLANE ( 'NONE',  #1105 ) ;
#623 = CARTESIAN_POINT ( 'NONE',  ( -0.1499999999999999944, -0.05000000000000000278, -0.4499999999999999556 ) ) ;
#624 = ORIENTED_EDGE ( 'NONE', *, *, #1234, .T. ) ;
#625 = EDGE_CURVE ( 'NONE', #1104, #451, #2522, .T. ) ;
#626 = CYLINDRICAL_SURFACE ( 'NONE', #989, 0.1300000000000000044 ) ;
#627 = ORIENTED_EDGE ( 'NONE', *, *, #1050, .T. ) ;
#628 = PLANE ( 'NONE',  #846 ) ;
#629 = AXIS2_PLACEMENT_3D ( 'NONE', #1883, #318, #1245 ) ;
#630 = VERTEX_POINT ( 'NONE', #761 ) ;
#631 = FILL_AREA_STYLE ('',( #46 ) ) ;
#632 = ORIENTED_EDGE ( 'NONE', *, *, #621, .F. ) ;
#633 = PRODUCT_DEFINITION_CONTEXT ( 'detailed design', #2565, 'design' ) ;
#634 = VECTOR ( 'NONE', #967, 1000.000000000000000 ) ;
#635 = CARTESIAN_POINT ( 'NONE',  ( -0.1499999999999999944, 1.002000000000000002, 0.3749999999999998890 ) ) ;
#636 = VECTOR ( 'NONE', #1436, 1000.000000000000000 ) ;
#637 = VERTEX_POINT ( 'NONE', #1557 ) ;
#638 = EDGE_LOOP ( 'NONE', ( #997, #2118, #566, #1995 ) ) ;
#639 = LINE ( 'NONE', #2451, #565 ) ;
#640 = CARTESIAN_POINT ( 'NONE',  ( 0.000000000000000000, 0.000000000000000000, 0.3749999999999998890 ) ) ;
#641 = DIRECTION ( 'NONE',  ( -1.000000000000000000, 0.000000000000000000, 0.000000000000000000 ) ) ;
#642 = ADVANCED_FACE ( 'NONE', ( #2550 ), #2341, .F. ) ;
#643 = ORIENTED_EDGE ( 'NONE', *, *, #2141, .T. ) ;
#644 = LINE ( 'NONE', #675, #2300 ) ;
#645 = VECTOR ( 'NONE', #2392, 1000.000000000000000 ) ;
#646 = VECTOR ( 'NONE', #1349, 1000.000000000000000 ) ;
#647 = CARTESIAN_POINT ( 'NONE',  ( 0.05000000000000000278, -0.2749999999999999667, 0.9962928578572867178 ) ) ;
#648 = ORIENTED_EDGE ( 'NONE', *, *, #1867, .T. ) ;
#649 = VECTOR ( 'NONE', #1779, 1000.000000000000000 ) ;
#650 = VERTEX_POINT ( 'NONE', #773 ) ;
#651 = ORIENTED_EDGE ( 'NONE', *, *, #2331, .T. ) ;
#652 = CARTESIAN_POINT ( 'NONE',  ( -0.6999999999999999556, -1.000000000000000000, 0.1250000000000001110 ) ) ;
#653 = LINE ( 'NONE', #838, #1719 ) ;
#654 = ORIENTED_EDGE ( 'NONE', *, *, #752, .T. ) ;
#655 = EDGE_CURVE ( 'NONE', #472, #690, #1567, .T. ) ;
#656 =( NAMED_UNIT ( * ) PLANE_ANGLE_UNIT ( ) SI_UNIT ( $, .RADIAN. ) );
#657 = CARTESIAN_POINT ( 'NONE',  ( -0.6999999999999999556, -1.000000000000000000, -0.6249999999999998890 ) ) ;
#658 = VERTEX_POINT ( 'NONE', #83 ) ;
#659 = PLANE ( 'NONE',  #964 ) ;
#660 = DIRECTION ( 'NONE',  ( -0.000000000000000000, 1.000000000000000000, -2.659903931797975694E-16 ) ) ;
#661 = EDGE_CURVE ( 'NONE', #1354, #395, #1728, .T. ) ;
#662 = CARTESIAN_POINT ( 'NONE',  ( 0.05000000000000000278, 0.6962928578572860072, 0.1250000000000001388 ) ) ;
#663 = VERTEX_POINT ( 'NONE', #2084 ) ;
#664 = CARTESIAN_POINT ( 'NONE',  ( 0.000000000000000000, 0.4000000000000000222, 1.032000000000000695 ) ) ;
#665 = DIRECTION ( 'NONE',  ( -0.000000000000000000, 1.000000000000000000, 0.000000000000000000 ) ) ;
#666 = ORIENTED_EDGE ( 'NONE', *, *, #1563, .T. ) ;
#667 = VERTEX_POINT ( 'NONE', #313 ) ;
#668 = DIRECTION ( 'NONE',  ( 0.000000000000000000, 0.000000000000000000, -1.000000000000000000 ) ) ;
#669 = CARTESIAN_POINT ( 'NONE',  ( -0.1499999999999999944, -0.5250000000000000222, 1.502000000000000224 ) ) ;
#670 = DIRECTION ( 'NONE',  ( -1.000000000000000000, -0.000000000000000000, 0.000000000000000000 ) ) ;
#671 = VERTEX_POINT ( 'NONE', #488 ) ;
#672 = DIRECTION ( 'NONE',  ( 1.000000000000000000, 0.000000000000000000, -0.000000000000000000 ) ) ;
#673 = CARTESIAN_POINT ( 'NONE',  ( 0.05000000000000000278, 0.6962928578572860072, -0.1249999999999999722 ) ) ;
#674 = ORIENTED_EDGE ( 'NONE', *, *, #2450, .T. ) ;
#675 = CARTESIAN_POINT ( 'NONE',  ( -0.1499999999999999944, -1.002000000000000002, 0.3749999999999998890 ) ) ;
#676 = DIRECTION ( 'NONE',  ( 1.000000000000000000, 0.000000000000000000, 0.000000000000000000 ) ) ;
#677 = VERTEX_POINT ( 'NONE', #2279 ) ;
#678 = DIRECTION ( 'NONE',  ( 1.000000000000000000, 0.000000000000000000, 0.000000000000000000 ) ) ;
#679 = ORIENTED_EDGE ( 'NONE', *, *, #1914, .F. ) ;
#680 = ADVANCED_FACE ( 'NONE', ( #117 ), #2072, .T. ) ;
#681 = AXIS2_PLACEMENT_3D ( 'NONE', #1782, #2207, #1023 ) ;
#682 = DIRECTION ( 'NONE',  ( -0.000000000000000000, 1.000000000000000000, 0.000000000000000000 ) ) ;
#683 = ORIENTED_EDGE ( 'NONE', *, *, #839, .F. ) ;
#684 = EDGE_LOOP ( 'NONE', ( #2113, #548, #627, #1460 ) ) ;
#685 = EDGE_CURVE ( 'NONE', #528, #1108, #1682, .T. ) ;
#686 = EDGE_LOOP ( 'NONE', ( #1063, #2063, #1593, #2229 ) ) ;
#687 = AXIS2_PLACEMENT_3D ( 'NONE', #862, #502, #2413 ) ;
#688 = FACE_OUTER_BOUND ( 'NONE', #2526, .T. ) ;
#689 = DIRECTION ( 'NONE',  ( 0.000000000000000000, 1.000000000000000000, 0.000000000000000000 ) ) ;
#690 = VERTEX_POINT ( 'NONE', #286 ) ;
#691 = CARTESIAN_POINT ( 'NONE',  ( 0.05000000000000000278, 1.002000000000000224, 0.1250000000000001110 ) ) ;
#692 = ORIENTED_EDGE ( 'NONE', *, *, #976, .T. ) ;
#693 = CARTESIAN_POINT ( 'NONE',  ( -0.6999999999999999556, -1.000000000000000000, 1.500000000000000222 ) ) ;
#694 = DIRECTION ( 'NONE',  ( 0.000000000000000000, 1.000000000000000000, 0.000000000000000000 ) ) ;
#695 = CARTESIAN_POINT ( 'NONE',  ( -0.1499999999999999944, -0.6962928578572860072, 0.1250000000000001388 ) ) ;
#696 = VECTOR ( 'NONE', #1161, 1000.000000000000000 ) ;
#697 = ORIENTED_EDGE ( 'NONE', *, *, #448, .F. ) ;
#698 = CARTESIAN_POINT ( 'NONE',  ( -0.1499999999999999944, -0.6962928578572860072, -0.3749999999999998890 ) ) ;
#699 = UNCERTAINTY_MEASURE_WITH_UNIT (LENGTH_MEASURE( 1.000000000000000082E-05 ), #2225, 'distance_accuracy_value', 'NONE');
#700 = ADVANCED_FACE ( 'NONE', ( #99 ), #861, .T. ) ;
#701 = CARTESIAN_POINT ( 'NONE',  ( 0.000000000000000000, 0.2749999999999995781, -0.8020000000000006013 ) ) ;
#702 = ORIENTED_EDGE ( 'NONE', *, *, #1507, .T. ) ;
#703 = VECTOR ( 'NONE', #2166, 1000.000000000000000 ) ;
#704 = VECTOR ( 'NONE', #2198, 1000.000000000000000 ) ;
#705 = EDGE_CURVE ( 'NONE', #933, #218, #1701, .T. ) ;
#706 = ORIENTED_EDGE ( 'NONE', *, *, #2224, .F. ) ;
#707 = DIRECTION ( 'NONE',  ( 1.000000000000000000, 0.000000000000000000, 0.000000000000000000 ) ) ;
#708 = DIRECTION ( 'NONE',  ( 1.000000000000000000, 0.000000000000000000, 0.000000000000000000 ) ) ;
#709 = EDGE_CURVE ( 'NONE', #395, #2273, #2287, .T. ) ;
#710 = DIRECTION ( 'NONE',  ( 1.000000000000000000, 0.000000000000000000, 0.000000000000000000 ) ) ;
#711 = ORIENTED_EDGE ( 'NONE', *, *, #1213, .T. ) ;
#712 = CARTESIAN_POINT ( 'NONE',  ( -0.6999999999999999556, -1.000000000000000000, -1.499999999999999778 ) ) ;
#713 = LINE ( 'NONE', #2316, #556 ) ;
#714 = PLANE ( 'NONE',  #602 ) ;
#715 = ORIENTED_EDGE ( 'NONE', *, *, #2026, .F. ) ;
#716 = ORIENTED_EDGE ( 'NONE', *, *, #1696, .T. ) ;
#717 = FACE_OUTER_BOUND ( 'NONE', #120, .T. ) ;
#718 = EDGE_CURVE ( 'NONE', #1170, #1168, #1417, .T. ) ;
#719 = ORIENTED_EDGE ( 'NONE', *, *, #410, .T. ) ;
#720 = EDGE_CURVE ( 'NONE', #2449, #405, #1997, .T. ) ;
#721 = ORIENTED_EDGE ( 'NONE', *, *, #1348, .F. ) ;
#722 = CARTESIAN_POINT ( 'NONE',  ( 0.000000000000000000, -1.000000000000000000, 1.500000000000000222 ) ) ;
#723 = ORIENTED_EDGE ( 'NONE', *, *, #1326, .T. ) ;
#724 = CARTESIAN_POINT ( 'NONE',  ( -0.1499999999999999944, -0.7320000000000000950, 7.535475367157189374E-17 ) ) ;
#725 = ORIENTED_EDGE ( 'NONE', *, *, #835, .T. ) ;
#726 =( GEOMETRIC_REPRESENTATION_CONTEXT ( 3 ) GLOBAL_UNCERTAINTY_ASSIGNED_CONTEXT ( ( #534 ) ) GLOBAL_UNIT_ASSIGNED_CONTEXT ( ( #1339, #181, #2294 ) ) REPRESENTATION_CONTEXT ( 'NONE', 'WORKASPACE' ) );
#727 = AXIS2_PLACEMENT_3D ( 'NONE', #1570, #2398, #956 ) ;
#728 = ORIENTED_EDGE ( 'NONE', *, *, #796, .T. ) ;
#729 = CARTESIAN_POINT ( 'NONE',  ( -0.1499999999999999944, 1.000000000000000000, 0.6249999999999998890 ) ) ;
#730 = EDGE_CURVE ( 'NONE', #187, #1472, #2199, .T. ) ;
#731 = PLANE ( 'NONE',  #753 ) ;
#732 = EDGE_LOOP ( 'NONE', ( #2, #654, #2367, #624, #143, #1405 ) ) ;
#733 = CARTESIAN_POINT ( 'NONE',  ( -0.1499999999999999944, 0.7320000000000000950, 0.4999999999999998890 ) ) ;
#734 = CIRCLE ( 'NONE', #764, 0.1152903347902719949 ) ;
#735 = ORIENTED_EDGE ( 'NONE', *, *, #1236, .F. ) ;
#736 = VECTOR ( 'NONE', #553, 1000.000000000000000 ) ;
#737 = VECTOR ( 'NONE', #76, 1000.000000000000000 ) ;
#738 = VECTOR ( 'NONE', #1961, 1000.000000000000000 ) ;
#739 = CARTESIAN_POINT ( 'NONE',  ( 0.05000000000000000278, -0.4000000000000000222, 1.032000000000000695 ) ) ;
#740 = ORIENTED_EDGE ( 'NONE', *, *, #227, .F. ) ;
#741 = CARTESIAN_POINT ( 'NONE',  ( -0.1499999999999999944, 1.002000000000000002, 0.3749999999999998890 ) ) ;
#742 = CARTESIAN_POINT ( 'NONE',  ( 0.000000000000000000, 0.4000000000000000222, 1.032000000000000695 ) ) ;
#743 = CARTESIAN_POINT ( 'NONE',  ( 0.000000000000000000, 0.5250000000000010214, -3.252606517456521684E-16 ) ) ;
#744 = FACE_OUTER_BOUND ( 'NONE', #2253, .T. ) ;
#745 = EDGE_CURVE ( 'NONE', #2386, #472, #930, .T. ) ;
#746 = ORIENTED_EDGE ( 'NONE', *, *, #1050, .F. ) ;
#747 = CARTESIAN_POINT ( 'NONE',  ( -0.1499999999999999944, -0.5250000000000000222, 1.500000000000000222 ) ) ;
#748 = LINE ( 'NONE', #1351, #2165 ) ;
#749 = LINE ( 'NONE', #1380, #2018 ) ;
#750 = DIRECTION ( 'NONE',  ( -0.000000000000000000, -1.000000000000000000, 8.866346439326585237E-17 ) ) ;
#751 = VERTEX_POINT ( 'NONE', #2010 ) ;
#752 = EDGE_CURVE ( 'NONE', #751, #1677, #2060, .T. ) ;
#753 = AXIS2_PLACEMENT_3D ( 'NONE', #2307, #2148, #160 ) ;
#754 = LINE ( 'NONE', #1164, #738 ) ;
#755 = CARTESIAN_POINT ( 'NONE',  ( -0.6979999999999999538, 0.7987485962850371379, -1.298807414183755782 ) ) ;
#756 = ORIENTED_EDGE ( 'NONE', *, *, #2491, .T. ) ;
#757 = VECTOR ( 'NONE', #611, 1000.000000000000000 ) ;
#758 = ORIENTED_EDGE ( 'NONE', *, *, #1829, .T. ) ;
#759 = LINE ( 'NONE', #1532, #182 ) ;
#760 = PLANE ( 'NONE',  #325 ) ;
#761 = CARTESIAN_POINT ( 'NONE',  ( -0.1499999999999999944, -1.002000000000000002, 0.3749999999999998890 ) ) ;
#762 = ORIENTED_EDGE ( 'NONE', *, *, #2159, .F. ) ;
#763 = EDGE_CURVE ( 'NONE', #1246, #1354, #1276, .T. ) ;
#764 = AXIS2_PLACEMENT_3D ( 'NONE', #1965, #1587, #1762 ) ;
#765 = EDGE_CURVE ( 'NONE', #1238, #2071, #2248, .T. ) ;
#766 = CARTESIAN_POINT ( 'NONE',  ( -0.1499999999999999944, 0.7320000000000000950, 0.4999999999999998890 ) ) ;
#767 = CARTESIAN_POINT ( 'NONE',  ( -0.1499999999999999944, -0.6962928578572857852, 0.3749999999999998890 ) ) ;
#768 = ORIENTED_EDGE ( 'NONE', *, *, #1534, .T. ) ;
#769 = EDGE_CURVE ( 'NONE', #2127, #1836, #1863, .T. ) ;
#770 = FILL_AREA_STYLE ('',( #2157 ) ) ;
#771 = CARTESIAN_POINT ( 'NONE',  ( -0.6979999999999999538, 0.7987485962850371379, -1.298807414183755782 ) ) ;
#772 = DIRECTION ( 'NONE',  ( 0.000000000000000000, 1.000000000000000000, -2.659903931797975694E-16 ) ) ;
#773 = CARTESIAN_POINT ( 'NONE',  ( 0.000000000000000000, 0.6962928578572860072, -0.3749999999999998890 ) ) ;
#774 = ORIENTED_EDGE ( 'NONE', *, *, #316, .F. ) ;
#775 = ORIENTED_EDGE ( 'NONE', *, *, #1989, .F. ) ;
#776 = PLANE ( 'NONE',  #727 ) ;
#777 = EDGE_CURVE ( 'NONE', #2209, #2507, #1743, .T. ) ;
#778 = EDGE_CURVE ( 'NONE', #944, #1775, #2330, .T. ) ;
#779 = CARTESIAN_POINT ( 'NONE',  ( 0.000000000000000000, 0.000000000000000000, 0.6249999999999998890 ) ) ;
#780 = DIRECTION ( 'NONE',  ( 0.000000000000000000, 6.195440985631457289E-16, 1.000000000000000000 ) ) ;
#781 = CARTESIAN_POINT ( 'NONE',  ( -0.1499999999999999944, 0.6962928578572860072, 0.1250000000000001388 ) ) ;
#782 = DIRECTION ( 'NONE',  ( -0.000000000000000000, -0.000000000000000000, 1.000000000000000000 ) ) ;
#783 = DIRECTION ( 'NONE',  ( 0.000000000000000000, 0.000000000000000000, 1.000000000000000000 ) ) ;
#784 = FACE_OUTER_BOUND ( 'NONE', #226, .T. ) ;
#785 = VECTOR ( 'NONE', #29, 1000.000000000000000 ) ;
#786 = EDGE_CURVE ( 'NONE', #2386, #1574, #1315, .T. ) ;
#787 =( NAMED_UNIT ( * ) SI_UNIT ( $, .STERADIAN. ) SOLID_ANGLE_UNIT ( ) );
#788 = ORIENTED_EDGE ( 'NONE', *, *, #128, .F. ) ;
#789 = VECTOR ( 'NONE', #872, 1000.000000000000000 ) ;
#790 =( LENGTH_UNIT ( ) NAMED_UNIT ( * ) SI_UNIT ( .MILLI., .METRE. ) );
#791 = EDGE_CURVE ( 'NONE', #2402, #2259, #290, .T. ) ;
#792 = DIRECTION ( 'NONE',  ( 0.000000000000000000, 0.000000000000000000, -1.000000000000000000 ) ) ;
#793 = VERTEX_POINT ( 'NONE', #1071 ) ;
#794 = ORIENTED_EDGE ( 'NONE', *, *, #1473, .T. ) ;
#795 = ORIENTED_EDGE ( 'NONE', *, *, #2179, .T. ) ;
#796 = EDGE_CURVE ( 'NONE', #2507, #2289, #1112, .T. ) ;
#797 = LINE ( 'NONE', #1407, #525 ) ;
#798 = AXIS2_PLACEMENT_3D ( 'NONE', #183, #1378, #1993 ) ;
#799 = DIRECTION ( 'NONE',  ( -0.000000000000000000, 8.673617379884035472E-16, -1.000000000000000000 ) ) ;
#800 = CARTESIAN_POINT ( 'NONE',  ( -0.1499999999999999944, 0.5250000000000000222, 1.502000000000000224 ) ) ;
#801 = AXIS2_PLACEMENT_3D ( 'NONE', #1487, #93, #1839 ) ;
#802 = DIRECTION ( 'NONE',  ( -1.000000000000000000, -0.000000000000000000, 0.000000000000000000 ) ) ;
#803 = AXIS2_PLACEMENT_3D ( 'NONE', #1861, #1624, #2436 ) ;
#804 = ORIENTED_EDGE ( 'NONE', *, *, #88, .F. ) ;
#805 = CARTESIAN_POINT ( 'NONE',  ( 0.05000000000000000278, 0.7320000000000000950, 0.4999999999999998890 ) ) ;
#806 = VECTOR ( 'NONE', #1605, 1000.000000000000000 ) ;
#807 = ORIENTED_EDGE ( 'NONE', *, *, #1419, .F. ) ;
#808 = SURFACE_STYLE_USAGE ( .BOTH. , #831 ) ;
#809 = DIRECTION ( 'NONE',  ( -1.000000000000000000, 0.000000000000000000, 0.000000000000000000 ) ) ;
#810 = ORIENTED_EDGE ( 'NONE', *, *, #1610, .T. ) ;
#811 = DIRECTION ( 'NONE',  ( 0.000000000000000000, 8.673617379884035472E-16, 1.000000000000000000 ) ) ;
#812 = EDGE_CURVE ( 'NONE', #1104, #2127, #457, .T. ) ;
#813 = DIRECTION ( 'NONE',  ( 0.000000000000000000, 0.000000000000000000, -1.000000000000000000 ) ) ;
#814 = FACE_OUTER_BOUND ( 'NONE', #863, .T. ) ;
#815 = ORIENTED_EDGE ( 'NONE', *, *, #2188, .F. ) ;
#816 = DIRECTION ( 'NONE',  ( 0.000000000000000000, 0.000000000000000000, -1.000000000000000000 ) ) ;
#817 = FACE_OUTER_BOUND ( 'NONE', #1942, .T. ) ;
#818 = CARTESIAN_POINT ( 'NONE',  ( -0.1499999999999999944, -1.002000000000000224, 0.6249999999999998890 ) ) ;
#819 = ORIENTED_EDGE ( 'NONE', *, *, #379, .F. ) ;
#820 = CARTESIAN_POINT ( 'NONE',  ( -0.1499999999999999944, -0.6962928578572857852, 0.6249999999999998890 ) ) ;
#821 = ORIENTED_EDGE ( 'NONE', *, *, #2208, .T. ) ;
#822 = ORIENTED_EDGE ( 'NONE', *, *, #685, .F. ) ;
#823 = EDGE_CURVE ( 'NONE', #1724, #499, #1657, .T. ) ;
#824 = LINE ( 'NONE', #2030, #1902 ) ;
#825 = CARTESIAN_POINT ( 'NONE',  ( -0.1499999999999999944, 0.6962928578572860072, 0.1250000000000001388 ) ) ;
#826 = CARTESIAN_POINT ( 'NONE',  ( -0.6999999999999999556, -1.000000000000000000, 1.500000000000000222 ) ) ;
#827 = PLANE ( 'NONE',  #1166 ) ;
#828 = EDGE_LOOP ( 'NONE', ( #2058, #2320, #725, #1649, #1284, #2357, #2130, #1214, #275, #756, #1070, #711, #112, #248, #2457, #794, #283, #2111, #1350, #443, #138, #1851, #2055, #498, #856, #520, #397, #758, #1859, #895, #648, #723, #951, #821, #195, #1924, #2493, #618, #80, #768, #2186, #74, #1916, #1939, #2510, #252 ) ) ;
#829 = DIRECTION ( 'NONE',  ( 1.000000000000000000, 0.000000000000000000, 0.000000000000000000 ) ) ;
#830 = STYLED_ITEM ( 'NONE', ( #539 ), #1986 ) ;
#831 = SURFACE_SIDE_STYLE ('',( #2212 ) ) ;
#832 = UNCERTAINTY_MEASURE_WITH_UNIT (LENGTH_MEASURE( 1.000000000000000082E-05 ), #790, 'distance_accuracy_value', 'NONE');
#833 = VECTOR ( 'NONE', #298, 1000.000000000000000 ) ;
#834 = VERTEX_POINT ( 'NONE', #1466 ) ;
#835 = EDGE_CURVE ( 'NONE', #984, #2116, #492, .T. ) ;
#836 = DIRECTION ( 'NONE',  ( -0.000000000000000000, -1.000000000000000000, -0.000000000000000000 ) ) ;
#837 = FILL_AREA_STYLE ('',( #858 ) ) ;
#838 = CARTESIAN_POINT ( 'NONE',  ( 0.000000000000000000, -1.000000000000000000, -1.499999999999999778 ) ) ;
#839 = EDGE_CURVE ( 'NONE', #2558, #510, #301, .T. ) ;
#840 = EDGE_LOOP ( 'NONE', ( #130, #716, #946, #728 ) ) ;
#841 = APPLICATION_CONTEXT ( 'automotive_design' ) ;
#842 = VECTOR ( 'NONE', #1187, 1000.000000000000000 ) ;
#843 = PLANE ( 'NONE',  #687 ) ;
#844 = VERTEX_POINT ( 'NONE', #1866 ) ;
#845 = DIRECTION ( 'NONE',  ( 0.000000000000000000, -1.000000000000000000, 6.217405368027395951E-14 ) ) ;
#846 = AXIS2_PLACEMENT_3D ( 'NONE', #1631, #845, #276 ) ;
#847 = EDGE_CURVE ( 'NONE', #209, #1523, #2077, .T. ) ;
#848 = VECTOR ( 'NONE', #1364, 1000.000000000000000 ) ;
#849 = ORIENTED_EDGE ( 'NONE', *, *, #847, .F. ) ;
#850 = CARTESIAN_POINT ( 'NONE',  ( 0.000000000000000000, 0.000000000000000000, 0.3749999999999998890 ) ) ;
#851 = ORIENTED_EDGE ( 'NONE', *, *, #796, .F. ) ;
#852 = DIRECTION ( 'NONE',  ( 0.000000000000000000, 1.000000000000000000, -5.359832213816824764E-16 ) ) ;
#853 = CARTESIAN_POINT ( 'NONE',  ( 0.05000000000000000278, -0.3999999999999997446, -1.032000000000000695 ) ) ;
#854 = VECTOR ( 'NONE', #1612, 1000.000000000000000 ) ;
#855 = DIRECTION ( 'NONE',  ( 0.000000000000000000, 0.000000000000000000, -1.000000000000000000 ) ) ;
#856 = ORIENTED_EDGE ( 'NONE', *, *, #1756, .T. ) ;
#857 = CARTESIAN_POINT ( 'NONE',  ( -0.1499999999999999944, 0.2749999999999999667, -1.502000000000000224 ) ) ;
#858 = FILL_AREA_STYLE_COLOUR ( '', #394 ) ;
#859 = PLANE ( 'NONE',  #273 ) ;
#860 = ORIENTED_EDGE ( 'NONE', *, *, #2036, .T. ) ;
#861 = PLANE ( 'NONE',  #2335 ) ;
#862 = CARTESIAN_POINT ( 'NONE',  ( -0.1499999999999999944, 0.2000000000000000111, 0.4499999999999999556 ) ) ;
#863 = EDGE_LOOP ( 'NONE', ( #973, #42, #590, #2217 ) ) ;
#864 = DIRECTION ( 'NONE',  ( -0.000000000000000000, -1.000000000000000000, 8.866346439326585237E-17 ) ) ;
#865 = CARTESIAN_POINT ( 'NONE',  ( -0.1499999999999999944, 0.6962928578572857852, 0.3749999999999998890 ) ) ;
#866 = EDGE_CURVE ( 'NONE', #376, #1775, #1918, .T. ) ;
#867 = ORIENTED_EDGE ( 'NONE', *, *, #2231, .F. ) ;
#868 = CARTESIAN_POINT ( 'NONE',  ( -0.1499999999999999944, -0.4000000000000000222, 1.032000000000000695 ) ) ;
#869 = ORIENTED_EDGE ( 'NONE', *, *, #1676, .F. ) ;
#870 = ORIENTED_EDGE ( 'NONE', *, *, #937, .F. ) ;
#871 = LINE ( 'NONE', #67, #901 ) ;
#872 = DIRECTION ( 'NONE',  ( 1.000000000000000000, 0.000000000000000000, 0.000000000000000000 ) ) ;
#873 = VERTEX_POINT ( 'NONE', #747 ) ;
#874 = CARTESIAN_POINT ( 'NONE',  ( -0.1499999999999999944, 1.002000000000000002, 0.3749999999999998890 ) ) ;
#875 = CARTESIAN_POINT ( 'NONE',  ( -0.1499999999999999944, -1.002000000000000224, 0.1250000000000001110 ) ) ;
#876 = ORIENTED_EDGE ( 'NONE', *, *, #769, .F. ) ;
#877 = DIRECTION ( 'NONE',  ( 0.000000000000000000, 1.000000000000000000, -8.673617379884035472E-16 ) ) ;
#878 = EDGE_CURVE ( 'NONE', #671, #1392, #1519, .T. ) ;
#879 = LINE ( 'NONE', #1296, #1423 ) ;
#880 = EDGE_CURVE ( 'NONE', #650, #1200, #943, .T. ) ;
#881 = AXIS2_PLACEMENT_3D ( 'NONE', #1644, #2254, #2431 ) ;
#882 = CARTESIAN_POINT ( 'NONE',  ( 0.000000000000000000, 0.2749999999999999667, -1.499999999999999778 ) ) ;
#883 = ORIENTED_EDGE ( 'NONE', *, *, #1289, .F. ) ;
#884 = ORIENTED_EDGE ( 'NONE', *, *, #1972, .F. ) ;
#885 = CIRCLE ( 'NONE', #1514, 0.1152903347902719949 ) ;
#886 = EDGE_CURVE ( 'NONE', #1887, #594, #1480, .T. ) ;
#887 = LINE ( 'NONE', #2152, #2222 ) ;
#888 = FACE_OUTER_BOUND ( 'NONE', #2496, .T. ) ;
#889 = DIRECTION ( 'NONE',  ( 0.000000000000000000, 0.000000000000000000, -1.000000000000000000 ) ) ;
#890 = FACE_OUTER_BOUND ( 'NONE', #2170, .T. ) ;
#891 = EDGE_LOOP ( 'NONE', ( #1908, #101, #1439, #2196, #1490, #807 ) ) ;
#892 = CARTESIAN_POINT ( 'NONE',  ( 0.000000000000000000, 1.108293304915824849E-17, 0.1250000000000001943 ) ) ;
#893 = VECTOR ( 'NONE', #1332, 1000.000000000000000 ) ;
#894 = DIRECTION ( 'NONE',  ( 0.000000000000000000, -1.000000000000000000, 0.000000000000000000 ) ) ;
#895 = ORIENTED_EDGE ( 'NONE', *, *, #522, .T. ) ;
#896 = FACE_OUTER_BOUND ( 'NONE', #686, .T. ) ;
#897 = COLOUR_RGB ( '',0.1098039215686274495, 0.1098039215686274495, 0.1098039215686274495 ) ;
#898 = FILL_AREA_STYLE_COLOUR ( '', #897 ) ;
#899 = ORIENTED_EDGE ( 'NONE', *, *, #880, .F. ) ;
#900 = AXIS2_PLACEMENT_3D ( 'NONE', #766, #2343, #1410 ) ;
#901 = VECTOR ( 'NONE', #468, 1000.000000000000000 ) ;
#902 = ADVANCED_FACE ( 'NONE', ( #180 ), #547, .T. ) ;
#903 = CARTESIAN_POINT ( 'NONE',  ( -0.1499999999999999944, -0.5250000000000313305, -1.502000000000010216 ) ) ;
#904 = CARTESIAN_POINT ( 'NONE',  ( 0.05000000000000000278, 0.4000000000000000222, 1.032000000000000695 ) ) ;
#905 = EDGE_LOOP ( 'NONE', ( #2360, #1513, #332, #1865, #1143, #2412 ) ) ;
#906 = ORIENTED_EDGE ( 'NONE', *, *, #745, .F. ) ;
#907 = LINE ( 'NONE', #1041, #2494 ) ;
#908 = CARTESIAN_POINT ( 'NONE',  ( -0.1499999999999999944, 0.2749999999999995781, -0.8020000000000006013 ) ) ;
#909 = ORIENTED_EDGE ( 'NONE', *, *, #487, .T. ) ;
#910 = ORIENTED_EDGE ( 'NONE', *, *, #302, .T. ) ;
#911 = CARTESIAN_POINT ( 'NONE',  ( 0.05000000000000000278, -1.002000000000000224, -0.3749999999999998890 ) ) ;
#912 = ADVANCED_FACE ( 'NONE', ( #2305 ), #550, .F. ) ;
#913 = SURFACE_STYLE_USAGE ( .BOTH. , #1927 ) ;
#914 = EDGE_LOOP ( 'NONE', ( #692, #294, #2140, #166 ) ) ;
#915 = FACE_OUTER_BOUND ( 'NONE', #171, .T. ) ;
#916 = DIRECTION ( 'NONE',  ( 0.000000000000000000, 0.000000000000000000, 1.000000000000000000 ) ) ;
#917 = CARTESIAN_POINT ( 'NONE',  ( -0.1499999999999999944, 1.002000000000000224, -0.3749999999999998890 ) ) ;
#918 = ORIENTED_EDGE ( 'NONE', *, *, #1090, .F. ) ;
#919 = LINE ( 'NONE', #999, #649 ) ;
#920 = AXIS2_PLACEMENT_3D ( 'NONE', #2065, #1497, #89 ) ;
#921 = DIRECTION ( 'NONE',  ( 0.000000000000000000, 0.000000000000000000, 1.000000000000000000 ) ) ;
#922 = DIRECTION ( 'NONE',  ( 0.000000000000000000, 0.000000000000000000, -1.000000000000000000 ) ) ;
#923 = VERTEX_POINT ( 'NONE', #1648 ) ;
#924 = CARTESIAN_POINT ( 'NONE',  ( -0.1499999999999999944, 0.5250000000000000222, 1.502000000000000224 ) ) ;
#925 = VERTEX_POINT ( 'NONE', #2221 ) ;
#926 = DIRECTION ( 'NONE',  ( 0.000000000000000000, 0.000000000000000000, -1.000000000000000000 ) ) ;
#927 = EDGE_CURVE ( 'NONE', #1382, #1027, #1035, .T. ) ;
#928 = FACE_OUTER_BOUND ( 'NONE', #1015, .T. ) ;
#929 = VERTEX_POINT ( 'NONE', #2192 ) ;
#930 = CIRCLE ( 'NONE', #965, 0.1300000000000000044 ) ;
#931 = VECTOR ( 'NONE', #799, 1000.000000000000000 ) ;
#932 = CARTESIAN_POINT ( 'NONE',  ( 0.000000000000000000, -1.000000000000000000, 1.500000000000000222 ) ) ;
#933 = VERTEX_POINT ( 'NONE', #1209 ) ;
#934 = CARTESIAN_POINT ( 'NONE',  ( 0.05000000000000000278, 0.5250000000000004663, -0.8020000000000006013 ) ) ;
#935 = FILL_AREA_STYLE ('',( #530 ) ) ;
#936 = CARTESIAN_POINT ( 'NONE',  ( -0.6999999999999999556, 0.2750000000000000777, 1.500000000000000222 ) ) ;
#937 = EDGE_CURVE ( 'NONE', #335, #933, #1325, .T. ) ;
#938 = CARTESIAN_POINT ( 'NONE',  ( 0.000000000000000000, -0.7320000000000000950, -0.4999999999999998890 ) ) ;
#939 = LINE ( 'NONE', #1390, #557 ) ;
#940 = EDGE_LOOP ( 'NONE', ( #1833, #1872, #1122, #110 ) ) ;
#941 = FILL_AREA_STYLE_COLOUR ( '', #546 ) ;
#942 = ORIENTED_EDGE ( 'NONE', *, *, #571, .F. ) ;
#943 = LINE ( 'NONE', #2321, #194 ) ;
#944 = VERTEX_POINT ( 'NONE', #911 ) ;
#945 = DIRECTION ( 'NONE',  ( 0.000000000000000000, -6.195440985631457289E-16, -1.000000000000000000 ) ) ;
#946 = ORIENTED_EDGE ( 'NONE', *, *, #777, .T. ) ;
#947 = DIRECTION ( 'NONE',  ( 0.000000000000000000, -0.000000000000000000, -1.000000000000000000 ) ) ;
#948 = EDGE_CURVE ( 'NONE', #1611, #376, #2489, .T. ) ;
#949 = CARTESIAN_POINT ( 'NONE',  ( -0.1499999999999999944, -0.5250000000000000222, 1.502000000000000224 ) ) ;
#950 = DIRECTION ( 'NONE',  ( 1.000000000000000000, 0.000000000000000000, 0.000000000000000000 ) ) ;
#951 = ORIENTED_EDGE ( 'NONE', *, *, #1783, .T. ) ;
#952 = EDGE_CURVE ( 'NONE', #1748, #677, #150, .T. ) ;
#953 = EDGE_CURVE ( 'NONE', #499, #1110, #282, .T. ) ;
#954 = VECTOR ( 'NONE', #445, 1000.000000000000000 ) ;
#955 = CARTESIAN_POINT ( 'NONE',  ( 0.000000000000000000, -1.000000000000000000, 0.1250000000000001110 ) ) ;
#956 = DIRECTION ( 'NONE',  ( 0.000000000000000000, 0.000000000000000000, 1.000000000000000000 ) ) ;
#957 = ORIENTED_EDGE ( 'NONE', *, *, #2425, .F. ) ;
#958 = MECHANICAL_DESIGN_GEOMETRIC_PRESENTATION_REPRESENTATION (  '', ( #421 ), #1467 ) ;
#959 = ORIENTED_EDGE ( 'NONE', *, *, #786, .F. ) ;
#960 = PLANE ( 'NONE',  #1307 ) ;
#961 = CARTESIAN_POINT ( 'NONE',  ( -0.1499999999999999944, -0.6962928578572860072, -0.3749999999999998890 ) ) ;
#962 = DIRECTION ( 'NONE',  ( 0.000000000000000000, -2.659903931797975694E-16, -1.000000000000000000 ) ) ;
#963 = PRODUCT_DEFINITION ( 'UNKNOWN', '', #2094, #633 ) ;
#964 = AXIS2_PLACEMENT_3D ( 'NONE', #2022, #1451, #456 ) ;
#965 = AXIS2_PLACEMENT_3D ( 'NONE', #17, #809, #1219 ) ;
#966 = EDGE_CURVE ( 'NONE', #206, #1600, #1843, .T. ) ;
#967 = DIRECTION ( 'NONE',  ( 1.000000000000000000, 0.000000000000000000, 0.000000000000000000 ) ) ;
#968 =( GEOMETRIC_REPRESENTATION_CONTEXT ( 3 ) GLOBAL_UNCERTAINTY_ASSIGNED_CONTEXT ( ( #699 ) ) GLOBAL_UNIT_ASSIGNED_CONTEXT ( ( #2225, #656, #1583 ) ) REPRESENTATION_CONTEXT ( 'NONE', 'WORKASPACE' ) );
#969 = VECTOR ( 'NONE', #1369, 1000.000000000000000 ) ;
#970 = SURFACE_STYLE_USAGE ( .BOTH. , #375 ) ;
#971 = ORIENTED_EDGE ( 'NONE', *, *, #1943, .F. ) ;
#972 = PLANE ( 'NONE',  #1966 ) ;
#973 = ORIENTED_EDGE ( 'NONE', *, *, #1534, .F. ) ;
#974 =( LENGTH_UNIT ( ) NAMED_UNIT ( * ) SI_UNIT ( .MILLI., .METRE. ) );
#975 = EDGE_LOOP ( 'NONE', ( #545, #683, #18, #153 ) ) ;
#976 = EDGE_CURVE ( 'NONE', #236, #1913, #2272, .T. ) ;
#977 = CARTESIAN_POINT ( 'NONE',  ( 0.05000000000000000278, -0.5250000000000000222, 1.502000000000000224 ) ) ;
#978 = DIRECTION ( 'NONE',  ( 0.000000000000000000, 0.000000000000000000, -1.000000000000000000 ) ) ;
#979 = ADVANCED_FACE ( 'NONE', ( #1061 ), #1674, .F. ) ;
#980 = CARTESIAN_POINT ( 'NONE',  ( 0.000000000000000000, 1.000000000000000000, 1.500000000000000222 ) ) ;
#981 = VERTEX_POINT ( 'NONE', #1043 ) ;
#982 = SURFACE_STYLE_USAGE ( .BOTH. , #2372 ) ;
#983 = LINE ( 'NONE', #406, #704 ) ;
#984 = VERTEX_POINT ( 'NONE', #701 ) ;
#985 = ORIENTED_EDGE ( 'NONE', *, *, #1396, .T. ) ;
#986 = CARTESIAN_POINT ( 'NONE',  ( 0.000000000000000000, 0.7320000000000000950, 7.535475367157189374E-17 ) ) ;
#987 = DIRECTION ( 'NONE',  ( 1.000000000000000000, 0.000000000000000000, 0.000000000000000000 ) ) ;
#988 = LINE ( 'NONE', #767, #270 ) ;
#989 = AXIS2_PLACEMENT_3D ( 'NONE', #1978, #1424, #403 ) ;
#990 = LINE ( 'NONE', #1564, #268 ) ;
#991 = VERTEX_POINT ( 'NONE', #129 ) ;
#992 = PRESENTATION_LAYER_ASSIGNMENT (  '', '', ( #147 ) ) ;
#993 = FACE_OUTER_BOUND ( 'NONE', #905, .T. ) ;
#994 = EDGE_CURVE ( 'NONE', #1108, #1382, #463, .T. ) ;
#995 = PLANE ( 'NONE',  #2267 ) ;
#996 = CARTESIAN_POINT ( 'NONE',  ( -0.1499999999999999944, 1.002000000000000224, 0.1250000000000001110 ) ) ;
#997 = ORIENTED_EDGE ( 'NONE', *, *, #952, .F. ) ;
#998 = ORIENTED_EDGE ( 'NONE', *, *, #576, .F. ) ;
#999 = CARTESIAN_POINT ( 'NONE',  ( -0.1499999999999999944, 0.5250000000000000222, 0.9962928578572867178 ) ) ;
#1000 = VECTOR ( 'NONE', #606, 1000.000000000000000 ) ;
#1001 = CARTESIAN_POINT ( 'NONE',  ( 0.05000000000000000278, -0.6962928578572860072, 0.1250000000000001388 ) ) ;
#1002 = DIRECTION ( 'NONE',  ( 0.000000000000000000, 0.000000000000000000, -1.000000000000000000 ) ) ;
#1003 = LINE ( 'NONE', #1772, #1579 ) ;
#1004 = ORIENTED_EDGE ( 'NONE', *, *, #1588, .F. ) ;
#1005 = VECTOR ( 'NONE', #694, 1000.000000000000000 ) ;
#1006 = ORIENTED_EDGE ( 'NONE', *, *, #720, .F. ) ;
#1007 = LINE ( 'NONE', #1812, #1733 ) ;
#1008 = CARTESIAN_POINT ( 'NONE',  ( 0.000000000000000000, -1.000000000000000000, -1.499999999999999778 ) ) ;
#1009 =( GEOMETRIC_REPRESENTATION_CONTEXT ( 3 ) GLOBAL_UNCERTAINTY_ASSIGNED_CONTEXT ( ( #1445 ) ) GLOBAL_UNIT_ASSIGNED_CONTEXT ( ( #1857, #1633, #449 ) ) REPRESENTATION_CONTEXT ( 'NONE', 'WORKASPACE' ) );
#1010 = VERTEX_POINT ( 'NONE', #1471 ) ;
#1011 = DIRECTION ( 'NONE',  ( 0.000000000000000000, 0.000000000000000000, 1.000000000000000000 ) ) ;
#1012 = COLOUR_RGB ( '',0.1098039215686274495, 0.1098039215686274495, 0.1098039215686274495 ) ;
#1013 = LINE ( 'NONE', #1416, #358 ) ;
#1014 = DIRECTION ( 'NONE',  ( 0.000000000000000000, 0.000000000000000000, -1.000000000000000000 ) ) ;
#1015 = EDGE_LOOP ( 'NONE', ( #1316, #2438, #1947, #2277, #427, #1592 ) ) ;
#1016 = EDGE_CURVE ( 'NONE', #1170, #2003, #1298, .T. ) ;
#1017 = DIRECTION ( 'NONE',  ( 1.000000000000000000, 0.000000000000000000, 0.000000000000000000 ) ) ;
#1018 = ORIENTED_EDGE ( 'NONE', *, *, #2556, .F. ) ;
#1019 = ORIENTED_EDGE ( 'NONE', *, *, #1700, .F. ) ;
#1020 = DIRECTION ( 'NONE',  ( 1.000000000000000000, 0.000000000000000000, 0.000000000000000000 ) ) ;
#1021 = PLANE ( 'NONE',  #2548 ) ;
#1022 = ORIENTED_EDGE ( 'NONE', *, *, #2208, .F. ) ;
#1023 = DIRECTION ( 'NONE',  ( 1.000000000000000000, 0.000000000000000000, 0.000000000000000000 ) ) ;
#1024 = DIRECTION ( 'NONE',  ( 0.000000000000000000, -1.000000000000000000, 0.000000000000000000 ) ) ;
#1025 = CARTESIAN_POINT ( 'NONE',  ( -0.1499999999999999944, -1.000000000000000000, -0.3749999999999998890 ) ) ;
#1026 = ADVANCED_FACE ( 'NONE', ( #481 ), #293, .T. ) ;
#1027 = VERTEX_POINT ( 'NONE', #2052 ) ;
#1028 = DIRECTION ( 'NONE',  ( 0.000000000000000000, 0.000000000000000000, -1.000000000000000000 ) ) ;
#1029 = ADVANCED_FACE ( 'NONE', ( #320 ), #714, .T. ) ;
#1030 = ORIENTED_EDGE ( 'NONE', *, *, #202, .T. ) ;
#1031 = CARTESIAN_POINT ( 'NONE',  ( 0.05000000000000000278, 0.7320000000000000950, 0.4999999999999998890 ) ) ;
#1032 = EDGE_CURVE ( 'NONE', #1309, #637, #1282, .T. ) ;
#1033 = CARTESIAN_POINT ( 'NONE',  ( -0.1499999999999999944, 0.000000000000000000, 0.000000000000000000 ) ) ;
#1034 = CARTESIAN_POINT ( 'NONE',  ( -0.1499999999999999944, 0.6962928578572860072, -0.1249999999999999722 ) ) ;
#1035 = LINE ( 'NONE', #1049, #1359 ) ;
#1036 = FACE_OUTER_BOUND ( 'NONE', #2067, .T. ) ;
#1037 = ORIENTED_EDGE ( 'NONE', *, *, #256, .T. ) ;
#1038 = LINE ( 'NONE', #1426, #2132 ) ;
#1039 = VECTOR ( 'NONE', #574, 1000.000000000000000 ) ;
#1040 = ORIENTED_EDGE ( 'NONE', *, *, #655, .T. ) ;
#1041 = CARTESIAN_POINT ( 'NONE',  ( 0.000000000000000000, 0.000000000000000000, 0.6249999999999998890 ) ) ;
#1042 = AXIS2_PLACEMENT_3D ( 'NONE', #739, #1515, #2506 ) ;
#1043 = CARTESIAN_POINT ( 'NONE',  ( 0.000000000000000000, 0.1999999999999997891, -0.4500000000000000666 ) ) ;
#1044 = VECTOR ( 'NONE', #82, 1000.000000000000000 ) ;
#1045 = ORIENTED_EDGE ( 'NONE', *, *, #1551, .F. ) ;
#1046 = ORIENTED_EDGE ( 'NONE', *, *, #1265, .F. ) ;
#1047 = CARTESIAN_POINT ( 'NONE',  ( 0.05000000000000000278, -0.05000000000000000278, -0.4499999999999999556 ) ) ;
#1048 = LINE ( 'NONE', #1651, #2501 ) ;
#1049 = CARTESIAN_POINT ( 'NONE',  ( -0.6999999999999999556, -0.2749999999999999667, 1.500000000000000222 ) ) ;
#1050 = EDGE_CURVE ( 'NONE', #169, #509, #1308, .T. ) ;
#1051 = DIRECTION ( 'NONE',  ( -0.000000000000000000, 5.421010862427525128E-16, -1.000000000000000000 ) ) ;
#1052 = ORIENTED_EDGE ( 'NONE', *, *, #49, .F. ) ;
#1053 = DIRECTION ( 'NONE',  ( -1.000000000000000000, 0.000000000000000000, 0.000000000000000000 ) ) ;
#1054 = VECTOR ( 'NONE', #1174, 1000.000000000000000 ) ;
#1055 = CARTESIAN_POINT ( 'NONE',  ( -0.1499999999999999944, 0.6962928578572860072, -0.6249999999999998890 ) ) ;
#1056 = VECTOR ( 'NONE', #2464, 1000.000000000000000 ) ;
#1057 = CARTESIAN_POINT ( 'NONE',  ( -0.6999999999999999556, -1.000000000000000000, 0.6249999999999998890 ) ) ;
#1058 = VERTEX_POINT ( 'NONE', #882 ) ;
#1059 = DIRECTION ( 'NONE',  ( 0.000000000000000000, 0.000000000000000000, 1.000000000000000000 ) ) ;
#1060 = CIRCLE ( 'NONE', #1597, 0.1300000000000000044 ) ;
#1061 = FACE_OUTER_BOUND ( 'NONE', #292, .T. ) ;
#1062 = VERTEX_POINT ( 'NONE', #2081 ) ;
#1063 = ORIENTED_EDGE ( 'NONE', *, *, #1473, .F. ) ;
#1064 = LINE ( 'NONE', #1447, #527 ) ;
#1065 = FACE_OUTER_BOUND ( 'NONE', #434, .T. ) ;
#1066 = ADVANCED_FACE ( 'NONE', ( #306 ), #2240, .T. ) ;
#1067 = DIRECTION ( 'NONE',  ( 0.000000000000000000, 1.000000000000000000, 8.866346439326585237E-17 ) ) ;
#1068 = FACE_OUTER_BOUND ( 'NONE', #264, .T. ) ;
#1069 = EDGE_CURVE ( 'NONE', #2109, #834, #1324, .T. ) ;
#1070 = ORIENTED_EDGE ( 'NONE', *, *, #878, .T. ) ;
#1071 = CARTESIAN_POINT ( 'NONE',  ( 0.000000000000000000, 0.5250000000000000222, 1.500000000000000222 ) ) ;
#1072 = LINE ( 'NONE', #78, #96 ) ;
#1073 = ADVANCED_FACE ( 'NONE', ( #1435 ), #1021, .T. ) ;
#1074 = ORIENTED_EDGE ( 'NONE', *, *, #1626, .F. ) ;
#1075 = DIRECTION ( 'NONE',  ( -0.000000000000000000, -1.000000000000000000, -0.000000000000000000 ) ) ;
#1076 = DIRECTION ( 'NONE',  ( -1.000000000000000000, -0.000000000000000000, 0.000000000000000000 ) ) ;
#1077 = VERTEX_POINT ( 'NONE', #2194 ) ;
#1078 = ORIENTED_EDGE ( 'NONE', *, *, #1712, .F. ) ;
#1079 = VERTEX_POINT ( 'NONE', #1990 ) ;
#1080 = DIRECTION ( 'NONE',  ( -1.000000000000000000, 0.000000000000000000, 0.000000000000000000 ) ) ;
#1081 = CARTESIAN_POINT ( 'NONE',  ( 0.05000000000000000278, 0.6962928578572860072, -0.3749999999999998890 ) ) ;
#1082 = DIRECTION ( 'NONE',  ( 0.000000000000000000, 0.000000000000000000, 1.000000000000000000 ) ) ;
#1083 = DIRECTION ( 'NONE',  ( -1.000000000000000000, -0.000000000000000000, 0.000000000000000000 ) ) ;
#1084 = EDGE_LOOP ( 'NONE', ( #2404, #583, #1954, #1884, #2434, #2376, #555, #2389, #2339, #1984, #304, #338 ) ) ;
#1085 = DIRECTION ( 'NONE',  ( 0.000000000000000000, 0.000000000000000000, 1.000000000000000000 ) ) ;
#1086 = ADVANCED_FACE ( 'NONE', ( #215 ), #12, .T. ) ;
#1087 = CARTESIAN_POINT ( 'NONE',  ( 0.000000000000000000, 1.000000000000000000, 0.1250000000000001110 ) ) ;
#1088 = ORIENTED_EDGE ( 'NONE', *, *, #533, .F. ) ;
#1089 = LINE ( 'NONE', #136, #1926 ) ;
#1090 = EDGE_CURVE ( 'NONE', #2255, #404, #1007, .T. ) ;
#1091 = FILL_AREA_STYLE ('',( #898 ) ) ;
#1092 = EDGE_LOOP ( 'NONE', ( #432, #815, #2250, #48 ) ) ;
#1093 = DIRECTION ( 'NONE',  ( -1.000000000000000000, -0.000000000000000000, 0.000000000000000000 ) ) ;
#1094 = DIRECTION ( 'NONE',  ( 1.000000000000000000, 0.000000000000000000, 0.000000000000000000 ) ) ;
#1095 = FILL_AREA_STYLE ('',( #941 ) ) ;
#1096 = VERTEX_POINT ( 'NONE', #2553 ) ;
#1097 = VECTOR ( 'NONE', #1075, 1000.000000000000000 ) ;
#1098 = DIRECTION ( 'NONE',  ( -1.000000000000000000, 0.000000000000000000, 0.000000000000000000 ) ) ;
#1099 = AXIS2_PLACEMENT_3D ( 'NONE', #771, #1565, #575 ) ;
#1100 = ORIENTED_EDGE ( 'NONE', *, *, #786, .T. ) ;
#1101 = LINE ( 'NONE', #540, #189 ) ;
#1102 = DIRECTION ( 'NONE',  ( 1.000000000000000000, 0.000000000000000000, 0.000000000000000000 ) ) ;
#1103 = ORIENTED_EDGE ( 'NONE', *, *, #2520, .F. ) ;
#1104 = VERTEX_POINT ( 'NONE', #1119 ) ;
#1105 = AXIS2_PLACEMENT_3D ( 'NONE', #1033, #439, #2041 ) ;
#1106 = EDGE_CURVE ( 'NONE', #1887, #395, #919, .T. ) ;
#1107 = CIRCLE ( 'NONE', #484, 0.1300000000000000044 ) ;
#1108 = VERTEX_POINT ( 'NONE', #35 ) ;
#1109 = DIRECTION ( 'NONE',  ( 0.000000000000000000, 0.000000000000000000, -1.000000000000000000 ) ) ;
#1110 = VERTEX_POINT ( 'NONE', #593 ) ;
#1111 = DIRECTION ( 'NONE',  ( 0.000000000000000000, 0.000000000000000000, -1.000000000000000000 ) ) ;
#1112 = LINE ( 'NONE', #1481, #2216 ) ;
#1113 = CARTESIAN_POINT ( 'NONE',  ( 0.05000000000000000278, 0.5250000000000000222, -1.502000000000000224 ) ) ;
#1114 = DIRECTION ( 'NONE',  ( -0.000000000000000000, -1.000000000000000000, -0.000000000000000000 ) ) ;
#1115 = EDGE_CURVE ( 'NONE', #1775, #929, #1394, .T. ) ;
#1116 = CARTESIAN_POINT ( 'NONE',  ( 0.05000000000000000278, -0.4000000000000000222, 1.032000000000000695 ) ) ;
#1117 = ORIENTED_EDGE ( 'NONE', *, *, #2331, .F. ) ;
#1118 = ADVANCED_FACE ( 'NONE', ( #1609 ), #2215, .T. ) ;
#1119 = CARTESIAN_POINT ( 'NONE',  ( -0.1499999999999999944, 1.000000000000000000, 0.3749999999999998890 ) ) ;
#1120 = EDGE_CURVE ( 'NONE', #929, #2513, #2218, .T. ) ;
#1121 = DIRECTION ( 'NONE',  ( -1.000000000000000000, 0.000000000000000000, -0.000000000000000000 ) ) ;
#1122 = ORIENTED_EDGE ( 'NONE', *, *, #1289, .T. ) ;
#1123 = ORIENTED_EDGE ( 'NONE', *, *, #1829, .F. ) ;
#1124 = DIRECTION ( 'NONE',  ( 1.000000000000000000, 0.000000000000000000, 0.000000000000000000 ) ) ;
#1125 = CIRCLE ( 'NONE', #1042, 0.1300000000000000044 ) ;
#1126 = DIRECTION ( 'NONE',  ( 0.000000000000000000, 0.000000000000000000, 1.000000000000000000 ) ) ;
#1127 = EDGE_LOOP ( 'NONE', ( #957, #287, #1479, #1634 ) ) ;
#1128 = EDGE_CURVE ( 'NONE', #107, #236, #2200, .T. ) ;
#1129 = DIRECTION ( 'NONE',  ( 0.000000000000000000, 0.000000000000000000, -1.000000000000000000 ) ) ;
#1130 = SURFACE_STYLE_FILL_AREA ( #935 ) ;
#1131 = ORIENTED_EDGE ( 'NONE', *, *, #866, .T. ) ;
#1132 = DIRECTION ( 'NONE',  ( 0.000000000000000000, 0.000000000000000000, -1.000000000000000000 ) ) ;
#1133 = AXIS2_PLACEMENT_3D ( 'NONE', #733, #1124, #532 ) ;
#1134 = VECTOR ( 'NONE', #30, 1000.000000000000000 ) ;
#1135 = LINE ( 'NONE', #903, #2552 ) ;
#1136 = ORIENTED_EDGE ( 'NONE', *, *, #159, .T. ) ;
#1137 = ORIENTED_EDGE ( 'NONE', *, *, #2512, .F. ) ;
#1138 = VECTOR ( 'NONE', #1845, 1000.000000000000000 ) ;
#1139 = ADVANCED_FACE ( 'NONE', ( #1805 ), #1176, .T. ) ;
#1140 = FACE_OUTER_BOUND ( 'NONE', #1729, .T. ) ;
#1141 = ORIENTED_EDGE ( 'NONE', *, *, #1115, .F. ) ;
#1142 = ADVANCED_FACE ( 'NONE', ( #2027 ), #2012, .T. ) ;
#1143 = ORIENTED_EDGE ( 'NONE', *, *, #1248, .F. ) ;
#1144 = DIRECTION ( 'NONE',  ( -0.000000000000000000, -1.000000000000000000, -0.000000000000000000 ) ) ;
#1145 = ORIENTED_EDGE ( 'NONE', *, *, #2036, .F. ) ;
#1146 = FACE_OUTER_BOUND ( 'NONE', #1450, .T. ) ;
#1147 = CARTESIAN_POINT ( 'NONE',  ( -0.6999999999999999556, -1.000000000000000000, -1.499999999999999778 ) ) ;
#1148 = EDGE_CURVE ( 'NONE', #751, #1586, #1973, .T. ) ;
#1149 = ORIENTED_EDGE ( 'NONE', *, *, #487, .F. ) ;
#1150 = DIRECTION ( 'NONE',  ( -0.000000000000000000, -6.217405368027395951E-14, -1.000000000000000000 ) ) ;
#1151 = LINE ( 'NONE', #175, #1000 ) ;
#1152 = VERTEX_POINT ( 'NONE', #579 ) ;
#1153 = PLANE ( 'NONE',  #900 ) ;
#1154 = PLANE ( 'NONE',  #1923 ) ;
#1155 = ORIENTED_EDGE ( 'NONE', *, *, #1069, .T. ) ;
#1156 = DIRECTION ( 'NONE',  ( 0.000000000000000000, 1.000000000000000000, -0.000000000000000000 ) ) ;
#1157 = FACE_BOUND ( 'NONE', #684, .T. ) ;
#1158 = PRESENTATION_STYLE_ASSIGNMENT (( #982 ) ) ;
#1159 = EDGE_CURVE ( 'NONE', #2025, #368, #2177, .T. ) ;
#1160 = DIRECTION ( 'NONE',  ( -1.000000000000000000, 0.000000000000000000, 0.000000000000000000 ) ) ;
#1161 = DIRECTION ( 'NONE',  ( 0.000000000000000000, 1.000000000000000000, 0.000000000000000000 ) ) ;
#1162 = EDGE_CURVE ( 'NONE', #1970, #2507, #797, .T. ) ;
#1163 = MECHANICAL_DESIGN_GEOMETRIC_PRESENTATION_REPRESENTATION (  '', ( #543 ), #1384 ) ;
#1164 = CARTESIAN_POINT ( 'NONE',  ( 0.000000000000000000, 1.000000000000000000, 1.500000000000000222 ) ) ;
#1165 = CARTESIAN_POINT ( 'NONE',  ( -0.1499999999999999944, -0.2749999999999999667, 1.502000000000000224 ) ) ;
#1166 = AXIS2_PLACEMENT_3D ( 'NONE', #2073, #454, #2456 ) ;
#1167 = AXIS2_PLACEMENT_3D ( 'NONE', #1327, #921, #1720 ) ;
#1168 = VERTEX_POINT ( 'NONE', #2405 ) ;
#1169 = PRESENTATION_STYLE_ASSIGNMENT (( #970 ) ) ;
#1170 = VERTEX_POINT ( 'NONE', #22 ) ;
#1171 = LINE ( 'NONE', #361, #1221 ) ;
#1172 = CARTESIAN_POINT ( 'NONE',  ( 0.000000000000000000, -0.6962928578572860072, -0.6250000000000000000 ) ) ;
#1173 = EDGE_CURVE ( 'NONE', #2127, #2441, #1827, .T. ) ;
#1174 = DIRECTION ( 'NONE',  ( -0.000000000000000000, -0.000000000000000000, 1.000000000000000000 ) ) ;
#1175 = ORIENTED_EDGE ( 'NONE', *, *, #1032, .F. ) ;
#1176 = PLANE ( 'NONE',  #324 ) ;
#1177 = EDGE_CURVE ( 'NONE', #1329, #187, #213, .T. ) ;
#1178 = VECTOR ( 'NONE', #1313, 1000.000000000000000 ) ;
#1179 = VECTOR ( 'NONE', #2459, 1000.000000000000000 ) ;
#1180 = CARTESIAN_POINT ( 'NONE',  ( -0.1499999999999999944, -0.2749999999999999667, 1.502000000000000224 ) ) ;
#1181 = CARTESIAN_POINT ( 'NONE',  ( -0.1499999999999999944, -0.7320000000000000950, -0.4999999999999998890 ) ) ;
#1182 = ORIENTED_EDGE ( 'NONE', *, *, #730, .T. ) ;
#1183 = VECTOR ( 'NONE', #782, 1000.000000000000000 ) ;
#1184 = CIRCLE ( 'NONE', #70, 0.1300000000000000044 ) ;
#1185 =( NAMED_UNIT ( * ) PLANE_ANGLE_UNIT ( ) SI_UNIT ( $, .RADIAN. ) );
#1186 = ORIENTED_EDGE ( 'NONE', *, *, #384, .T. ) ;
#1187 = DIRECTION ( 'NONE',  ( 0.000000000000000000, -1.000000000000000000, 0.000000000000000000 ) ) ;
#1188 = ORIENTED_EDGE ( 'NONE', *, *, #2538, .F. ) ;
#1189 = CARTESIAN_POINT ( 'NONE',  ( 0.05000000000000000278, 0.2749999999999999667, -1.502000000000000224 ) ) ;
#1190 = VERTEX_POINT ( 'NONE', #2395 ) ;
#1191 = EDGE_LOOP ( 'NONE', ( #1376, #1210, #1019, #90 ) ) ;
#1192 = CARTESIAN_POINT ( 'NONE',  ( 0.000000000000000000, 1.000000000000000000, -0.3749999999999998890 ) ) ;
#1193 = EDGE_CURVE ( 'NONE', #2427, #1190, #201, .T. ) ;
#1194 = DIRECTION ( 'NONE',  ( 0.000000000000000000, -0.000000000000000000, -1.000000000000000000 ) ) ;
#1195 = SURFACE_STYLE_FILL_AREA ( #837 ) ;
#1196 = CARTESIAN_POINT ( 'NONE',  ( 0.000000000000000000, -0.5249999999999379607, 3.264137818213997279E-14 ) ) ;
#1197 = EDGE_CURVE ( 'NONE', #1010, #2302, #1577, .T. ) ;
#1198 = DIRECTION ( 'NONE',  ( 1.000000000000000000, 0.000000000000000000, -0.000000000000000000 ) ) ;
#1199 = LINE ( 'NONE', #1400, #2245 ) ;
#1200 = VERTEX_POINT ( 'NONE', #1192 ) ;
#1201 = FILL_AREA_STYLE ('',( #208 ) ) ;
#1202 = ORIENTED_EDGE ( 'NONE', *, *, #2468, .T. ) ;
#1203 = DIRECTION ( 'NONE',  ( 0.000000000000000000, -1.000000000000000000, -8.866346439326585237E-17 ) ) ;
#1204 = CARTESIAN_POINT ( 'NONE',  ( -0.6999999999999999556, -1.000000000000000000, 1.500000000000000222 ) ) ;
#1205 = ORIENTED_EDGE ( 'NONE', *, *, #1537, .F. ) ;
#1206 = DIRECTION ( 'NONE',  ( 0.000000000000000000, -1.000000000000000000, -8.673617379884035472E-16 ) ) ;
#1207 = DIRECTION ( 'NONE',  ( 0.000000000000000000, 0.000000000000000000, 1.000000000000000000 ) ) ;
#1208 = CARTESIAN_POINT ( 'NONE',  ( 0.000000000000000000, -0.4000000000000000222, 1.032000000000000695 ) ) ;
#1209 = CARTESIAN_POINT ( 'NONE',  ( -0.1499999999999999944, 0.5250000000000000222, -1.502000000000000224 ) ) ;
#1210 = ORIENTED_EDGE ( 'NONE', *, *, #720, .T. ) ;
#1211 = PRESENTATION_LAYER_ASSIGNMENT (  '', '', ( #543 ) ) ;
#1212 = DIRECTION ( 'NONE',  ( 0.000000000000000000, 1.000000000000000000, 3.546538575730634095E-16 ) ) ;
#1213 = EDGE_CURVE ( 'NONE', #1392, #317, #1639, .T. ) ;
#1214 = ORIENTED_EDGE ( 'NONE', *, *, #1573, .T. ) ;
#1215 = VECTOR ( 'NONE', #11, 1000.000000000000000 ) ;
#1216 = DIRECTION ( 'NONE',  ( 1.000000000000000000, 0.000000000000000000, 0.000000000000000000 ) ) ;
#1217 = AXIS2_PLACEMENT_3D ( 'NONE', #825, #259, #1625 ) ;
#1218 = CARTESIAN_POINT ( 'NONE',  ( 0.05000000000000000278, 0.2749999999999999667, 1.502000000000000224 ) ) ;
#1219 = DIRECTION ( 'NONE',  ( 0.000000000000000000, 0.000000000000000000, 1.000000000000000000 ) ) ;
#1220 = DIRECTION ( 'NONE',  ( 0.000000000000000000, 1.000000000000000000, -4.336808689942021187E-16 ) ) ;
#1221 = VECTOR ( 'NONE', #2532, 1000.000000000000000 ) ;
#1222 = VECTOR ( 'NONE', #1404, 1000.000000000000000 ) ;
#1223 = LINE ( 'NONE', #1650, #1643 ) ;
#1224 =( LENGTH_UNIT ( ) NAMED_UNIT ( * ) SI_UNIT ( .MILLI., .METRE. ) );
#1225 = STYLED_ITEM ( 'NONE', ( #2285 ), #1066 ) ;
#1226 = EDGE_CURVE ( 'NONE', #405, #206, #1595, .T. ) ;
#1227 = DIRECTION ( 'NONE',  ( 0.000000000000000000, 1.000000000000000000, 0.000000000000000000 ) ) ;
#1228 = ORIENTED_EDGE ( 'NONE', *, *, #625, .T. ) ;
#1229 = DIRECTION ( 'NONE',  ( 1.000000000000000000, 0.000000000000000000, 0.000000000000000000 ) ) ;
#1230 = AXIS2_PLACEMENT_3D ( 'NONE', #2206, #802, #613 ) ;
#1231 = EDGE_LOOP ( 'NONE', ( #1655, #1446, #1205, #1920, #867, #1904, #1239, #1374, #1477, #1137, #1045, #133 ) ) ;
#1232 = PLANE ( 'NONE',  #1893 ) ;
#1233 = VECTOR ( 'NONE', #164, 1000.000000000000000 ) ;
#1234 = EDGE_CURVE ( 'NONE', #1611, #944, #580, .T. ) ;
#1235 = DIRECTION ( 'NONE',  ( 0.000000000000000000, 0.000000000000000000, -1.000000000000000000 ) ) ;
#1236 = EDGE_CURVE ( 'NONE', #1312, #2322, #10, .T. ) ;
#1237 = DIRECTION ( 'NONE',  ( 0.000000000000000000, 1.000000000000000000, 0.000000000000000000 ) ) ;
#1238 = VERTEX_POINT ( 'NONE', #955 ) ;
#1239 = ORIENTED_EDGE ( 'NONE', *, *, #2465, .F. ) ;
#1240 = CARTESIAN_POINT ( 'NONE',  ( 0.000000000000000000, -0.6962928578572860072, -0.1249999999999999722 ) ) ;
#1241 = LINE ( 'NONE', #285, #1425 ) ;
#1242 = CARTESIAN_POINT ( 'NONE',  ( 0.000000000000000000, -0.2749999999999999667, 0.9962928578572867178 ) ) ;
#1243 = ORIENTED_EDGE ( 'NONE', *, *, #145, .T. ) ;
#1244 = CARTESIAN_POINT ( 'NONE',  ( 0.05000000000000000278, 1.002000000000000002, 0.3749999999999998890 ) ) ;
#1245 = DIRECTION ( 'NONE',  ( 1.000000000000000000, 0.000000000000000000, -0.000000000000000000 ) ) ;
#1246 = VERTEX_POINT ( 'NONE', #2332 ) ;
#1247 = EDGE_CURVE ( 'NONE', #1619, #630, #1385, .T. ) ;
#1248 = EDGE_CURVE ( 'NONE', #19, #499, #2142, .T. ) ;
#1249 = ORIENTED_EDGE ( 'NONE', *, *, #1120, .T. ) ;
#1250 = FACE_OUTER_BOUND ( 'NONE', #2355, .T. ) ;
#1251 = LINE ( 'NONE', #1679, #789 ) ;
#1252 = CARTESIAN_POINT ( 'NONE',  ( -0.1499999999999999944, -0.7320000000000000950, -0.4999999999999998890 ) ) ;
#1253 = ORIENTED_EDGE ( 'NONE', *, *, #386, .T. ) ;
#1254 = CARTESIAN_POINT ( 'NONE',  ( -0.1499999999999999944, 0.2749999999999999667, -1.502000000000000224 ) ) ;
#1255 = VECTOR ( 'NONE', #582, 1000.000000000000000 ) ;
#1256 = VECTOR ( 'NONE', #2049, 1000.000000000000000 ) ;
#1257 = LINE ( 'NONE', #1057, #2406 ) ;
#1258 = CARTESIAN_POINT ( 'NONE',  ( 0.05000000000000000278, 0.2749999999999999667, 1.502000000000000224 ) ) ;
#1259 = UNCERTAINTY_MEASURE_WITH_UNIT (LENGTH_MEASURE( 1.000000000000000082E-05 ), #2112, 'distance_accuracy_value', 'NONE');
#1260 = AXIS2_PLACEMENT_3D ( 'NONE', #2440, #710, #471 ) ;
#1261 = ADVANCED_FACE ( 'NONE', ( #1598 ), #388, .T. ) ;
#1262 = SURFACE_SIDE_STYLE ('',( #1693 ) ) ;
#1263 = ORIENTED_EDGE ( 'NONE', *, *, #1568, .F. ) ;
#1264 = VERTEX_POINT ( 'NONE', #977 ) ;
#1265 = EDGE_CURVE ( 'NONE', #2503, #667, #482, .T. ) ;
#1266 = CARTESIAN_POINT ( 'NONE',  ( 0.05000000000000000278, 0.6962928578572860072, -0.3749999999999998890 ) ) ;
#1267 = CARTESIAN_POINT ( 'NONE',  ( -0.1499999999999999944, 0.6962928578572860072, -0.1249999999999999722 ) ) ;
#1268 = AXIS2_PLACEMENT_3D ( 'NONE', #60, #852, #479 ) ;
#1269 = ORIENTED_EDGE ( 'NONE', *, *, #812, .F. ) ;
#1270 = VECTOR ( 'NONE', #2137, 1000.000000000000000 ) ;
#1271 = ADVANCED_FACE ( 'NONE', ( #1771 ), #1780, .T. ) ;
#1272 = CARTESIAN_POINT ( 'NONE',  ( -0.1499999999999999944, 0.5250000000000000222, -1.502000000000000224 ) ) ;
#1273 = CARTESIAN_POINT ( 'NONE',  ( -0.6979999999999999538, 0.7987485962850371379, -1.298807414183755782 ) ) ;
#1274 = ORIENTED_EDGE ( 'NONE', *, *, #2539, .T. ) ;
#1275 = CARTESIAN_POINT ( 'NONE',  ( -0.1499999999999999944, -0.2749999999999999667, 1.502000000000000224 ) ) ;
#1276 = CIRCLE ( 'NONE', #1322, 0.1299999999999998934 ) ;
#1277 = DIRECTION ( 'NONE',  ( -0.000000000000000000, -0.000000000000000000, 1.000000000000000000 ) ) ;
#1278 = LINE ( 'NONE', #695, #1256 ) ;
#1279 = ORIENTED_EDGE ( 'NONE', *, *, #109, .F. ) ;
#1280 = LINE ( 'NONE', #1258, #1097 ) ;
#1281 = AXIS2_PLACEMENT_3D ( 'NONE', #1398, #560, #1194 ) ;
#1282 = LINE ( 'NONE', #1456, #430 ) ;
#1283 = EDGE_LOOP ( 'NONE', ( #2318, #1030, #849, #1074 ) ) ;
#1284 = ORIENTED_EDGE ( 'NONE', *, *, #2512, .T. ) ;
#1285 = VERTEX_POINT ( 'NONE', #2384 ) ;
#1286 = ORIENTED_EDGE ( 'NONE', *, *, #2382, .T. ) ;
#1287 = PLANE ( 'NONE',  #803 ) ;
#1288 = CARTESIAN_POINT ( 'NONE',  ( -0.1499999999999999944, 0.5250000000000000222, 1.502000000000000224 ) ) ;
#1289 = EDGE_CURVE ( 'NONE', #1077, #1062, #1482, .T. ) ;
#1290 = ORIENTED_EDGE ( 'NONE', *, *, #1773, .T. ) ;
#1291 = DIRECTION ( 'NONE',  ( 0.000000000000000000, -0.000000000000000000, -1.000000000000000000 ) ) ;
#1292 = VERTEX_POINT ( 'NONE', #610 ) ;
#1293 = CARTESIAN_POINT ( 'NONE',  ( 0.000000000000000000, -0.05000000000000000278, 0.4499999999999999556 ) ) ;
#1294 = ADVANCED_FACE ( 'NONE', ( #365 ), #1153, .T. ) ;
#1295 = CARTESIAN_POINT ( 'NONE',  ( 0.05000000000000000278, 1.002000000000000224, -0.3749999999999998890 ) ) ;
#1296 = CARTESIAN_POINT ( 'NONE',  ( -0.000000000000000000, -0.2749999999999991340, 1.473953858799622175E-16 ) ) ;
#1297 = CARTESIAN_POINT ( 'NONE',  ( -0.1499999999999999944, 0.6962928578572860072, -0.6250000000000000000 ) ) ;
#1298 = LINE ( 'NONE', #2433, #1558 ) ;
#1299 = DIRECTION ( 'NONE',  ( 0.000000000000000000, 0.000000000000000000, -1.000000000000000000 ) ) ;
#1300 = CARTESIAN_POINT ( 'NONE',  ( 0.05000000000000000278, -0.4000000000000000222, 1.032000000000000695 ) ) ;
#1301 = DIRECTION ( 'NONE',  ( 0.000000000000000000, -1.000000000000000000, -8.866346439326585237E-17 ) ) ;
#1302 = ORIENTED_EDGE ( 'NONE', *, *, #1826, .T. ) ;
#1303 = LINE ( 'NONE', #2101, #2466 ) ;
#1304 = ADVANCED_FACE ( 'NONE', ( #2541 ), #1744, .T. ) ;
#1305 = DIRECTION ( 'NONE',  ( 0.000000000000000000, 0.000000000000000000, -1.000000000000000000 ) ) ;
#1306 = LINE ( 'NONE', #2486, #893 ) ;
#1307 = AXIS2_PLACEMENT_3D ( 'NONE', #2337, #1331, #2133 ) ;
#1308 = LINE ( 'NONE', #2232, #354 ) ;
#1309 = VERTEX_POINT ( 'NONE', #2168 ) ;
#1310 = VECTOR ( 'NONE', #2032, 1000.000000000000000 ) ;
#1311 =( NAMED_UNIT ( * ) PLANE_ANGLE_UNIT ( ) SI_UNIT ( $, .RADIAN. ) );
#1312 = VERTEX_POINT ( 'NONE', #1569 ) ;
#1313 = DIRECTION ( 'NONE',  ( -0.000000000000000000, -0.000000000000000000, 1.000000000000000000 ) ) ;
#1314 = ADVANCED_FACE ( 'NONE', ( #2365 ), #2155, .F. ) ;
#1315 = LINE ( 'NONE', #2102, #1179 ) ;
#1316 = ORIENTED_EDGE ( 'NONE', *, *, #503, .F. ) ;
#1317 = CARTESIAN_POINT ( 'NONE',  ( 0.000000000000000000, 0.5250000000000000222, 0.9962928578572867178 ) ) ;
#1318 = AXIS2_PLACEMENT_3D ( 'NONE', #1300, #1094, #1014 ) ;
#1319 = DIRECTION ( 'NONE',  ( 1.000000000000000000, 0.000000000000000000, 0.000000000000000000 ) ) ;
#1320 = UNCERTAINTY_MEASURE_WITH_UNIT (LENGTH_MEASURE( 1.000000000000000082E-05 ), #974, 'distance_accuracy_value', 'NONE');
#1321 = EDGE_CURVE ( 'NONE', #1790, #587, #754, .T. ) ;
#1322 = AXIS2_PLACEMENT_3D ( 'NONE', #2439, #672, #1461 ) ;
#1323 = ORIENTED_EDGE ( 'NONE', *, *, #2095, .T. ) ;
#1324 = CIRCLE ( 'NONE', #196, 0.1300000000000000044 ) ;
#1325 = LINE ( 'NONE', #2276, #2467 ) ;
#1326 = EDGE_CURVE ( 'NONE', #2025, #1498, #1060, .T. ) ;
#1327 = CARTESIAN_POINT ( 'NONE',  ( 0.000000000000000000, 0.000000000000000000, 0.000000000000000000 ) ) ;
#1328 = LINE ( 'NONE', #342, #1630 ) ;
#1329 = VERTEX_POINT ( 'NONE', #485 ) ;
#1330 = DIRECTION ( 'NONE',  ( 0.000000000000000000, -0.000000000000000000, -1.000000000000000000 ) ) ;
#1331 = DIRECTION ( 'NONE',  ( 0.000000000000000000, -1.000000000000000000, -5.421010862427525128E-16 ) ) ;
#1332 = DIRECTION ( 'NONE',  ( -0.000000000000000000, 1.000000000000000000, -3.546538575730634095E-16 ) ) ;
#1333 = ORIENTED_EDGE ( 'NONE', *, *, #2131, .T. ) ;
#1334 = EDGE_CURVE ( 'NONE', #1970, #1418, #1420, .T. ) ;
#1335 = DIRECTION ( 'NONE',  ( 0.000000000000000000, -1.000000000000000000, 2.659903931797975694E-16 ) ) ;
#1336 = VERTEX_POINT ( 'NONE', #1266 ) ;
#1337 = CARTESIAN_POINT ( 'NONE',  ( 0.000000000000000000, 3.324879914747474548E-17, -0.1250000000000001665 ) ) ;
#1338 = ORIENTED_EDGE ( 'NONE', *, *, #847, .T. ) ;
#1339 =( LENGTH_UNIT ( ) NAMED_UNIT ( * ) SI_UNIT ( .MILLI., .METRE. ) );
#1340 = DIRECTION ( 'NONE',  ( 1.000000000000000000, 0.000000000000000000, 0.000000000000000000 ) ) ;
#1341 = LINE ( 'NONE', #1937, #2342 ) ;
#1342 = ORIENTED_EDGE ( 'NONE', *, *, #1106, .T. ) ;
#1343 = ADVANCED_FACE ( 'NONE', ( #2219 ), #1287, .T. ) ;
#1344 = VECTOR ( 'NONE', #1654, 1000.000000000000000 ) ;
#1345 = EDGE_CURVE ( 'NONE', #793, #1887, #452, .T. ) ;
#1346 = DIRECTION ( 'NONE',  ( -1.000000000000000000, 0.000000000000000000, 0.000000000000000000 ) ) ;
#1347 = ORIENTED_EDGE ( 'NONE', *, *, #2396, .F. ) ;
#1348 = EDGE_CURVE ( 'NONE', #1238, #663, #2056, .T. ) ;
#1349 = DIRECTION ( 'NONE',  ( 1.000000000000000000, 0.000000000000000000, 0.000000000000000000 ) ) ;
#1350 = ORIENTED_EDGE ( 'NONE', *, *, #536, .T. ) ;
#1351 = CARTESIAN_POINT ( 'NONE',  ( -0.000000000000000000, -1.951563910473909214E-16, -0.4499999999999999556 ) ) ;
#1352 = ORIENTED_EDGE ( 'NONE', *, *, #2257, .F. ) ;
#1353 = CARTESIAN_POINT ( 'NONE',  ( 0.05000000000000000278, -0.05000000000000000278, 0.4499999999999999556 ) ) ;
#1354 = VERTEX_POINT ( 'NONE', #1434 ) ;
#1355 = VECTOR ( 'NONE', #444, 1000.000000000000000 ) ;
#1356 = FACE_OUTER_BOUND ( 'NONE', #2563, .T. ) ;
#1357 = LINE ( 'NONE', #2185, #1270 ) ;
#1358 = DIRECTION ( 'NONE',  ( 0.000000000000000000, 1.000000000000000000, 0.000000000000000000 ) ) ;
#1359 = VECTOR ( 'NONE', #670, 1000.000000000000000 ) ;
#1360 = AXIS2_PLACEMENT_3D ( 'NONE', #986, #1791, #9 ) ;
#1361 = AXIS2_PLACEMENT_3D ( 'NONE', #243, #81, #668 ) ;
#1362 = DIRECTION ( 'NONE',  ( -1.000000000000000000, 0.000000000000000000, 0.000000000000000000 ) ) ;
#1363 = EDGE_LOOP ( 'NONE', ( #2226, #450, #242, #1263 ) ) ;
#1364 = DIRECTION ( 'NONE',  ( 0.000000000000000000, -1.000000000000000000, 0.000000000000000000 ) ) ;
#1365 = ORIENTED_EDGE ( 'NONE', *, *, #1236, .T. ) ;
#1366 = LINE ( 'NONE', #722, #2043 ) ;
#1367 = ADVANCED_FACE ( 'NONE', ( #1250 ), #622, .F. ) ;
#1368 = LINE ( 'NONE', #779, #106 ) ;
#1369 = DIRECTION ( 'NONE',  ( 1.000000000000000000, 0.000000000000000000, 0.000000000000000000 ) ) ;
#1370 = DIRECTION ( 'NONE',  ( 1.000000000000000000, 0.000000000000000000, 0.000000000000000000 ) ) ;
#1371 = ORIENTED_EDGE ( 'NONE', *, *, #2492, .F. ) ;
#1372 = CARTESIAN_POINT ( 'NONE',  ( -0.1499999999999999944, 1.002000000000000224, -0.3749999999999998890 ) ) ;
#1373 = CYLINDRICAL_SURFACE ( 'NONE', #380, 0.1300000000000000044 ) ;
#1374 = ORIENTED_EDGE ( 'NONE', *, *, #952, .T. ) ;
#1375 = EDGE_CURVE ( 'NONE', #451, #1470, #639, .T. ) ;
#1376 = ORIENTED_EDGE ( 'NONE', *, *, #2059, .F. ) ;
#1377 = CARTESIAN_POINT ( 'NONE',  ( 0.000000000000000000, -0.6962928578572857852, 0.6249999999999998890 ) ) ;
#1378 = DIRECTION ( 'NONE',  ( 0.000000000000000000, 0.000000000000000000, -1.000000000000000000 ) ) ;
#1379 = ADVANCED_FACE ( 'NONE', ( #688 ), #1830, .T. ) ;
#1380 = CARTESIAN_POINT ( 'NONE',  ( -0.6999999999999999556, 1.000000000000000000, -0.3749999999999998890 ) ) ;
#1381 = LINE ( 'NONE', #1753, #1054 ) ;
#1382 = VERTEX_POINT ( 'NONE', #1458 ) ;
#1383 = DIRECTION ( 'NONE',  ( 1.000000000000000000, 0.000000000000000000, 0.000000000000000000 ) ) ;
#1384 =( GEOMETRIC_REPRESENTATION_CONTEXT ( 3 ) GLOBAL_UNCERTAINTY_ASSIGNED_CONTEXT ( ( #1320 ) ) GLOBAL_UNIT_ASSIGNED_CONTEXT ( ( #974, #5, #1981 ) ) REPRESENTATION_CONTEXT ( 'NONE', 'WORKASPACE' ) );
#1385 = LINE ( 'NONE', #203, #931 ) ;
#1386 = CARTESIAN_POINT ( 'NONE',  ( 0.000000000000000000, 1.000000000000000000, -1.499999999999999778 ) ) ;
#1387 = VECTOR ( 'NONE', #1599, 1000.000000000000000 ) ;
#1388 = VECTOR ( 'NONE', #440, 1000.000000000000000 ) ;
#1389 = CARTESIAN_POINT ( 'NONE',  ( -0.1499999999999999944, -0.4000000000000000222, 1.032000000000000695 ) ) ;
#1390 = CARTESIAN_POINT ( 'NONE',  ( 0.000000000000000000, 0.000000000000000000, 0.4499999999999999556 ) ) ;
#1391 = AXIS2_PLACEMENT_3D ( 'NONE', #698, #1901, #126 ) ;
#1392 = VERTEX_POINT ( 'NONE', #50 ) ;
#1393 = PRESENTATION_LAYER_ASSIGNMENT (  '', '', ( #1432 ) ) ;
#1394 = LINE ( 'NONE', #1429, #435 ) ;
#1395 = CIRCLE ( 'NONE', #280, 0.1300000000000000044 ) ;
#1396 = EDGE_CURVE ( 'NONE', #1600, #1292, #423, .T. ) ;
#1397 = AXIS2_PLACEMENT_3D ( 'NONE', #853, #1076, #496 ) ;
#1398 = CARTESIAN_POINT ( 'NONE',  ( -0.1499999999999999944, -1.002000000000000224, -0.3749999999999998890 ) ) ;
#1399 = LINE ( 'NONE', #1953, #1215 ) ;
#1400 = CARTESIAN_POINT ( 'NONE',  ( 0.000000000000000000, 0.1999999999999999001, -4.818676322157794540E-17 ) ) ;
#1401 = ORIENTED_EDGE ( 'NONE', *, *, #1177, .T. ) ;
#1402 = CARTESIAN_POINT ( 'NONE',  ( -0.1499999999999999944, 0.5250000000000000222, -1.499999999999999778 ) ) ;
#1403 = PLANE ( 'NONE',  #1921 ) ;
#1404 = DIRECTION ( 'NONE',  ( 1.000000000000000000, 0.000000000000000000, 0.000000000000000000 ) ) ;
#1405 = ORIENTED_EDGE ( 'NONE', *, *, #609, .F. ) ;
#1406 = ORIENTED_EDGE ( 'NONE', *, *, #542, .F. ) ;
#1407 = CARTESIAN_POINT ( 'NONE',  ( -0.1499999999999999944, -1.002000000000000224, -0.1249999999999998890 ) ) ;
#1408 = EDGE_LOOP ( 'NONE', ( #740, #1290, #1333, #1629, #2545, #1964 ) ) ;
#1409 = EDGE_CURVE ( 'NONE', #1309, #2302, #1223, .T. ) ;
#1410 = DIRECTION ( 'NONE',  ( 0.000000000000000000, 0.000000000000000000, 1.000000000000000000 ) ) ;
#1411 = LINE ( 'NONE', #598, #98 ) ;
#1412 = FACE_OUTER_BOUND ( 'NONE', #2096, .T. ) ;
#1413 = ORIENTED_EDGE ( 'NONE', *, *, #966, .F. ) ;
#1414 = LINE ( 'NONE', #1244, #477 ) ;
#1415 = ORIENTED_EDGE ( 'NONE', *, *, #1177, .F. ) ;
#1416 = CARTESIAN_POINT ( 'NONE',  ( 0.05000000000000000278, -0.6962928578572860072, 0.1250000000000001388 ) ) ;
#1417 = LINE ( 'NONE', #1204, #596 ) ;
#1418 = VERTEX_POINT ( 'NONE', #1474 ) ;
#1419 = EDGE_CURVE ( 'NONE', #446, #1110, #871, .T. ) ;
#1420 = LINE ( 'NONE', #2234, #1936 ) ;
#1421 = DIRECTION ( 'NONE',  ( 1.000000000000000000, 0.000000000000000000, 0.000000000000000000 ) ) ;
#1422 = EDGE_CURVE ( 'NONE', #1285, #368, #1854, .T. ) ;
#1423 = VECTOR ( 'NONE', #2460, 1000.000000000000000 ) ;
#1424 = DIRECTION ( 'NONE',  ( 1.000000000000000000, 0.000000000000000000, 0.000000000000000000 ) ) ;
#1425 = VECTOR ( 'NONE', #2453, 1000.000000000000000 ) ;
#1426 = CARTESIAN_POINT ( 'NONE',  ( -0.1499999999999999944, 0.6962928578572860072, 0.1250000000000001388 ) ) ;
#1427 = EDGE_CURVE ( 'NONE', #981, #1292, #284, .T. ) ;
#1428 = CARTESIAN_POINT ( 'NONE',  ( -0.1499999999999999944, -1.002000000000000224, -0.3749999999999998890 ) ) ;
#1429 = CARTESIAN_POINT ( 'NONE',  ( 0.05000000000000000278, -0.6962928578572860072, -0.6250000000000000000 ) ) ;
#1430 = EDGE_LOOP ( 'NONE', ( #674, #478, #735, #1186 ) ) ;
#1431 = ORIENTED_EDGE ( 'NONE', *, *, #1886, .F. ) ;
#1432 = STYLED_ITEM ( 'NONE', ( #1158 ), #289 ) ;
#1433 = AXIS2_PLACEMENT_3D ( 'NONE', #1711, #102, #1330 ) ;
#1434 = CARTESIAN_POINT ( 'NONE',  ( 0.05000000000000000278, 0.4000000000000000222, 0.9020000000000008011 ) ) ;
#1435 = FACE_OUTER_BOUND ( 'NONE', #1084, .T. ) ;
#1436 = DIRECTION ( 'NONE',  ( -0.000000000000000000, -0.000000000000000000, 1.000000000000000000 ) ) ;
#1437 = DIRECTION ( 'NONE',  ( 0.000000000000000000, 0.000000000000000000, 1.000000000000000000 ) ) ;
#1438 = AXIS2_PLACEMENT_3D ( 'NONE', #422, #385, #399 ) ;
#1439 = ORIENTED_EDGE ( 'NONE', *, *, #812, .T. ) ;
#1440 = DIRECTION ( 'NONE',  ( 0.000000000000000000, 8.673617379884035472E-16, 1.000000000000000000 ) ) ;
#1441 = VECTOR ( 'NONE', #2083, 1000.000000000000000 ) ;
#1442 = EDGE_CURVE ( 'NONE', #1703, #2275, #824, .T. ) ;
#1443 = FACE_OUTER_BOUND ( 'NONE', #1127, .T. ) ;
#1444 = ORIENTED_EDGE ( 'NONE', *, *, #1551, .T. ) ;
#1445 = UNCERTAINTY_MEASURE_WITH_UNIT (LENGTH_MEASURE( 1.000000000000000082E-05 ), #1857, 'distance_accuracy_value', 'NONE');
#1446 = ORIENTED_EDGE ( 'NONE', *, *, #2040, .F. ) ;
#1447 = CARTESIAN_POINT ( 'NONE',  ( -0.1499999999999999944, 0.6962928578572857852, 0.6249999999999998890 ) ) ;
#1448 = DIRECTION ( 'NONE',  ( 1.000000000000000000, 0.000000000000000000, 0.000000000000000000 ) ) ;
#1449 = EDGE_LOOP ( 'NONE', ( #603, #910, #1788, #1746, #1621, #2128 ) ) ;
#1450 = EDGE_LOOP ( 'NONE', ( #2308, #762, #1796, #2327, #308, #715, #721, #1022, #1145, #2039, #2033, #1959, #1536, #1641, #1878, #77 ) ) ;
#1451 = DIRECTION ( 'NONE',  ( 0.000000000000000000, -3.546538575730634095E-16, -1.000000000000000000 ) ) ;
#1452 = DIRECTION ( 'NONE',  ( -0.000000000000000000, 8.673617379884035472E-16, -1.000000000000000000 ) ) ;
#1453 = ORIENTED_EDGE ( 'NONE', *, *, #1173, .T. ) ;
#1454 = DIRECTION ( 'NONE',  ( -1.000000000000000000, 0.000000000000000000, 0.000000000000000000 ) ) ;
#1455 = EDGE_CURVE ( 'NONE', #2441, #451, #1064, .T. ) ;
#1456 = CARTESIAN_POINT ( 'NONE',  ( -0.1499999999999999944, 0.2749999999999999667, 1.502000000000000224 ) ) ;
#1457 = ORIENTED_EDGE ( 'NONE', *, *, #1128, .F. ) ;
#1458 = CARTESIAN_POINT ( 'NONE',  ( -0.000000000000000000, -0.2749999999999999667, 1.500000000000000222 ) ) ;
#1459 = CARTESIAN_POINT ( 'NONE',  ( 0.05000000000000000278, -0.6962928578572860072, -0.3749999999999998890 ) ) ;
#1460 = ORIENTED_EDGE ( 'NONE', *, *, #621, .T. ) ;
#1461 = DIRECTION ( 'NONE',  ( 0.000000000000000000, 0.000000000000000000, 1.000000000000000000 ) ) ;
#1462 = DIRECTION ( 'NONE',  ( 0.000000000000000000, 0.000000000000000000, 1.000000000000000000 ) ) ;
#1463 = ORIENTED_EDGE ( 'NONE', *, *, #1334, .T. ) ;
#1464 = DIRECTION ( 'NONE',  ( 1.000000000000000000, 0.000000000000000000, 0.000000000000000000 ) ) ;
#1465 = AXIS2_PLACEMENT_3D ( 'NONE', #868, #303, #1305 ) ;
#1466 = CARTESIAN_POINT ( 'NONE',  ( 0.05000000000000000278, -0.4000000000000000222, 0.9020000000000008011 ) ) ;
#1467 =( GEOMETRIC_REPRESENTATION_CONTEXT ( 3 ) GLOBAL_UNCERTAINTY_ASSIGNED_CONTEXT ( ( #1259 ) ) GLOBAL_UNIT_ASSIGNED_CONTEXT ( ( #2112, #1311, #2516 ) ) REPRESENTATION_CONTEXT ( 'NONE', 'WORKASPACE' ) );
#1468 = VERTEX_POINT ( 'NONE', #1240 ) ;
#1469 = LINE ( 'NONE', #2484, #2088 ) ;
#1470 = VERTEX_POINT ( 'NONE', #2409 ) ;
#1471 = CARTESIAN_POINT ( 'NONE',  ( -0.1499999999999999944, 0.5250000000000000222, 1.500000000000000222 ) ) ;
#1472 = VERTEX_POINT ( 'NONE', #258 ) ;
#1473 = EDGE_CURVE ( 'NONE', #446, #1724, #1107, .T. ) ;
#1474 = CARTESIAN_POINT ( 'NONE',  ( -0.1499999999999999944, -1.000000000000000000, -0.1249999999999998890 ) ) ;
#1475 = DIRECTION ( 'NONE',  ( -0.000000000000000000, -0.000000000000000000, 1.000000000000000000 ) ) ;
#1476 = VECTOR ( 'NONE', #91, 1000.000000000000000 ) ;
#1477 = ORIENTED_EDGE ( 'NONE', *, *, #1798, .T. ) ;
#1478 = PLANE ( 'NONE',  #2454 ) ;
#1479 = ORIENTED_EDGE ( 'NONE', *, *, #2260, .T. ) ;
#1480 = CIRCLE ( 'NONE', #233, 0.1299999999999998934 ) ;
#1481 = CARTESIAN_POINT ( 'NONE',  ( 0.05000000000000000278, -0.6962928578572860072, -0.1249999999999999722 ) ) ;
#1482 = CIRCLE ( 'NONE', #2103, 0.1152903347902719949 ) ;
#1483 = DIRECTION ( 'NONE',  ( -0.000000000000000000, -6.217405368027395951E-14, -1.000000000000000000 ) ) ;
#1484 = EDGE_LOOP ( 'NONE', ( #1652, #1444, #173, #1909, #679, #1149 ) ) ;
#1485 = DIRECTION ( 'NONE',  ( 1.000000000000000000, 0.000000000000000000, 0.000000000000000000 ) ) ;
#1486 = VECTOR ( 'NONE', #1235, 1000.000000000000000 ) ;
#1487 = CARTESIAN_POINT ( 'NONE',  ( -0.1499999999999999944, -0.7320000000000000950, 7.535475367157189374E-17 ) ) ;
#1488 = VERTEX_POINT ( 'NONE', #1001 ) ;
#1489 = EDGE_CURVE ( 'NONE', #671, #1329, #1807, .T. ) ;
#1490 = ORIENTED_EDGE ( 'NONE', *, *, #1, .F. ) ;
#1491 = CARTESIAN_POINT ( 'NONE',  ( 0.05000000000000000278, -0.05000000000000000278, -0.4499999999999999556 ) ) ;
#1492 = ORIENTED_EDGE ( 'NONE', *, *, #1422, .T. ) ;
#1493 = EDGE_CURVE ( 'NONE', #1619, #44, #887, .T. ) ;
#1494 = DIRECTION ( 'NONE',  ( 0.000000000000000000, 6.195440985631457289E-16, 1.000000000000000000 ) ) ;
#1495 = FACE_OUTER_BOUND ( 'NONE', #2037, .T. ) ;
#1496 = VERTEX_POINT ( 'NONE', #949 ) ;
#1497 = DIRECTION ( 'NONE',  ( 1.000000000000000000, 0.000000000000000000, 0.000000000000000000 ) ) ;
#1498 = VERTEX_POINT ( 'NONE', #1958 ) ;
#1499 = CARTESIAN_POINT ( 'NONE',  ( -0.1499999999999999944, -0.5250000000000000222, 1.502000000000000224 ) ) ;
#1500 = SURFACE_STYLE_USAGE ( .BOTH. , #1262 ) ;
#1501 = VERTEX_POINT ( 'NONE', #185 ) ;
#1502 = LINE ( 'NONE', #362, #200 ) ;
#1503 = APPLICATION_PROTOCOL_DEFINITION ( 'draft international standard', 'automotive_design', 1998, #2565 ) ;
#1504 = EDGE_CURVE ( 'NONE', #667, #2109, #552, .T. ) ;
#1505 = DIRECTION ( 'NONE',  ( 0.000000000000000000, 0.000000000000000000, 1.000000000000000000 ) ) ;
#1506 = CARTESIAN_POINT ( 'NONE',  ( 0.05000000000000000278, 0.5250000000000000222, 1.502000000000000224 ) ) ;
#1507 = EDGE_CURVE ( 'NONE', #844, #107, #1135, .T. ) ;
#1508 = VERTEX_POINT ( 'NONE', #1751 ) ;
#1509 = DIRECTION ( 'NONE',  ( 0.000000000000000000, 8.673617379884035472E-16, 1.000000000000000000 ) ) ;
#1510 = EDGE_CURVE ( 'NONE', #1152, #510, #371, .T. ) ;
#1511 = LINE ( 'NONE', #908, #424 ) ;
#1512 = CIRCLE ( 'NONE', #1880, 0.1300000000000000044 ) ;
#1513 = ORIENTED_EDGE ( 'NONE', *, *, #1375, .T. ) ;
#1514 = AXIS2_PLACEMENT_3D ( 'NONE', #1273, #641, #1437 ) ;
#1515 = DIRECTION ( 'NONE',  ( 1.000000000000000000, 0.000000000000000000, 0.000000000000000000 ) ) ;
#1516 = ORIENTED_EDGE ( 'NONE', *, *, #370, .F. ) ;
#1517 = LINE ( 'NONE', #121, #2544 ) ;
#1518 = AXIS2_PLACEMENT_3D ( 'NONE', #2394, #1645, #2432 ) ;
#1519 = LINE ( 'NONE', #1337, #2304 ) ;
#1520 = ORIENTED_EDGE ( 'NONE', *, *, #1326, .F. ) ;
#1521 = SURFACE_SIDE_STYLE ('',( #1130 ) ) ;
#1522 = VECTOR ( 'NONE', #864, 1000.000000000000000 ) ;
#1523 = VERTEX_POINT ( 'NONE', #1697 ) ;
#1524 = FACE_OUTER_BOUND ( 'NONE', #350, .T. ) ;
#1525 = VECTOR ( 'NONE', #1549, 1000.000000000000000 ) ;
#1526 = ADVANCED_FACE ( 'NONE', ( #1356 ), #760, .T. ) ;
#1527 = ORIENTED_EDGE ( 'NONE', *, *, #2524, .T. ) ;
#1528 = VERTEX_POINT ( 'NONE', #2349 ) ;
#1529 = AXIS2_PLACEMENT_3D ( 'NONE', #938, #1160, #1544 ) ;
#1530 = ORIENTED_EDGE ( 'NONE', *, *, #1535, .T. ) ;
#1531 = CARTESIAN_POINT ( 'NONE',  ( 0.000000000000000000, -0.2749999999999996336, -0.9962928578572867178 ) ) ;
#1532 = CARTESIAN_POINT ( 'NONE',  ( -0.6999999999999999556, -0.5250000000000000222, 1.500000000000000222 ) ) ;
#1533 = DIRECTION ( 'NONE',  ( 1.000000000000000000, 0.000000000000000000, 0.000000000000000000 ) ) ;
#1534 = EDGE_CURVE ( 'NONE', #1586, #1703, #1810, .T. ) ;
#1535 = EDGE_CURVE ( 'NONE', #1732, #923, #1769, .T. ) ;
#1536 = ORIENTED_EDGE ( 'NONE', *, *, #172, .F. ) ;
#1537 = EDGE_CURVE ( 'NONE', #408, #2046, #2136, .T. ) ;
#1538 = CARTESIAN_POINT ( 'NONE',  ( -0.6999999999999999556, -1.000000000000000000, -1.499999999999999778 ) ) ;
#1539 = EDGE_LOOP ( 'NONE', ( #123, #1710, #1103, #1760, #267, #2514, #2338, #27, #1838, #279, #1371, #125, #330, #535, #2295, #942 ) ) ;
#1540 = DIRECTION ( 'NONE',  ( 0.000000000000000000, -1.000000000000000000, -2.659903931797975694E-16 ) ) ;
#1541 = ORIENTED_EDGE ( 'NONE', *, *, #2257, .T. ) ;
#1542 = PLANE ( 'NONE',  #2368 ) ;
#1543 = CARTESIAN_POINT ( 'NONE',  ( -0.1499999999999999944, -1.002000000000000224, -0.3749999999999998890 ) ) ;
#1544 = DIRECTION ( 'NONE',  ( 0.000000000000000000, 0.000000000000000000, 1.000000000000000000 ) ) ;
#1545 = CARTESIAN_POINT ( 'NONE',  ( -0.1499999999999999667, 1.000000000000000000, 1.500000000000000222 ) ) ;
#1546 = ORIENTED_EDGE ( 'NONE', *, *, #49, .T. ) ;
#1547 = ADVANCED_FACE ( 'NONE', ( #717 ), #569, .F. ) ;
#1548 = AXIS2_PLACEMENT_3D ( 'NONE', #755, #1362, #1126 ) ;
#1549 = DIRECTION ( 'NONE',  ( 0.000000000000000000, 0.000000000000000000, -1.000000000000000000 ) ) ;
#1550 =( GEOMETRIC_REPRESENTATION_CONTEXT ( 3 ) GLOBAL_UNCERTAINTY_ASSIGNED_CONTEXT ( ( #127 ) ) GLOBAL_UNIT_ASSIGNED_CONTEXT ( ( #1224, #1821, #115 ) ) REPRESENTATION_CONTEXT ( 'NONE', 'WORKASPACE' ) );
#1551 = EDGE_CURVE ( 'NONE', #218, #2487, #1502, .T. ) ;
#1552 = LINE ( 'NONE', #1745, #586 ) ;
#1553 = ORIENTED_EDGE ( 'NONE', *, *, #1853, .T. ) ;
#1554 = LINE ( 'NONE', #743, #512 ) ;
#1555 =( NAMED_UNIT ( * ) SI_UNIT ( $, .STERADIAN. ) SOLID_ANGLE_UNIT ( ) );
#1556 = CARTESIAN_POINT ( 'NONE',  ( -0.1499999999999999944, 1.002000000000000224, -0.3749999999999998890 ) ) ;
#1557 = CARTESIAN_POINT ( 'NONE',  ( 0.05000000000000000278, 0.2749999999999999667, 1.502000000000000224 ) ) ;
#1558 = VECTOR ( 'NONE', #1102, 1000.000000000000000 ) ;
#1559 = STYLED_ITEM ( 'NONE', ( #2424 ), #1073 ) ;
#1560 = CARTESIAN_POINT ( 'NONE',  ( -0.1499999999999999944, -0.05000000000000000278, 0.4499999999999999556 ) ) ;
#1561 = CARTESIAN_POINT ( 'NONE',  ( -0.1499999999999999944, -1.000000000000000000, -0.6249999999999998890 ) ) ;
#1562 = ORIENTED_EDGE ( 'NONE', *, *, #705, .F. ) ;
#1563 = EDGE_CURVE ( 'NONE', #1913, #690, #1948, .T. ) ;
#1564 = CARTESIAN_POINT ( 'NONE',  ( -0.6979999999999999538, 0.7987485962850371379, -1.414097748974027846 ) ) ;
#1565 = DIRECTION ( 'NONE',  ( -1.000000000000000000, -0.000000000000000000, -0.000000000000000000 ) ) ;
#1566 = CARTESIAN_POINT ( 'NONE',  ( 0.05000000000000000278, -0.2749999999999999667, -1.502000000000000224 ) ) ;
#1567 = LINE ( 'NONE', #2350, #645 ) ;
#1568 = EDGE_CURVE ( 'NONE', #991, #1970, #349, .T. ) ;
#1569 = CARTESIAN_POINT ( 'NONE',  ( -0.1499999999999999944, -0.2749999999999999667, 1.502000000000000224 ) ) ;
#1570 = CARTESIAN_POINT ( 'NONE',  ( -0.1499999999999999944, -0.3999999999999997446, -1.032000000000000695 ) ) ;
#1571 = EDGE_CURVE ( 'NONE', #1992, #1200, #749, .T. ) ;
#1572 = LINE ( 'NONE', #1963, #1715 ) ;
#1573 = EDGE_CURVE ( 'NONE', #2402, #650, #1184, .T. ) ;
#1574 = VERTEX_POINT ( 'NONE', #1874 ) ;
#1575 = LINE ( 'NONE', #2403, #806 ) ;
#1576 = LINE ( 'NONE', #1189, #736 ) ;
#1577 = LINE ( 'NONE', #620, #20 ) ;
#1578 = AXIS2_PLACEMENT_3D ( 'NONE', #1910, #359, #926 ) ;
#1579 = VECTOR ( 'NONE', #2169, 1000.000000000000000 ) ;
#1580 = DIRECTION ( 'NONE',  ( -1.000000000000000000, 0.000000000000000000, 0.000000000000000000 ) ) ;
#1581 = PLANE ( 'NONE',  #8 ) ;
#1582 = ORIENTED_EDGE ( 'NONE', *, *, #1247, .T. ) ;
#1583 =( NAMED_UNIT ( * ) SI_UNIT ( $, .STERADIAN. ) SOLID_ANGLE_UNIT ( ) );
#1584 = EDGE_LOOP ( 'NONE', ( #1983, #860, #53, #2028, #1088, #2502 ) ) ;
#1585 = DIRECTION ( 'NONE',  ( 0.000000000000000000, -2.409338161078898687E-16, -1.000000000000000000 ) ) ;
#1586 = VERTEX_POINT ( 'NONE', #1892 ) ;
#1587 = DIRECTION ( 'NONE',  ( -1.000000000000000000, 0.000000000000000000, 0.000000000000000000 ) ) ;
#1588 = EDGE_CURVE ( 'NONE', #594, #1354, #95, .T. ) ;
#1589 = CARTESIAN_POINT ( 'NONE',  ( 0.05000000000000000278, -0.7320000000000000950, -0.4999999999999998890 ) ) ;
#1590 = CARTESIAN_POINT ( 'NONE',  ( 0.000000000000000000, -0.7320000000000000950, 7.535475367157189374E-17 ) ) ;
#1591 = VECTOR ( 'NONE', #507, 1000.000000000000000 ) ;
#1592 = ORIENTED_EDGE ( 'NONE', *, *, #791, .F. ) ;
#1593 = ORIENTED_EDGE ( 'NONE', *, *, #953, .F. ) ;
#1594 = EDGE_CURVE ( 'NONE', #1703, #929, #1341, .T. ) ;
#1595 = LINE ( 'NONE', #2187, #1974 ) ;
#1596 = VECTOR ( 'NONE', #418, 1000.000000000000000 ) ;
#1597 = AXIS2_PLACEMENT_3D ( 'NONE', #2352, #1580, #597 ) ;
#1598 = FACE_OUTER_BOUND ( 'NONE', #140, .T. ) ;
#1599 = DIRECTION ( 'NONE',  ( 1.000000000000000000, 0.000000000000000000, 0.000000000000000000 ) ) ;
#1600 = VERTEX_POINT ( 'NONE', #1491 ) ;
#1601 = AXIS2_PLACEMENT_3D ( 'NONE', #857, #813, #40 ) ;
#1602 = CARTESIAN_POINT ( 'NONE',  ( 0.000000000000000000, -0.5250000000000000222, 1.500000000000000222 ) ) ;
#1603 = ORIENTED_EDGE ( 'NONE', *, *, #39, .F. ) ;
#1604 = DIRECTION ( 'NONE',  ( 0.000000000000000000, 0.000000000000000000, 1.000000000000000000 ) ) ;
#1605 = DIRECTION ( 'NONE',  ( 1.000000000000000000, 0.000000000000000000, 0.000000000000000000 ) ) ;
#1606 = EDGE_CURVE ( 'NONE', #187, #307, #500, .T. ) ;
#1607 = DIRECTION ( 'NONE',  ( -1.000000000000000000, 0.000000000000000000, -0.000000000000000000 ) ) ;
#1608 = ORIENTED_EDGE ( 'NONE', *, *, #564, .F. ) ;
#1609 = FACE_OUTER_BOUND ( 'NONE', #2371, .T. ) ;
#1610 = EDGE_CURVE ( 'NONE', #2322, #1264, #251, .T. ) ;
#1611 = VERTEX_POINT ( 'NONE', #1428 ) ;
#1612 = DIRECTION ( 'NONE',  ( -1.000000000000000000, 0.000000000000000000, 0.000000000000000000 ) ) ;
#1613 = CARTESIAN_POINT ( 'NONE',  ( 0.05000000000000000278, -0.2749999999999999667, 1.502000000000000224 ) ) ;
#1614 = EDGE_LOOP ( 'NONE', ( #906, #1100, #1741, #1858 ) ) ;
#1615 = VERTEX_POINT ( 'NONE', #647 ) ;
#1616 = LINE ( 'NONE', #1008, #785 ) ;
#1617 = DIRECTION ( 'NONE',  ( 0.000000000000000000, 0.000000000000000000, 1.000000000000000000 ) ) ;
#1618 = LINE ( 'NONE', #1968, #2139 ) ;
#1619 = VERTEX_POINT ( 'NONE', #818 ) ;
#1620 = DIRECTION ( 'NONE',  ( 0.000000000000000000, 8.673617379884035472E-16, -1.000000000000000000 ) ) ;
#1621 = ORIENTED_EDGE ( 'NONE', *, *, #709, .F. ) ;
#1622 = ORIENTED_EDGE ( 'NONE', *, *, #379, .T. ) ;
#1623 = ADVANCED_FACE ( 'NONE', ( #2184 ), #210, .T. ) ;
#1624 = DIRECTION ( 'NONE',  ( 0.000000000000000000, 3.989863994746155233E-14, -1.000000000000000000 ) ) ;
#1625 = DIRECTION ( 'NONE',  ( 0.000000000000000000, -1.000000000000000000, 8.866346439326585237E-17 ) ) ;
#1626 = EDGE_CURVE ( 'NONE', #2116, #209, #1575, .T. ) ;
#1627 = AXIS2_PLACEMENT_3D ( 'NONE', #135, #2115, #916 ) ;
#1628 = CARTESIAN_POINT ( 'NONE',  ( -0.1499999999999999667, -1.000000000000000000, 1.500000000000000222 ) ) ;
#1629 = ORIENTED_EDGE ( 'NONE', *, *, #564, .T. ) ;
#1630 = VECTOR ( 'NONE', #168, 1000.000000000000000 ) ;
#1631 = CARTESIAN_POINT ( 'NONE',  ( -0.1499999999999999944, -0.5250000000000313305, -1.502000000000010216 ) ) ;
#1632 = PRESENTATION_STYLE_ASSIGNMENT (( #808 ) ) ;
#1633 =( NAMED_UNIT ( * ) PLANE_ANGLE_UNIT ( ) SI_UNIT ( $, .RADIAN. ) );
#1634 = ORIENTED_EDGE ( 'NONE', *, *, #2242, .F. ) ;
#1635 = CARTESIAN_POINT ( 'NONE',  ( 0.000000000000000000, 0.7320000000000000950, 0.4999999999999998890 ) ) ;
#1636 = CARTESIAN_POINT ( 'NONE',  ( -0.6999999999999999556, 1.000000000000000000, -0.6249999999999998890 ) ) ;
#1637 = AXIS2_PLACEMENT_3D ( 'NONE', #1840, #63, #855 ) ;
#1638 = DIRECTION ( 'NONE',  ( 0.000000000000000000, -1.000000000000000000, 0.000000000000000000 ) ) ;
#1639 = CIRCLE ( 'NONE', #1360, 0.1300000000000000044 ) ;
#1640 = ADVANCED_FACE ( 'NONE', ( #197 ), #995, .F. ) ;
#1641 = ORIENTED_EDGE ( 'NONE', *, *, #506, .T. ) ;
#1642 = FACE_OUTER_BOUND ( 'NONE', #612, .T. ) ;
#1643 = VECTOR ( 'NONE', #2017, 1000.000000000000000 ) ;
#1644 = CARTESIAN_POINT ( 'NONE',  ( 0.05000000000000000278, -0.3999999999999997446, -1.032000000000000695 ) ) ;
#1645 = DIRECTION ( 'NONE',  ( -1.000000000000000000, -0.000000000000000000, 0.000000000000000000 ) ) ;
#1646 = CARTESIAN_POINT ( 'NONE',  ( 0.000000000000000000, -1.000000000000000000, 1.500000000000000222 ) ) ;
#1647 = ORIENTED_EDGE ( 'NONE', *, *, #425, .F. ) ;
#1648 = CARTESIAN_POINT ( 'NONE',  ( 0.05000000000000000278, 0.6962928578572860072, -0.1249999999999999722 ) ) ;
#1649 = ORIENTED_EDGE ( 'NONE', *, *, #1891, .T. ) ;
#1650 = CARTESIAN_POINT ( 'NONE',  ( -0.1499999999999999944, 0.2749999999999999667, 1.502000000000000224 ) ) ;
#1651 = CARTESIAN_POINT ( 'NONE',  ( -0.6999999999999999556, 1.000000000000000000, 0.3749999999999998890 ) ) ;
#1652 = ORIENTED_EDGE ( 'NONE', *, *, #705, .T. ) ;
#1653 = DIRECTION ( 'NONE',  ( -1.000000000000000000, 0.000000000000000000, 0.000000000000000000 ) ) ;
#1654 = DIRECTION ( 'NONE',  ( 1.000000000000000000, 0.000000000000000000, 0.000000000000000000 ) ) ;
#1655 = ORIENTED_EDGE ( 'NONE', *, *, #1773, .F. ) ;
#1656 = LINE ( 'NONE', #1275, #2505 ) ;
#1657 = LINE ( 'NONE', #2444, #2176 ) ;
#1658 = DIRECTION ( 'NONE',  ( 0.000000000000000000, 0.000000000000000000, 1.000000000000000000 ) ) ;
#1659 = FACE_OUTER_BOUND ( 'NONE', #2205, .T. ) ;
#1660 = EDGE_CURVE ( 'NONE', #2071, #1488, #616, .T. ) ;
#1661 = CARTESIAN_POINT ( 'NONE',  ( -0.1499999999999999944, 1.002000000000000224, 0.1250000000000001110 ) ) ;
#1662 = ORIENTED_EDGE ( 'NONE', *, *, #558, .T. ) ;
#1663 = DIRECTION ( 'NONE',  ( -1.000000000000000000, 0.000000000000000000, 0.000000000000000000 ) ) ;
#1664 = DIRECTION ( 'NONE',  ( 0.000000000000000000, 2.659903931797975694E-16, -1.000000000000000000 ) ) ;
#1665 = ORIENTED_EDGE ( 'NONE', *, *, #1752, .T. ) ;
#1666 = DIRECTION ( 'NONE',  ( 1.000000000000000000, 0.000000000000000000, 0.000000000000000000 ) ) ;
#1667 = DIRECTION ( 'NONE',  ( 1.000000000000000000, 0.000000000000000000, 0.000000000000000000 ) ) ;
#1668 = EDGE_LOOP ( 'NONE', ( #1873, #2241, #899, #1546, #1018, #337 ) ) ;
#1669 = CARTESIAN_POINT ( 'NONE',  ( 0.05000000000000000278, 0.6962928578572857852, 0.6249999999999998890 ) ) ;
#1670 = COLOUR_RGB ( '',0.1098039215686274495, 0.1098039215686274495, 0.1098039215686274495 ) ;
#1671 = VECTOR ( 'NONE', #1335, 1000.000000000000000 ) ;
#1672 = DIRECTION ( 'NONE',  ( 1.000000000000000000, 0.000000000000000000, 0.000000000000000000 ) ) ;
#1673 = FACE_OUTER_BOUND ( 'NONE', #732, .T. ) ;
#1674 = PLANE ( 'NONE',  #1397 ) ;
#1675 = EDGE_LOOP ( 'NONE', ( #2328, #2430, #460, #465 ) ) ;
#1676 = EDGE_CURVE ( 'NONE', #637, #1246, #1799, .T. ) ;
#1677 = VERTEX_POINT ( 'NONE', #1025 ) ;
#1678 = CARTESIAN_POINT ( 'NONE',  ( -0.1499999999999999944, -1.002000000000000224, 0.1250000000000001110 ) ) ;
#1679 = CARTESIAN_POINT ( 'NONE',  ( -0.1499999999999999944, -0.6962928578572860072, -0.1249999999999999722 ) ) ;
#1680 = AXIS2_PLACEMENT_3D ( 'NONE', #521, #2309, #1319 ) ;
#1681 = VECTOR ( 'NONE', #517, 1000.000000000000000 ) ;
#1682 = LINE ( 'NONE', #1876, #191 ) ;
#1683 = DIRECTION ( 'NONE',  ( 0.000000000000000000, -8.866346439326585237E-17, 1.000000000000000000 ) ) ;
#1684 = ORIENTED_EDGE ( 'NONE', *, *, #1742, .T. ) ;
#1685 = LINE ( 'NONE', #924, #1681 ) ;
#1686 = VECTOR ( 'NONE', #62, 1000.000000000000000 ) ;
#1687 = VECTOR ( 'NONE', #2397, 1000.000000000000000 ) ;
#1688 = ORIENTED_EDGE ( 'NONE', *, *, #410, .F. ) ;
#1689 = CARTESIAN_POINT ( 'NONE',  ( -0.1499999999999999944, -0.6962928578572857852, 0.3749999999999998890 ) ) ;
#1690 = DIRECTION ( 'NONE',  ( 0.000000000000000000, 0.000000000000000000, -1.000000000000000000 ) ) ;
#1691 = VECTOR ( 'NONE', #1299, 1000.000000000000000 ) ;
#1692 = EDGE_CURVE ( 'NONE', #528, #1246, #2561, .T. ) ;
#1693 = SURFACE_STYLE_FILL_AREA ( #1091 ) ;
#1694 = ORIENTED_EDGE ( 'NONE', *, *, #1594, .T. ) ;
#1695 = ORIENTED_EDGE ( 'NONE', *, *, #1563, .F. ) ;
#1696 = EDGE_CURVE ( 'NONE', #1488, #2209, #1013, .T. ) ;
#1697 = CARTESIAN_POINT ( 'NONE',  ( 0.05000000000000000278, 0.2749999999999995781, -0.8020000000000006013 ) ) ;
#1698 = SHAPE_DEFINITION_REPRESENTATION ( #513, #2044 ) ;
#1699 = PRODUCT ( 'LTC6409IUDB#TRPBF', 'LTC6409IUDB#TRPBF', '', ( #311 ) ) ;
#1700 = EDGE_CURVE ( 'NONE', #1292, #405, #983, .T. ) ;
#1701 = LINE ( 'NONE', #1272, #599 ) ;
#1702 = DIRECTION ( 'NONE',  ( -1.000000000000000000, 0.000000000000000000, -0.000000000000000000 ) ) ;
#1703 = VERTEX_POINT ( 'NONE', #1172 ) ;
#1704 = EDGE_LOOP ( 'NONE', ( #746, #1286, #1413, #37 ) ) ;
#1705 = DIRECTION ( 'NONE',  ( 0.000000000000000000, 0.000000000000000000, -1.000000000000000000 ) ) ;
#1706 = EDGE_LOOP ( 'NONE', ( #1520, #1754, #2268, #108 ) ) ;
#1707 = DIRECTION ( 'NONE',  ( 0.000000000000000000, 0.000000000000000000, -1.000000000000000000 ) ) ;
#1708 = ORIENTED_EDGE ( 'NONE', *, *, #2524, .F. ) ;
#1709 = LINE ( 'NONE', #1941, #1671 ) ;
#1710 = ORIENTED_EDGE ( 'NONE', *, *, #625, .F. ) ;
#1711 = CARTESIAN_POINT ( 'NONE',  ( -0.1499999999999999944, -1.002000000000000224, 0.1250000000000001110 ) ) ;
#1712 = EDGE_CURVE ( 'NONE', #873, #1027, #1618, .T. ) ;
#1713 = CARTESIAN_POINT ( 'NONE',  ( -0.1499999999999999944, 1.002000000000000224, -0.6249999999999998890 ) ) ;
#1714 = DIRECTION ( 'NONE',  ( -0.000000000000000000, -0.000000000000000000, 1.000000000000000000 ) ) ;
#1715 = VECTOR ( 'NONE', #1212, 1000.000000000000000 ) ;
#1716 = EDGE_LOOP ( 'NONE', ( #1848, #1274, #28, #819 ) ) ;
#1717 = ORIENTED_EDGE ( 'NONE', *, *, #1489, .T. ) ;
#1718 = VECTOR ( 'NONE', #2129, 1000.000000000000000 ) ;
#1719 = VECTOR ( 'NONE', #689, 1000.000000000000000 ) ;
#1720 = DIRECTION ( 'NONE',  ( 1.000000000000000000, 0.000000000000000000, 0.000000000000000000 ) ) ;
#1721 = ADVANCED_FACE ( 'NONE', ( #2024, #2358 ), #1403, .T. ) ;
#1722 =( GEOMETRIC_REPRESENTATION_CONTEXT ( 3 ) GLOBAL_UNCERTAINTY_ASSIGNED_CONTEXT ( ( #832 ) ) GLOBAL_UNIT_ASSIGNED_CONTEXT ( ( #790, #2547, #1555 ) ) REPRESENTATION_CONTEXT ( 'NONE', 'WORKASPACE' ) );
#1723 = CARTESIAN_POINT ( 'NONE',  ( -0.1499999999999999944, 0.2749999999999999667, 1.500000000000000222 ) ) ;
#1724 = VERTEX_POINT ( 'NONE', #16 ) ;
#1725 = AXIS2_PLACEMENT_3D ( 'NONE', #2064, #1085, #1896 ) ;
#1726 = EDGE_CURVE ( 'NONE', #472, #2046, #879, .T. ) ;
#1727 = DIRECTION ( 'NONE',  ( 0.000000000000000000, 6.195440985631457289E-16, 1.000000000000000000 ) ) ;
#1728 = CIRCLE ( 'NONE', #154, 0.1299999999999998934 ) ;
#1729 = EDGE_LOOP ( 'NONE', ( #241, #1037 ) ) ;
#1730 = CARTESIAN_POINT ( 'NONE',  ( 0.000000000000000000, -0.05000000000000000278, -0.4499999999999999556 ) ) ;
#1731 = DIRECTION ( 'NONE',  ( 0.000000000000000000, 1.000000000000000000, 0.000000000000000000 ) ) ;
#1732 = VERTEX_POINT ( 'NONE', #662 ) ;
#1733 = VECTOR ( 'NONE', #1227, 1000.000000000000000 ) ;
#1734 = ORIENTED_EDGE ( 'NONE', *, *, #927, .T. ) ;
#1735 = CARTESIAN_POINT ( 'NONE',  ( 0.05000000000000000278, -1.002000000000000224, 0.1250000000000001110 ) ) ;
#1736 = EDGE_LOOP ( 'NONE', ( #1828, #34, #2387, #104 ) ) ;
#1737 = DIRECTION ( 'NONE',  ( 0.000000000000000000, 0.000000000000000000, -1.000000000000000000 ) ) ;
#1738 = CARTESIAN_POINT ( 'NONE',  ( -0.1499999999999999944, 1.002000000000000224, -0.6249999999999998890 ) ) ;
#1739 = DIRECTION ( 'NONE',  ( 0.000000000000000000, 0.000000000000000000, 1.000000000000000000 ) ) ;
#1740 = DIRECTION ( 'NONE',  ( 0.000000000000000000, 1.000000000000000000, -0.000000000000000000 ) ) ;
#1741 = ORIENTED_EDGE ( 'NONE', *, *, #1881, .F. ) ;
#1742 = EDGE_CURVE ( 'NONE', #663, #991, #1278, .T. ) ;
#1743 = LINE ( 'NONE', #167, #1525 ) ;
#1744 = PLANE ( 'NONE',  #2419 ) ;
#1745 = CARTESIAN_POINT ( 'NONE',  ( -0.6999999999999999556, -0.5250000000000312195, -1.499999999999999778 ) ) ;
#1746 = ORIENTED_EDGE ( 'NONE', *, *, #425, .T. ) ;
#1747 = DIRECTION ( 'NONE',  ( 0.000000000000000000, 0.000000000000000000, 1.000000000000000000 ) ) ;
#1748 = VERTEX_POINT ( 'NONE', #712 ) ;
#1749 = DIRECTION ( 'NONE',  ( 1.000000000000000000, 0.000000000000000000, 0.000000000000000000 ) ) ;
#1750 = LINE ( 'NONE', #1776, #2299 ) ;
#1751 = CARTESIAN_POINT ( 'NONE',  ( -0.1499999999999999944, 1.000000000000000000, -0.6249999999999998890 ) ) ;
#1752 = EDGE_CURVE ( 'NONE', #1574, #2147, #1469, .T. ) ;
#1753 = CARTESIAN_POINT ( 'NONE',  ( 0.000000000000000000, 1.000000000000000000, 1.500000000000000222 ) ) ;
#1754 = ORIENTED_EDGE ( 'NONE', *, *, #1159, .T. ) ;
#1755 = VECTOR ( 'NONE', #493, 1000.000000000000000 ) ;
#1756 = EDGE_CURVE ( 'NONE', #1382, #2100, #277, .T. ) ;
#1757 = AXIS2_PLACEMENT_3D ( 'NONE', #1538, #1109, #1121 ) ;
#1758 = CARTESIAN_POINT ( 'NONE',  ( 0.05000000000000000278, 0.6962928578572857852, 0.6249999999999998890 ) ) ;
#1759 = DIRECTION ( 'NONE',  ( -0.000000000000000000, 1.000000000000000000, 0.000000000000000000 ) ) ;
#1760 = ORIENTED_EDGE ( 'NONE', *, *, #1321, .F. ) ;
#1761 = DIRECTION ( 'NONE',  ( 0.000000000000000000, 0.000000000000000000, -1.000000000000000000 ) ) ;
#1762 = DIRECTION ( 'NONE',  ( 0.000000000000000000, 0.000000000000000000, 1.000000000000000000 ) ) ;
#1763 = VECTOR ( 'NONE', #1132, 1000.000000000000000 ) ;
#1764 = VECTOR ( 'NONE', #221, 1000.000000000000000 ) ;
#1765 = DIRECTION ( 'NONE',  ( 1.000000000000000000, 0.000000000000000000, 0.000000000000000000 ) ) ;
#1766 = CARTESIAN_POINT ( 'NONE',  ( 0.000000000000000000, 0.4000000000000000222, 0.9020000000000008011 ) ) ;
#1767 = ADVANCED_FACE ( 'NONE', ( #1443 ), #2035, .T. ) ;
#1768 = VECTOR ( 'NONE', #987, 1000.000000000000000 ) ;
#1769 = CIRCLE ( 'NONE', #2107, 0.1300000000000000044 ) ;
#1770 = EDGE_CURVE ( 'NONE', #44, #541, #103, .T. ) ;
#1771 = FACE_OUTER_BOUND ( 'NONE', #1704, .T. ) ;
#1772 = CARTESIAN_POINT ( 'NONE',  ( -0.1499999999999999667, -1.000000000000000000, -1.499999999999999778 ) ) ;
#1773 = EDGE_CURVE ( 'NONE', #1058, #250, #2078, .T. ) ;
#1774 = CARTESIAN_POINT ( 'NONE',  ( -0.1499999999999999944, -0.5250000000000313305, -1.502000000000010216 ) ) ;
#1775 = VERTEX_POINT ( 'NONE', #2228 ) ;
#1776 = CARTESIAN_POINT ( 'NONE',  ( 0.05000000000000000278, -0.2749999999999999667, -1.502000000000000224 ) ) ;
#1777 = DIRECTION ( 'NONE',  ( 0.000000000000000000, 1.000000000000000000, -8.866346439326585237E-17 ) ) ;
#1778 = EDGE_LOOP ( 'NONE', ( #56, #1406, #2086, #1415 ) ) ;
#1779 = DIRECTION ( 'NONE',  ( 1.000000000000000000, 0.000000000000000000, 0.000000000000000000 ) ) ;
#1780 = PLANE ( 'NONE',  #2306 ) ;
#1781 = FACE_OUTER_BOUND ( 'NONE', #1716, .T. ) ;
#1782 = CARTESIAN_POINT ( 'NONE',  ( -0.1499999999999999944, -0.6962928578572857852, 0.6249999999999998890 ) ) ;
#1783 = EDGE_CURVE ( 'NONE', #1498, #1096, #459, .T. ) ;
#1784 = ORIENTED_EDGE ( 'NONE', *, *, #948, .T. ) ;
#1785 = LINE ( 'NONE', #961, #842 ) ;
#1786 = DIRECTION ( 'NONE',  ( 0.000000000000000000, 1.000000000000000000, 0.000000000000000000 ) ) ;
#1787 = DIRECTION ( 'NONE',  ( -0.000000000000000000, -1.000000000000000000, -0.000000000000000000 ) ) ;
#1788 = ORIENTED_EDGE ( 'NONE', *, *, #2407, .T. ) ;
#1789 = ORIENTED_EDGE ( 'NONE', *, *, #2260, .F. ) ;
#1790 = VERTEX_POINT ( 'NONE', #1087 ) ;
#1791 = DIRECTION ( 'NONE',  ( -1.000000000000000000, 0.000000000000000000, 0.000000000000000000 ) ) ;
#1792 = MECHANICAL_DESIGN_GEOMETRIC_PRESENTATION_REPRESENTATION (  '', ( #147 ), #2495 ) ;
#1793 = CARTESIAN_POINT ( 'NONE',  ( -0.1499999999999999944, -1.002000000000000224, -0.3749999999999998890 ) ) ;
#1794 = CARTESIAN_POINT ( 'NONE',  ( 0.000000000000000000, 0.6962928578572860072, -0.6249999999999998890 ) ) ;
#1795 = EDGE_CURVE ( 'NONE', #1498, #1285, #58, .T. ) ;
#1796 = ORIENTED_EDGE ( 'NONE', *, *, #752, .F. ) ;
#1797 = CARTESIAN_POINT ( 'NONE',  ( -0.1499999999999999944, 0.6962928578572857852, 0.6249999999999998890 ) ) ;
#1798 = EDGE_CURVE ( 'NONE', #677, #2427, #2269, .T. ) ;
#1799 = LINE ( 'NONE', #1218, #1486 ) ;
#1800 = DIRECTION ( 'NONE',  ( -0.000000000000000000, -0.000000000000000000, 1.000000000000000000 ) ) ;
#1801 = VECTOR ( 'NONE', #3, 1000.000000000000000 ) ;
#1802 = EDGE_LOOP ( 'NONE', ( #2483, #531, #85, #775 ) ) ;
#1803 = VECTOR ( 'NONE', #792, 1000.000000000000000 ) ;
#1804 = ADVANCED_FACE ( 'NONE', ( #2476 ), #2239, .T. ) ;
#1805 = FACE_OUTER_BOUND ( 'NONE', #1929, .T. ) ;
#1806 = AXIS2_PLACEMENT_3D ( 'NONE', #2527, #346, #1129 ) ;
#1807 = LINE ( 'NONE', #25, #854 ) ;
#1808 = SURFACE_STYLE_USAGE ( .BOTH. , #2190 ) ;
#1809 = CARTESIAN_POINT ( 'NONE',  ( -0.1499999999999999944, 1.002000000000000224, 0.6249999999999998890 ) ) ;
#1810 = CIRCLE ( 'NONE', #1529, 0.1300000000000000044 ) ;
#1811 = ORIENTED_EDGE ( 'NONE', *, *, #2141, .F. ) ;
#1812 = CARTESIAN_POINT ( 'NONE',  ( 0.05000000000000000278, 0.2749999999999999667, -1.502000000000000224 ) ) ;
#1813 = LINE ( 'NONE', #2005, #141 ) ;
#1814 = PLANE ( 'NONE',  #1844 ) ;
#1815 = DIRECTION ( 'NONE',  ( -1.000000000000000000, -0.000000000000000000, 0.000000000000000000 ) ) ;
#1816 = CARTESIAN_POINT ( 'NONE',  ( -0.1499999999999999944, 0.2000000000000000111, 0.4499999999999999556 ) ) ;
#1817 = ADVANCED_FACE ( 'NONE', ( #291 ), #2091, .T. ) ;
#1818 = EDGE_LOOP ( 'NONE', ( #2317, #323, #702, #455, #2543, #959 ) ) ;
#1819 = DIRECTION ( 'NONE',  ( 1.000000000000000000, 0.000000000000000000, -0.000000000000000000 ) ) ;
#1820 = CARTESIAN_POINT ( 'NONE',  ( -0.1499999999999999944, 0.1999999999999997891, -0.4500000000000000666 ) ) ;
#1821 =( NAMED_UNIT ( * ) PLANE_ANGLE_UNIT ( ) SI_UNIT ( $, .RADIAN. ) );
#1822 = FACE_OUTER_BOUND ( 'NONE', #494, .T. ) ;
#1823 = CARTESIAN_POINT ( 'NONE',  ( 0.05000000000000000278, 0.5250000000000000222, -1.502000000000000224 ) ) ;
#1824 = CARTESIAN_POINT ( 'NONE',  ( -0.6999999999999999556, 0.000000000000000000, 0.000000000000000000 ) ) ;
#1825 = EDGE_LOOP ( 'NONE', ( #998, #804, #1841, #1279 ) ) ;
#1826 = EDGE_CURVE ( 'NONE', #925, #2477, #1257, .T. ) ;
#1827 = LINE ( 'NONE', #635, #1850 ) ;
#1828 = ORIENTED_EDGE ( 'NONE', *, *, #1162, .T. ) ;
#1829 = EDGE_CURVE ( 'NONE', #667, #2013, #1072, .T. ) ;
#1830 = PLANE ( 'NONE',  #1601 ) ;
#1831 = DIRECTION ( 'NONE',  ( 1.000000000000000000, 0.000000000000000000, 0.000000000000000000 ) ) ;
#1832 = CARTESIAN_POINT ( 'NONE',  ( 0.000000000000000000, 0.5250000000000004663, -0.8020000000000006013 ) ) ;
#1833 = ORIENTED_EDGE ( 'NONE', *, *, #256, .F. ) ;
#1834 = VECTOR ( 'NONE', #1051, 1000.000000000000000 ) ;
#1835 = LINE ( 'NONE', #2251, #2054 ) ;
#1836 = VERTEX_POINT ( 'NONE', #2446 ) ;
#1837 = DIRECTION ( 'NONE',  ( 0.000000000000000000, 1.000000000000000000, 0.000000000000000000 ) ) ;
#1838 = ORIENTED_EDGE ( 'NONE', *, *, #1571, .F. ) ;
#1839 = DIRECTION ( 'NONE',  ( 0.000000000000000000, 0.000000000000000000, 1.000000000000000000 ) ) ;
#1840 = CARTESIAN_POINT ( 'NONE',  ( -0.1499999999999999944, 0.7320000000000000950, -0.4999999999999998890 ) ) ;
#1841 = ORIENTED_EDGE ( 'NONE', *, *, #54, .F. ) ;
#1842 = VECTOR ( 'NONE', #1707, 1000.000000000000000 ) ;
#1843 = LINE ( 'NONE', #2383, #1056 ) ;
#1844 = AXIS2_PLACEMENT_3D ( 'NONE', #1797, #1617, #14 ) ;
#1845 = DIRECTION ( 'NONE',  ( 0.000000000000000000, 1.000000000000000000, -4.336808689942021187E-16 ) ) ;
#1846 = CARTESIAN_POINT ( 'NONE',  ( -0.1499999999999999944, -1.000000000000000000, 0.6249999999999998890 ) ) ;
#1847 = PRODUCT_RELATED_PRODUCT_CATEGORY ( 'part', '', ( #1699 ) ) ;
#1848 = ORIENTED_EDGE ( 'NONE', *, *, #1213, .F. ) ;
#1849 = PLANE ( 'NONE',  #2125 ) ;
#1850 = VECTOR ( 'NONE', #811, 1000.000000000000000 ) ;
#1851 = ORIENTED_EDGE ( 'NONE', *, *, #36, .T. ) ;
#1852 = CARTESIAN_POINT ( 'NONE',  ( 0.05000000000000000278, -0.6962928578572857852, 0.6249999999999998890 ) ) ;
#1853 = EDGE_CURVE ( 'NONE', #509, #206, #263, .T. ) ;
#1854 = CIRCLE ( 'NONE', #1361, 0.1300000000000000044 ) ;
#1855 = CARTESIAN_POINT ( 'NONE',  ( 0.05000000000000000278, -1.002000000000000002, 0.3749999999999998890 ) ) ;
#1856 = ORIENTED_EDGE ( 'NONE', *, *, #1660, .F. ) ;
#1857 =( LENGTH_UNIT ( ) NAMED_UNIT ( * ) SI_UNIT ( .MILLI., .METRE. ) );
#1858 = ORIENTED_EDGE ( 'NONE', *, *, #655, .F. ) ;
#1859 = ORIENTED_EDGE ( 'NONE', *, *, #1957, .T. ) ;
#1860 = ORIENTED_EDGE ( 'NONE', *, *, #339, .F. ) ;
#1861 = CARTESIAN_POINT ( 'NONE',  ( -0.1499999999999999944, -0.2749999999999999667, -1.502000000000000224 ) ) ;
#1862 = LINE ( 'NONE', #453, #591 ) ;
#1863 = LINE ( 'NONE', #874, #64 ) ;
#1864 = FACE_OUTER_BOUND ( 'NONE', #2149, .T. ) ;
#1865 = ORIENTED_EDGE ( 'NONE', *, *, #823, .T. ) ;
#1866 = CARTESIAN_POINT ( 'NONE',  ( -0.1499999999999999944, -0.5250000000000312195, -1.499999999999999778 ) ) ;
#1867 = EDGE_CURVE ( 'NONE', #925, #2025, #907, .T. ) ;
#1868 = DIRECTION ( 'NONE',  ( 1.000000000000000000, 0.000000000000000000, 0.000000000000000000 ) ) ;
#1869 = ORIENTED_EDGE ( 'NONE', *, *, #1493, .T. ) ;
#1870 = CARTESIAN_POINT ( 'NONE',  ( 0.05000000000000000278, -1.002000000000000224, 0.6249999999999998890 ) ) ;
#1871 = DIRECTION ( 'NONE',  ( 0.000000000000000000, 0.000000000000000000, 1.000000000000000000 ) ) ;
#1872 = ORIENTED_EDGE ( 'NONE', *, *, #2004, .T. ) ;
#1873 = ORIENTED_EDGE ( 'NONE', *, *, #88, .T. ) ;
#1874 = CARTESIAN_POINT ( 'NONE',  ( 0.05000000000000000278, -0.5249999999999999112, -0.9962928578572867178 ) ) ;
#1875 = DIRECTION ( 'NONE',  ( -0.000000000000000000, -1.000000000000000000, -0.000000000000000000 ) ) ;
#1876 = CARTESIAN_POINT ( 'NONE',  ( -0.000000000000000000, 0.2749999999999999667, 0.000000000000000000 ) ) ;
#1877 = LINE ( 'NONE', #1628, #2047 ) ;
#1878 = ORIENTED_EDGE ( 'NONE', *, *, #2465, .T. ) ;
#1879 = CARTESIAN_POINT ( 'NONE',  ( -0.6999999999999999556, 1.000000000000000000, 1.500000000000000222 ) ) ;
#1880 = AXIS2_PLACEMENT_3D ( 'NONE', #476, #1868, #1761 ) ;
#1881 = EDGE_CURVE ( 'NONE', #690, #1574, #341, .T. ) ;
#1882 = AXIS2_PLACEMENT_3D ( 'NONE', #1165, #572, #1962 ) ;
#1883 = CARTESIAN_POINT ( 'NONE',  ( -0.1499999999999999944, 0.2749999999999999667, 1.502000000000000224 ) ) ;
#1884 = ORIENTED_EDGE ( 'NONE', *, *, #1197, .F. ) ;
#1885 = DIRECTION ( 'NONE',  ( 0.000000000000000000, -0.000000000000000000, 1.000000000000000000 ) ) ;
#1886 = EDGE_CURVE ( 'NONE', #1336, #2259, #1512, .T. ) ;
#1887 = VERTEX_POINT ( 'NONE', #1317 ) ;
#1888 = ORIENTED_EDGE ( 'NONE', *, *, #1692, .F. ) ;
#1889 = ORIENTED_EDGE ( 'NONE', *, *, #1960, .T. ) ;
#1890 = DIRECTION ( 'NONE',  ( 0.000000000000000000, 1.000000000000000000, 0.000000000000000000 ) ) ;
#1891 = EDGE_CURVE ( 'NONE', #2116, #2487, #1554, .T. ) ;
#1892 = CARTESIAN_POINT ( 'NONE',  ( -0.000000000000000000, -0.6962928578572860072, -0.3749999999999998890 ) ) ;
#1893 = AXIS2_PLACEMENT_3D ( 'NONE', #2227, #2048, #2034 ) ;
#1894 = SURFACE_STYLE_FILL_AREA ( #1095 ) ;
#1895 = ORIENTED_EDGE ( 'NONE', *, *, #1442, .F. ) ;
#1896 = DIRECTION ( 'NONE',  ( 1.000000000000000000, 0.000000000000000000, -0.000000000000000000 ) ) ;
#1897 = MECHANICAL_DESIGN_GEOMETRIC_PRESENTATION_REPRESENTATION (  '', ( #1225 ), #1009 ) ;
#1898 = ORIENTED_EDGE ( 'NONE', *, *, #866, .F. ) ;
#1899 = CARTESIAN_POINT ( 'NONE',  ( -0.000000000000000000, -0.2749999999999999667, 0.000000000000000000 ) ) ;
#1900 = ORIENTED_EDGE ( 'NONE', *, *, #36, .F. ) ;
#1901 = DIRECTION ( 'NONE',  ( -0.000000000000000000, 0.000000000000000000, 1.000000000000000000 ) ) ;
#1902 = VECTOR ( 'NONE', #2244, 1000.000000000000000 ) ;
#1903 = DIRECTION ( 'NONE',  ( 0.000000000000000000, -0.000000000000000000, 1.000000000000000000 ) ) ;
#1904 = ORIENTED_EDGE ( 'NONE', *, *, #592, .F. ) ;
#1905 = EDGE_LOOP ( 'NONE', ( #1078, #788, #437, #2393 ) ) ;
#1906 = ADVANCED_FACE ( 'NONE', ( #148 ), #170, .T. ) ;
#1907 = CARTESIAN_POINT ( 'NONE',  ( 0.05000000000000000278, -0.6962928578572860072, -0.1249999999999999722 ) ) ;
#1908 = ORIENTED_EDGE ( 'NONE', *, *, #2481, .F. ) ;
#1909 = ORIENTED_EDGE ( 'NONE', *, *, #1626, .T. ) ;
#1910 = CARTESIAN_POINT ( 'NONE',  ( 0.05000000000000000278, 0.7320000000000000950, -0.4999999999999998890 ) ) ;
#1911 = ORIENTED_EDGE ( 'NONE', *, *, #370, .T. ) ;
#1912 = CARTESIAN_POINT ( 'NONE',  ( 0.05000000000000000278, -0.5250000000000000222, 1.502000000000000224 ) ) ;
#1913 = VERTEX_POINT ( 'NONE', #1931 ) ;
#1914 = EDGE_CURVE ( 'NONE', #404, #209, #549, .T. ) ;
#1915 = LINE ( 'NONE', #142, #514 ) ;
#1916 = ORIENTED_EDGE ( 'NONE', *, *, #592, .T. ) ;
#1917 = PLANE ( 'NONE',  #1725 ) ;
#1918 = LINE ( 'NONE', #2145, #646 ) ;
#1919 = FACE_OUTER_BOUND ( 'NONE', #1408, .T. ) ;
#1920 = ORIENTED_EDGE ( 'NONE', *, *, #2429, .F. ) ;
#1921 = AXIS2_PLACEMENT_3D ( 'NONE', #1824, #1996, #220 ) ;
#1922 = PLANE ( 'NONE',  #1680 ) ;
#1923 = AXIS2_PLACEMENT_3D ( 'NONE', #178, #1759, #2542 ) ;
#1924 = ORIENTED_EDGE ( 'NONE', *, *, #605, .T. ) ;
#1925 = ORIENTED_EDGE ( 'NONE', *, *, #2429, .T. ) ;
#1926 = VECTOR ( 'NONE', #1714, 1000.000000000000000 ) ;
#1927 = SURFACE_SIDE_STYLE ('',( #1894 ) ) ;
#1928 = ADVANCED_FACE ( 'NONE', ( #2529 ), #2518, .T. ) ;
#1929 = EDGE_LOOP ( 'NONE', ( #971, #2435, #383, #490 ) ) ;
#1930 = VECTOR ( 'NONE', #1787, 1000.000000000000000 ) ;
#1931 = CARTESIAN_POINT ( 'NONE',  ( 0.05000000000000000278, -0.2749999999999999667, -1.502000000000000224 ) ) ;
#1932 = VECTOR ( 'NONE', #1731, 1000.000000000000000 ) ;
#1933 = ADVANCED_FACE ( 'NONE', ( #1919 ), #960, .T. ) ;
#1934 = ORIENTED_EDGE ( 'NONE', *, *, #778, .T. ) ;
#1935 = FACE_OUTER_BOUND ( 'NONE', #1283, .T. ) ;
#1936 = VECTOR ( 'NONE', #2203, 1000.000000000000000 ) ;
#1937 = CARTESIAN_POINT ( 'NONE',  ( -0.1499999999999999944, -0.6962928578572860072, -0.6250000000000000000 ) ) ;
#1938 = CARTESIAN_POINT ( 'NONE',  ( 0.000000000000000000, 0.2749999999999999667, 0.9962928578572867178 ) ) ;
#1939 = ORIENTED_EDGE ( 'NONE', *, *, #2336, .T. ) ;
#1940 = VECTOR ( 'NONE', #2009, 1000.000000000000000 ) ;
#1941 = CARTESIAN_POINT ( 'NONE',  ( -0.000000000000000000, -3.324879914747474548E-17, -0.1250000000000001665 ) ) ;
#1942 = EDGE_LOOP ( 'NONE', ( #281, #441, #562, #2243 ) ) ;
#1943 = EDGE_CURVE ( 'NONE', #981, #169, #748, .T. ) ;
#1944 = DIRECTION ( 'NONE',  ( 1.000000000000000000, 0.000000000000000000, -0.000000000000000000 ) ) ;
#1945 = CARTESIAN_POINT ( 'NONE',  ( 0.05000000000000000278, 0.5250000000000004663, -0.8020000000000006013 ) ) ;
#1946 = EDGE_CURVE ( 'NONE', #246, #2558, #2509, .T. ) ;
#1947 = ORIENTED_EDGE ( 'NONE', *, *, #109, .T. ) ;
#1948 = LINE ( 'NONE', #1566, #2310 ) ;
#1949 = CARTESIAN_POINT ( 'NONE',  ( -0.1499999999999999944, 1.002000000000000224, 0.6249999999999998890 ) ) ;
#1950 = CARTESIAN_POINT ( 'NONE',  ( 0.05000000000000000278, 0.6962928578572857852, 0.3749999999999998890 ) ) ;
#1951 = ORIENTED_EDGE ( 'NONE', *, *, #1867, .F. ) ;
#1952 = DIRECTION ( 'NONE',  ( -1.000000000000000000, 0.000000000000000000, 0.000000000000000000 ) ) ;
#1953 = CARTESIAN_POINT ( 'NONE',  ( 0.05000000000000000278, -0.6962928578572860072, -0.3749999999999998890 ) ) ;
#1954 = ORIENTED_EDGE ( 'NONE', *, *, #217, .F. ) ;
#1955 = PLANE ( 'NONE',  #584 ) ;
#1956 = DIRECTION ( 'NONE',  ( 1.000000000000000000, 0.000000000000000000, 0.000000000000000000 ) ) ;
#1957 = EDGE_CURVE ( 'NONE', #2013, #1079, #1366, .T. ) ;
#1958 = CARTESIAN_POINT ( 'NONE',  ( 0.000000000000000000, -0.6962928578572857852, 0.3749999999999998890 ) ) ;
#1959 = ORIENTED_EDGE ( 'NONE', *, *, #522, .F. ) ;
#1960 = EDGE_CURVE ( 'NONE', #873, #2013, #759, .T. ) ;
#1961 = DIRECTION ( 'NONE',  ( -0.000000000000000000, -0.000000000000000000, 1.000000000000000000 ) ) ;
#1962 = DIRECTION ( 'NONE',  ( 1.000000000000000000, 0.000000000000000000, 0.000000000000000000 ) ) ;
#1963 = CARTESIAN_POINT ( 'NONE',  ( 0.05000000000000000278, 0.6962928578572860072, -0.6250000000000000000 ) ) ;
#1964 = ORIENTED_EDGE ( 'NONE', *, *, #202, .F. ) ;
#1965 = CARTESIAN_POINT ( 'NONE',  ( -0.6979999999999999538, 0.7987485962850371379, -1.298807414183755782 ) ) ;
#1966 = AXIS2_PLACEMENT_3D ( 'NONE', #1389, #1956, #2171 ) ;
#1967 = CIRCLE ( 'NONE', #429, 0.1152903347902719949 ) ;
#1968 = CARTESIAN_POINT ( 'NONE',  ( -0.1499999999999999667, -1.000000000000000000, 1.500000000000000222 ) ) ;
#1969 = CARTESIAN_POINT ( 'NONE',  ( 0.000000000000000000, -1.000000000000000000, -1.499999999999999778 ) ) ;
#1970 = VERTEX_POINT ( 'NONE', #2104 ) ;
#1971 = AXIS2_PLACEMENT_3D ( 'NONE', #1031, #1819, #2233 ) ;
#1972 = EDGE_CURVE ( 'NONE', #2289, #1488, #2201, .T. ) ;
#1973 = LINE ( 'NONE', #2351, #2471 ) ;
#1974 = VECTOR ( 'NONE', #223, 1000.000000000000000 ) ;
#1975 = ADVANCED_FACE ( 'NONE', ( #2497 ), #731, .F. ) ;
#1976 = DIRECTION ( 'NONE',  ( 1.000000000000000000, 0.000000000000000000, 0.000000000000000000 ) ) ;
#1977 = DIRECTION ( 'NONE',  ( 1.000000000000000000, 0.000000000000000000, 0.000000000000000000 ) ) ;
#1978 = CARTESIAN_POINT ( 'NONE',  ( -0.1499999999999999944, -0.7320000000000000950, 0.4999999999999998890 ) ) ;
#1979 = EDGE_LOOP ( 'NONE', ( #1249, #2144, #1934, #2361 ) ) ;
#1980 = CARTESIAN_POINT ( 'NONE',  ( -0.1499999999999999944, -1.000000000000000000, 0.3749999999999998890 ) ) ;
#1981 =( NAMED_UNIT ( * ) SI_UNIT ( $, .STERADIAN. ) SOLID_ANGLE_UNIT ( ) );
#1982 = LINE ( 'NONE', #396, #2099 ) ;
#1983 = ORIENTED_EDGE ( 'NONE', *, *, #2396, .T. ) ;
#1984 = ORIENTED_EDGE ( 'NONE', *, *, #1957, .F. ) ;
#1985 = DIRECTION ( 'NONE',  ( 0.000000000000000000, -1.000000000000000000, 0.000000000000000000 ) ) ;
#1986 = ADVANCED_FACE ( 'NONE', ( #1157, #347 ), #1955, .F. ) ;
#1987 = DIRECTION ( 'NONE',  ( 0.000000000000000000, -0.000000000000000000, -1.000000000000000000 ) ) ;
#1988 = DIRECTION ( 'NONE',  ( 0.000000000000000000, 6.217405368027395951E-14, 1.000000000000000000 ) ) ;
#1989 = EDGE_CURVE ( 'NONE', #2551, #1309, #2370, .T. ) ;
#1990 = CARTESIAN_POINT ( 'NONE',  ( 0.000000000000000000, -1.000000000000000000, 1.500000000000000222 ) ) ;
#1991 = CARTESIAN_POINT ( 'NONE',  ( 0.000000000000000000, -0.6962928578572860072, 0.1250000000000001388 ) ) ;
#1992 = VERTEX_POINT ( 'NONE', #228 ) ;
#1993 = DIRECTION ( 'NONE',  ( -1.000000000000000000, 0.000000000000000000, -0.000000000000000000 ) ) ;
#1994 = EDGE_CURVE ( 'NONE', #107, #2147, #247, .T. ) ;
#1995 = ORIENTED_EDGE ( 'NONE', *, *, #431, .F. ) ;
#1996 = DIRECTION ( 'NONE',  ( -1.000000000000000000, 0.000000000000000000, 0.000000000000000000 ) ) ;
#1997 = LINE ( 'NONE', #1816, #1764 ) ;
#1998 = CARTESIAN_POINT ( 'NONE',  ( 0.000000000000000000, 1.000000000000000000, 1.500000000000000222 ) ) ;
#1999 = VECTOR ( 'NONE', #1452, 1000.000000000000000 ) ;
#2000 = PRESENTATION_LAYER_ASSIGNMENT (  '', '', ( #421 ) ) ;
#2001 = DIRECTION ( 'NONE',  ( -1.000000000000000000, -0.000000000000000000, -0.000000000000000000 ) ) ;
#2002 = FACE_OUTER_BOUND ( 'NONE', #1430, .T. ) ;
#2003 = VERTEX_POINT ( 'NONE', #980 ) ;
#2004 = EDGE_CURVE ( 'NONE', #1528, #1077, #990, .T. ) ;
#2005 = CARTESIAN_POINT ( 'NONE',  ( -0.6999999999999999556, -1.000000000000000000, 0.3749999999999998890 ) ) ;
#2006 = ORIENTED_EDGE ( 'NONE', *, *, #232, .F. ) ;
#2007 = LINE ( 'NONE', #230, #1134 ) ;
#2008 = EDGE_CURVE ( 'NONE', #2259, #2558, #1572, .T. ) ;
#2009 = DIRECTION ( 'NONE',  ( 0.000000000000000000, -1.000000000000000000, 0.000000000000000000 ) ) ;
#2010 = CARTESIAN_POINT ( 'NONE',  ( -0.000000000000000000, -1.000000000000000000, -0.3749999999999998890 ) ) ;
#2011 = VECTOR ( 'NONE', #198, 1000.000000000000000 ) ;
#2012 = PLANE ( 'NONE',  #563 ) ;
#2013 = VERTEX_POINT ( 'NONE', #1602 ) ;
#2014 = VECTOR ( 'NONE', #1277, 1000.000000000000000 ) ;
#2015 = ORIENTED_EDGE ( 'NONE', *, *, #1756, .F. ) ;
#2016 = MECHANICAL_DESIGN_GEOMETRIC_PRESENTATION_REPRESENTATION (  '', ( #1559 ), #968 ) ;
#2017 = DIRECTION ( 'NONE',  ( 0.000000000000000000, 0.000000000000000000, -1.000000000000000000 ) ) ;
#2018 = VECTOR ( 'NONE', #2286, 1000.000000000000000 ) ;
#2019 = ORIENTED_EDGE ( 'NONE', *, *, #765, .F. ) ;
#2020 = DIRECTION ( 'NONE',  ( 0.000000000000000000, 0.000000000000000000, 1.000000000000000000 ) ) ;
#2021 = ORIENTED_EDGE ( 'NONE', *, *, #1660, .T. ) ;
#2022 = CARTESIAN_POINT ( 'NONE',  ( -0.1499999999999999944, -0.6962928578572860072, -0.6250000000000000000 ) ) ;
#2023 = EDGE_LOOP ( 'NONE', ( #1253, #2097, #329, #1582 ) ) ;
#2024 = FACE_BOUND ( 'NONE', #2160, .T. ) ;
#2025 = VERTEX_POINT ( 'NONE', #1377 ) ;
#2026 = EDGE_CURVE ( 'NONE', #663, #1418, #2182, .T. ) ;
#2027 = FACE_OUTER_BOUND ( 'NONE', #2023, .T. ) ;
#2028 = ORIENTED_EDGE ( 'NONE', *, *, #1795, .T. ) ;
#2029 = EDGE_LOOP ( 'NONE', ( #1492, #719, #367, #419 ) ) ;
#2030 = CARTESIAN_POINT ( 'NONE',  ( -0.000000000000000000, -2.216586609831647234E-16, -0.6250000000000002220 ) ) ;
#2031 = CARTESIAN_POINT ( 'NONE',  ( 0.000000000000000000, 1.000000000000000000, 1.500000000000000222 ) ) ;
#2032 = DIRECTION ( 'NONE',  ( 1.000000000000000000, 0.000000000000000000, 0.000000000000000000 ) ) ;
#2033 = ORIENTED_EDGE ( 'NONE', *, *, #1826, .F. ) ;
#2034 = DIRECTION ( 'NONE',  ( 1.000000000000000000, 0.000000000000000000, -0.000000000000000000 ) ) ;
#2035 = CYLINDRICAL_SURFACE ( 'NONE', #1465, 0.1300000000000000044 ) ;
#2036 = EDGE_CURVE ( 'NONE', #245, #1096, #1813, .T. ) ;
#2037 = EDGE_LOOP ( 'NONE', ( #2105, #516, #1338, #1662 ) ) ;
#2038 = CARTESIAN_POINT ( 'NONE',  ( -0.1499999999999999944, -0.2749999999999999667, -1.502000000000000224 ) ) ;
#2039 = ORIENTED_EDGE ( 'NONE', *, *, #2538, .T. ) ;
#2040 = EDGE_CURVE ( 'NONE', #2046, #1058, #1616, .T. ) ;
#2041 = DIRECTION ( 'NONE',  ( 0.000000000000000000, 0.000000000000000000, -1.000000000000000000 ) ) ;
#2042 = LINE ( 'NONE', #244, #2537 ) ;
#2043 = VECTOR ( 'NONE', #1144, 1000.000000000000000 ) ;
#2044 = ADVANCED_BREP_SHAPE_REPRESENTATION ( 'LTC6409IUDB#TRPBF', ( #2082, #1167 ), #1550 ) ;
#2045 = CARTESIAN_POINT ( 'NONE',  ( -0.1499999999999999944, 0.2749999999999999667, -1.502000000000000224 ) ) ;
#2046 = VERTEX_POINT ( 'NONE', #2400 ) ;
#2047 = VECTOR ( 'NONE', #2472, 1000.000000000000000 ) ;
#2048 = DIRECTION ( 'NONE',  ( 0.000000000000000000, 0.000000000000000000, 1.000000000000000000 ) ) ;
#2049 = DIRECTION ( 'NONE',  ( 0.000000000000000000, -1.000000000000000000, -8.866346439326585237E-17 ) ) ;
#2050 = CARTESIAN_POINT ( 'NONE',  ( -0.1499999999999999944, 0.6962928578572860072, -0.3749999999999998890 ) ) ;
#2051 = AXIS2_PLACEMENT_3D ( 'NONE', #1297, #319, #2106 ) ;
#2052 = CARTESIAN_POINT ( 'NONE',  ( -0.1499999999999999944, -0.2749999999999999667, 1.500000000000000222 ) ) ;
#2053 = ORIENTED_EDGE ( 'NONE', *, *, #1537, .T. ) ;
#2054 = VECTOR ( 'NONE', #1024, 1000.000000000000000 ) ;
#2055 = ORIENTED_EDGE ( 'NONE', *, *, #685, .T. ) ;
#2056 = LINE ( 'NONE', #652, #116 ) ;
#2057 = CARTESIAN_POINT ( 'NONE',  ( 0.000000000000000000, 0.2000000000000000111, 0.4499999999999999556 ) ) ;
#2058 = ORIENTED_EDGE ( 'NONE', *, *, #2040, .T. ) ;
#2059 = EDGE_CURVE ( 'NONE', #2449, #981, #1199, .T. ) ;
#2060 = LINE ( 'NONE', #235, #2374 ) ;
#2061 = CARTESIAN_POINT ( 'NONE',  ( 0.05000000000000000278, -0.5250000000000313305, -1.502000000000010216 ) ) ;
#2062 = VECTOR ( 'NONE', #1017, 1000.000000000000000 ) ;
#2063 = ORIENTED_EDGE ( 'NONE', *, *, #1419, .T. ) ;
#2064 = CARTESIAN_POINT ( 'NONE',  ( -0.1499999999999999944, -0.05000000000000000278, 0.4499999999999999556 ) ) ;
#2065 = CARTESIAN_POINT ( 'NONE',  ( -0.1499999999999999944, -0.3999999999999997446, -1.032000000000000695 ) ) ;
#2066 = DIRECTION ( 'NONE',  ( 1.000000000000000000, 0.000000000000000000, 0.000000000000000000 ) ) ;
#2067 = EDGE_LOOP ( 'NONE', ( #985, #24, #2369, #2120 ) ) ;
#2068 = CARTESIAN_POINT ( 'NONE',  ( 0.000000000000000000, 0.5250000000000000222, 0.000000000000000000 ) ) ;
#2069 = CARTESIAN_POINT ( 'NONE',  ( 0.000000000000000000, 0.5250000000000002442, -1.499999999999999778 ) ) ;
#2070 = ADVANCED_FACE ( 'NONE', ( #614 ), #626, .T. ) ;
#2071 = VERTEX_POINT ( 'NONE', #1991 ) ;
#2072 = PLANE ( 'NONE',  #1318 ) ;
#2073 = CARTESIAN_POINT ( 'NONE',  ( 0.05000000000000000278, -0.7320000000000000950, 0.4999999999999998890 ) ) ;
#2074 = ADVANCED_FACE ( 'NONE', ( #1412 ), #216, .T. ) ;
#2075 = ORIENTED_EDGE ( 'NONE', *, *, #937, .T. ) ;
#2076 = CARTESIAN_POINT ( 'NONE',  ( 0.05000000000000000278, 1.002000000000000224, -0.3749999999999998890 ) ) ;
#2077 = LINE ( 'NONE', #934, #848 ) ;
#2078 = LINE ( 'NONE', #505, #954 ) ;
#2079 = EDGE_CURVE ( 'NONE', #1501, #1790, #2354, .T. ) ;
#2080 = PLANE ( 'NONE',  #2098 ) ;
#2081 = CARTESIAN_POINT ( 'NONE',  ( -0.6999999999999999556, 0.7987485962850371379, -1.183517079393483717 ) ) ;
#2082 = MANIFOLD_SOLID_BREP ( 'Cut-Extrude1', #59 ) ;
#2083 = DIRECTION ( 'NONE',  ( 1.000000000000000000, 0.000000000000000000, 0.000000000000000000 ) ) ;
#2084 = CARTESIAN_POINT ( 'NONE',  ( -0.1499999999999999944, -1.000000000000000000, 0.1250000000000001110 ) ) ;
#2085 = LINE ( 'NONE', #2045, #1834 ) ;
#2086 = ORIENTED_EDGE ( 'NONE', *, *, #730, .F. ) ;
#2087 = CARTESIAN_POINT ( 'NONE',  ( 0.000000000000000000, -1.000000000000000000, -0.1249999999999998890 ) ) ;
#2088 = VECTOR ( 'NONE', #1483, 1000.000000000000000 ) ;
#2089 = ADVANCED_FACE ( 'NONE', ( #1822 ), #2546, .T. ) ;
#2090 = COLOUR_RGB ( '',0.7921568627450980005, 0.8196078431372548767, 0.9333333333333333481 ) ;
#2091 = PLANE ( 'NONE',  #629 ) ;
#2092 = ORIENTED_EDGE ( 'NONE', *, *, #69, .T. ) ;
#2093 = PLANE ( 'NONE',  #2051 ) ;
#2094 = PRODUCT_DEFINITION_FORMATION_WITH_SPECIFIED_SOURCE ( 'ANY', '', #1699, .NOT_KNOWN. ) ;
#2095 = EDGE_CURVE ( 'NONE', #923, #307, #274, .T. ) ;
#2096 = EDGE_LOOP ( 'NONE', ( #1951, #1302, #651, #1869, #1688, #390 ) ) ;
#2097 = ORIENTED_EDGE ( 'NONE', *, *, #1770, .F. ) ;
#2098 = AXIS2_PLACEMENT_3D ( 'NONE', #2511, #495, #1885 ) ;
#2099 = VECTOR ( 'NONE', #950, 1000.000000000000000 ) ;
#2100 = VERTEX_POINT ( 'NONE', #1242 ) ;
#2101 = CARTESIAN_POINT ( 'NONE',  ( -0.1499999999999999944, 1.002000000000000224, 0.1250000000000001110 ) ) ;
#2102 = CARTESIAN_POINT ( 'NONE',  ( -0.1499999999999999944, -0.5249999999999999112, -0.9962928578572867178 ) ) ;
#2103 = AXIS2_PLACEMENT_3D ( 'NONE', #411, #2566, #783 ) ;
#2104 = CARTESIAN_POINT ( 'NONE',  ( -0.1499999999999999944, -1.002000000000000224, -0.1249999999999998890 ) ) ;
#2105 = ORIENTED_EDGE ( 'NONE', *, *, #1090, .T. ) ;
#2106 = DIRECTION ( 'NONE',  ( 0.000000000000000000, 1.000000000000000000, 3.546538575730634095E-16 ) ) ;
#2107 = AXIS2_PLACEMENT_3D ( 'NONE', #309, #2325, #2534 ) ;
#2108 = ORIENTED_EDGE ( 'NONE', *, *, #1692, .T. ) ;
#2109 = VERTEX_POINT ( 'NONE', #260 ) ;
#2110 = ADVANCED_FACE ( 'NONE', ( #2236 ), #827, .T. ) ;
#2111 = ORIENTED_EDGE ( 'NONE', *, *, #571, .T. ) ;
#2112 =( LENGTH_UNIT ( ) NAMED_UNIT ( * ) SI_UNIT ( .MILLI., .METRE. ) );
#2113 = ORIENTED_EDGE ( 'NONE', *, *, #2059, .T. ) ;
#2114 = DIRECTION ( 'NONE',  ( 0.000000000000000000, -1.000000000000000000, -3.546538575730634095E-16 ) ) ;
#2115 = DIRECTION ( 'NONE',  ( 1.000000000000000000, 0.000000000000000000, -0.000000000000000000 ) ) ;
#2116 = VERTEX_POINT ( 'NONE', #1832 ) ;
#2117 = LINE ( 'NONE', #1912, #1763 ) ;
#2118 = ORIENTED_EDGE ( 'NONE', *, *, #506, .F. ) ;
#2119 = ADVANCED_FACE ( 'NONE', ( #1068 ), #1478, .T. ) ;
#2120 = ORIENTED_EDGE ( 'NONE', *, *, #966, .T. ) ;
#2121 = DIRECTION ( 'NONE',  ( -1.000000000000000000, 0.000000000000000000, 0.000000000000000000 ) ) ;
#2122 = DIRECTION ( 'NONE',  ( 0.000000000000000000, -1.000000000000000000, 4.336808689942021187E-16 ) ) ;
#2123 = VECTOR ( 'NONE', #567, 1000.000000000000000 ) ;
#2124 = LINE ( 'NONE', #348, #2540 ) ;
#2125 = AXIS2_PLACEMENT_3D ( 'NONE', #489, #1683, #1301 ) ;
#2126 = CARTESIAN_POINT ( 'NONE',  ( -0.1499999999999999944, 1.002000000000000224, -0.1249999999999998890 ) ) ;
#2127 = VERTEX_POINT ( 'NONE', #43 ) ;
#2128 = ORIENTED_EDGE ( 'NONE', *, *, #1106, .F. ) ;
#2129 = DIRECTION ( 'NONE',  ( 0.000000000000000000, 5.359832213816825750E-16, 1.000000000000000000 ) ) ;
#2130 = ORIENTED_EDGE ( 'NONE', *, *, #503, .T. ) ;
#2131 = EDGE_CURVE ( 'NONE', #250, #335, #2085, .T. ) ;
#2132 = VECTOR ( 'NONE', #1216, 1000.000000000000000 ) ;
#2133 = DIRECTION ( 'NONE',  ( 0.000000000000000000, 5.421010862427525128E-16, -1.000000000000000000 ) ) ;
#2134 = VECTOR ( 'NONE', #1067, 1000.000000000000000 ) ;
#2135 = DIRECTION ( 'NONE',  ( 0.000000000000000000, -1.000000000000000000, 0.000000000000000000 ) ) ;
#2136 = LINE ( 'NONE', #2521, #969 ) ;
#2137 = DIRECTION ( 'NONE',  ( -1.000000000000000000, -0.000000000000000000, -0.000000000000000000 ) ) ;
#2138 = ORIENTED_EDGE ( 'NONE', *, *, #976, .F. ) ;
#2139 = VECTOR ( 'NONE', #1786, 1000.000000000000000 ) ;
#2140 = ORIENTED_EDGE ( 'NONE', *, *, #1994, .F. ) ;
#2141 = EDGE_CURVE ( 'NONE', #307, #299, #2249, .T. ) ;
#2142 = LINE ( 'NONE', #1758, #357 ) ;
#2143 = PLANE ( 'NONE',  #1757 ) ;
#2144 = ORIENTED_EDGE ( 'NONE', *, *, #2319, .T. ) ;
#2145 = CARTESIAN_POINT ( 'NONE',  ( -0.1499999999999999944, -1.002000000000000224, -0.6249999999999998890 ) ) ;
#2146 = ADVANCED_FACE ( 'NONE', ( #1864 ), #1849, .T. ) ;
#2147 = VERTEX_POINT ( 'NONE', #2061 ) ;
#2148 = DIRECTION ( 'NONE',  ( 1.000000000000000000, 0.000000000000000000, 0.000000000000000000 ) ) ;
#2149 = EDGE_LOOP ( 'NONE', ( #2019, #2517, #1684, #266, #504, #1856 ) ) ;
#2150 = FACE_OUTER_BOUND ( 'NONE', #940, .T. ) ;
#2151 = ADVANCED_FACE ( 'NONE', ( #890 ), #72, .T. ) ;
#2152 = CARTESIAN_POINT ( 'NONE',  ( -0.1499999999999999944, -1.002000000000000224, 0.6249999999999998890 ) ) ;
#2153 = DIRECTION ( 'NONE',  ( 0.000000000000000000, 0.000000000000000000, -1.000000000000000000 ) ) ;
#2154 = ORIENTED_EDGE ( 'NONE', *, *, #1247, .F. ) ;
#2155 = CYLINDRICAL_SURFACE ( 'NONE', #66, 0.1152903347902719949 ) ;
#2156 = CARTESIAN_POINT ( 'NONE',  ( -0.6979999999999999538, 0.7987485962850371379, -1.183517079393483717 ) ) ;
#2157 = FILL_AREA_STYLE_COLOUR ( '', #2090 ) ;
#2158 = CARTESIAN_POINT ( 'NONE',  ( 0.05000000000000000278, 1.002000000000000224, 0.1250000000000001110 ) ) ;
#2159 = EDGE_CURVE ( 'NONE', #1677, #2314, #1877, .T. ) ;
#2160 = EDGE_LOOP ( 'NONE', ( #483, #883 ) ) ;
#2161 = DIRECTION ( 'NONE',  ( 1.000000000000000000, 0.000000000000000000, 0.000000000000000000 ) ) ;
#2162 = CARTESIAN_POINT ( 'NONE',  ( -0.1499999999999999667, 1.000000000000000000, 1.500000000000000222 ) ) ;
#2163 = EDGE_LOOP ( 'NONE', ( #1188, #1347, #2154, #1117 ) ) ;
#2164 = ADVANCED_FACE ( 'NONE', ( #1495 ), #55, .T. ) ;
#2165 = VECTOR ( 'NONE', #2122, 1000.000000000000000 ) ;
#2166 = DIRECTION ( 'NONE',  ( 0.000000000000000000, 1.000000000000000000, 2.659903931797975694E-16 ) ) ;
#2167 = VECTOR ( 'NONE', #1988, 1000.000000000000000 ) ;
#2168 = CARTESIAN_POINT ( 'NONE',  ( -0.1499999999999999944, 0.2749999999999999667, 1.502000000000000224 ) ) ;
#2169 = DIRECTION ( 'NONE',  ( 0.000000000000000000, 1.000000000000000000, 0.000000000000000000 ) ) ;
#2170 = EDGE_LOOP ( 'NONE', ( #2474, #229, #822, #2108, #869, #1175 ) ) ;
#2171 = DIRECTION ( 'NONE',  ( 0.000000000000000000, 0.000000000000000000, -1.000000000000000000 ) ) ;
#2172 = COLOUR_RGB ( '',0.1098039215686274495, 0.1098039215686274495, 0.1098039215686274495 ) ;
#2173 = VECTOR ( 'NONE', #144, 1000.000000000000000 ) ;
#2174 = ADVANCED_FACE ( 'NONE', ( #2280 ), #843, .T. ) ;
#2175 = DIRECTION ( 'NONE',  ( -0.000000000000000000, 1.000000000000000000, -0.000000000000000000 ) ) ;
#2176 = VECTOR ( 'NONE', #676, 1000.000000000000000 ) ;
#2177 = LINE ( 'NONE', #820, #2062 ) ;
#2178 = AXIS2_PLACEMENT_3D ( 'NONE', #2380, #2564, #1028 ) ;
#2179 = EDGE_CURVE ( 'NONE', #2314, #2275, #442, .T. ) ;
#2180 = CARTESIAN_POINT ( 'NONE',  ( 0.000000000000000000, -0.4000000000000000222, 1.032000000000000695 ) ) ;
#2181 = DIRECTION ( 'NONE',  ( 0.000000000000000000, -1.000000000000000000, 0.000000000000000000 ) ) ;
#2182 = LINE ( 'NONE', #2388, #2362 ) ;
#2183 = DIRECTION ( 'NONE',  ( 0.000000000000000000, 1.000000000000000000, -0.000000000000000000 ) ) ;
#2184 = FACE_OUTER_BOUND ( 'NONE', #1484, .T. ) ;
#2185 = CARTESIAN_POINT ( 'NONE',  ( -0.6979999999999999538, 0.7987485962850371379, -1.183517079393483717 ) ) ;
#2186 = ORIENTED_EDGE ( 'NONE', *, *, #1442, .T. ) ;
#2187 = CARTESIAN_POINT ( 'NONE',  ( 0.05000000000000000278, -0.05000000000000000278, 0.4499999999999999556 ) ) ;
#2188 = EDGE_CURVE ( 'NONE', #2334, #1528, #885, .T. ) ;
#2189 = DIRECTION ( 'NONE',  ( 0.000000000000000000, -0.000000000000000000, 1.000000000000000000 ) ) ;
#2190 = SURFACE_SIDE_STYLE ('',( #1195 ) ) ;
#2191 = DIRECTION ( 'NONE',  ( 0.000000000000000000, 0.000000000000000000, 1.000000000000000000 ) ) ;
#2192 = CARTESIAN_POINT ( 'NONE',  ( 0.05000000000000000278, -0.6962928578572860072, -0.6250000000000000000 ) ) ;
#2193 = EDGE_CURVE ( 'NONE', #991, #2209, #2426, .T. ) ;
#2194 = CARTESIAN_POINT ( 'NONE',  ( -0.6999999999999999556, 0.7987485962850371379, -1.414097748974027846 ) ) ;
#2195 = DIRECTION ( 'NONE',  ( -1.000000000000000000, -0.000000000000000000, -0.000000000000000000 ) ) ;
#2196 = ORIENTED_EDGE ( 'NONE', *, *, #769, .T. ) ;
#2197 = CARTESIAN_POINT ( 'NONE',  ( 0.05000000000000000278, 0.6962928578572860072, 0.1250000000000001388 ) ) ;
#2198 = DIRECTION ( 'NONE',  ( -0.000000000000000000, 2.409338161078898687E-16, 1.000000000000000000 ) ) ;
#2199 = LINE ( 'NONE', #996, #1596 ) ;
#2200 = LINE ( 'NONE', #239, #604 ) ;
#2201 = CIRCLE ( 'NONE', #1627, 0.1300000000000000044 ) ;
#2202 = CIRCLE ( 'NONE', #2364, 0.1299999999999998934 ) ;
#2203 = DIRECTION ( 'NONE',  ( -0.000000000000000000, 1.000000000000000000, -2.659903931797975694E-16 ) ) ;
#2204 = ADVANCED_FACE ( 'NONE', ( #1036 ), #561, .F. ) ;
#2205 = EDGE_LOOP ( 'NONE', ( #1541, #2053, #261, #1040, #1695, #2138 ) ) ;
#2206 = CARTESIAN_POINT ( 'NONE',  ( -0.1499999999999999944, 0.4000000000000000222, 1.032000000000000695 ) ) ;
#2207 = DIRECTION ( 'NONE',  ( -0.000000000000000000, 0.000000000000000000, 1.000000000000000000 ) ) ;
#2208 = EDGE_CURVE ( 'NONE', #1096, #1238, #2288, .T. ) ;
#2209 = VERTEX_POINT ( 'NONE', #1735 ) ;
#2210 = CYLINDRICAL_SURFACE ( 'NONE', #2373, 0.1300000000000000044 ) ;
#2211 = ORIENTED_EDGE ( 'NONE', *, *, #886, .F. ) ;
#2212 = SURFACE_STYLE_FILL_AREA ( #631 ) ;
#2213 = ORIENTED_EDGE ( 'NONE', *, *, #1989, .T. ) ;
#2214 = AXIS2_PLACEMENT_3D ( 'NONE', #805, #2238, #1011 ) ;
#2215 = CYLINDRICAL_SURFACE ( 'NONE', #2178, 0.1300000000000000044 ) ;
#2216 = VECTOR ( 'NONE', #660, 1000.000000000000000 ) ;
#2217 = ORIENTED_EDGE ( 'NONE', *, *, #1594, .F. ) ;
#2218 = CIRCLE ( 'NONE', #1438, 0.1300000000000000044 ) ;
#2219 = FACE_OUTER_BOUND ( 'NONE', #914, .T. ) ;
#2220 = LINE ( 'NONE', #1636, #1044 ) ;
#2221 = CARTESIAN_POINT ( 'NONE',  ( 0.000000000000000000, -1.000000000000000000, 0.6249999999999998890 ) ) ;
#2222 = VECTOR ( 'NONE', #2480, 1000.000000000000000 ) ;
#2223 = ORIENTED_EDGE ( 'NONE', *, *, #2095, .F. ) ;
#2224 = EDGE_CURVE ( 'NONE', #1468, #438, #1709, .T. ) ;
#2225 =( LENGTH_UNIT ( ) NAMED_UNIT ( * ) SI_UNIT ( .MILLI., .METRE. ) );
#2226 = ORIENTED_EDGE ( 'NONE', *, *, #1742, .F. ) ;
#2227 = CARTESIAN_POINT ( 'NONE',  ( -0.1499999999999999944, 0.6962928578572860072, -0.3749999999999998890 ) ) ;
#2228 = CARTESIAN_POINT ( 'NONE',  ( 0.05000000000000000278, -1.002000000000000224, -0.6249999999999998890 ) ) ;
#2229 = ORIENTED_EDGE ( 'NONE', *, *, #823, .F. ) ;
#2230 = CARTESIAN_POINT ( 'NONE',  ( 0.05000000000000000278, 1.002000000000000224, 0.6249999999999998890 ) ) ;
#2231 = EDGE_CURVE ( 'NONE', #2530, #844, #1552, .T. ) ;
#2232 = CARTESIAN_POINT ( 'NONE',  ( 0.000000000000000000, -0.05000000000000000278, 0.000000000000000000 ) ) ;
#2233 = DIRECTION ( 'NONE',  ( 0.000000000000000000, 0.000000000000000000, 1.000000000000000000 ) ) ;
#2234 = CARTESIAN_POINT ( 'NONE',  ( -0.1499999999999999944, -0.6962928578572860072, -0.1249999999999999722 ) ) ;
#2235 = CARTESIAN_POINT ( 'NONE',  ( 0.05000000000000000278, -1.002000000000000224, -0.1249999999999998890 ) ) ;
#2236 = FACE_OUTER_BOUND ( 'NONE', #2029, .T. ) ;
#2237 = EDGE_LOOP ( 'NONE', ( #326, #774, #876, #1453 ) ) ;
#2238 = DIRECTION ( 'NONE',  ( -1.000000000000000000, -0.000000000000000000, 0.000000000000000000 ) ) ;
#2239 = CYLINDRICAL_SURFACE ( 'NONE', #920, 0.1300000000000001155 ) ;
#2240 = PLANE ( 'NONE',  #2381 ) ;
#2241 = ORIENTED_EDGE ( 'NONE', *, *, #1571, .T. ) ;
#2242 = EDGE_CURVE ( 'NONE', #834, #1615, #1125, .T. ) ;
#2243 = ORIENTED_EDGE ( 'NONE', *, *, #1248, .T. ) ;
#2244 = DIRECTION ( 'NONE',  ( 0.000000000000000000, -1.000000000000000000, 3.546538575730634095E-16 ) ) ;
#2245 = VECTOR ( 'NONE', #1585, 1000.000000000000000 ) ;
#2246 = LINE ( 'NONE', #2421, #52 ) ;
#2247 = VECTOR ( 'NONE', #2266, 1000.000000000000000 ) ;
#2248 = LINE ( 'NONE', #470, #2134 ) ;
#2249 = LINE ( 'NONE', #691, #2247 ) ;
#2250 = ORIENTED_EDGE ( 'NONE', *, *, #608, .T. ) ;
#2251 = CARTESIAN_POINT ( 'NONE',  ( -0.1499999999999999667, -1.000000000000000000, -1.499999999999999778 ) ) ;
#2252 = CARTESIAN_POINT ( 'NONE',  ( -0.000000000000000000, 0.000000000000000000, -0.8020000000000006013 ) ) ;
#2253 = EDGE_LOOP ( 'NONE', ( #2311, #2021, #884, #156 ) ) ;
#2254 = DIRECTION ( 'NONE',  ( 1.000000000000000000, 0.000000000000000000, -0.000000000000000000 ) ) ;
#2255 = VERTEX_POINT ( 'NONE', #132 ) ;
#2256 = PLANE ( 'NONE',  #1268 ) ;
#2257 = EDGE_CURVE ( 'NONE', #236, #408, #2313, .T. ) ;
#2258 = DIRECTION ( 'NONE',  ( 0.000000000000000000, -0.000000000000000000, 1.000000000000000000 ) ) ;
#2259 = VERTEX_POINT ( 'NONE', #2333 ) ;
#2260 = EDGE_CURVE ( 'NONE', #2100, #1615, #1328, .T. ) ;
#2261 = VECTOR ( 'NONE', #265, 1000.000000000000000 ) ;
#2262 = DIRECTION ( 'NONE',  ( -1.000000000000000000, 0.000000000000000000, 0.000000000000000000 ) ) ;
#2263 = LINE ( 'NONE', #640, #1388 ) ;
#2264 = ADVANCED_FACE ( 'NONE', ( #1140 ), #2301, .T. ) ;
#2265 = DIRECTION ( 'NONE',  ( 1.000000000000000000, 0.000000000000000000, -0.000000000000000000 ) ) ;
#2266 = DIRECTION ( 'NONE',  ( -0.000000000000000000, -0.000000000000000000, 1.000000000000000000 ) ) ;
#2267 = AXIS2_PLACEMENT_3D ( 'NONE', #1589, #1815, #234 ) ;
#2268 = ORIENTED_EDGE ( 'NONE', *, *, #1422, .F. ) ;
#2269 = LINE ( 'NONE', #2283, #1755 ) ;
#2270 = ORIENTED_EDGE ( 'NONE', *, *, #1069, .F. ) ;
#2271 = FACE_OUTER_BOUND ( 'NONE', #1905, .T. ) ;
#2272 = LINE ( 'NONE', #2038, #1686 ) ;
#2273 = VERTEX_POINT ( 'NONE', #1506 ) ;
#2274 = ORIENTED_EDGE ( 'NONE', *, *, #791, .T. ) ;
#2275 = VERTEX_POINT ( 'NONE', #2482 ) ;
#2276 = CARTESIAN_POINT ( 'NONE',  ( -0.1499999999999999944, 0.2749999999999999667, -1.502000000000000224 ) ) ;
#2277 = ORIENTED_EDGE ( 'NONE', *, *, #1946, .T. ) ;
#2278 = DIRECTION ( 'NONE',  ( 0.000000000000000000, 0.000000000000000000, 1.000000000000000000 ) ) ;
#2279 = CARTESIAN_POINT ( 'NONE',  ( -0.6999999999999999556, 1.000000000000000000, -1.499999999999999778 ) ) ;
#2280 = FACE_OUTER_BOUND ( 'NONE', #1191, .T. ) ;
#2281 = ORIENTED_EDGE ( 'NONE', *, *, #1606, .T. ) ;
#2282 = ADVANCED_FACE ( 'NONE', ( #537 ), #2143, .T. ) ;
#2283 = CARTESIAN_POINT ( 'NONE',  ( -0.6999999999999999556, 1.000000000000000000, -1.499999999999999778 ) ) ;
#2284 = LINE ( 'NONE', #917, #1591 ) ;
#2285 = PRESENTATION_STYLE_ASSIGNMENT (( #1500 ) ) ;
#2286 = DIRECTION ( 'NONE',  ( 1.000000000000000000, 0.000000000000000000, -0.000000000000000000 ) ) ;
#2287 = LINE ( 'NONE', #617, #111 ) ;
#2288 = LINE ( 'NONE', #932, #184 ) ;
#2289 = VERTEX_POINT ( 'NONE', #1907 ) ;
#2290 = LINE ( 'NONE', #1879, #1178 ) ;
#2291 = PRESENTATION_LAYER_ASSIGNMENT (  '', '', ( #830 ) ) ;
#2292 = EDGE_CURVE ( 'NONE', #438, #751, #1915, .T. ) ;
#2293 = AXIS2_PLACEMENT_3D ( 'NONE', #314, #1667, #100 ) ;
#2294 =( NAMED_UNIT ( * ) SI_UNIT ( $, .STERADIAN. ) SOLID_ANGLE_UNIT ( ) );
#2295 = ORIENTED_EDGE ( 'NONE', *, *, #1016, .T. ) ;
#2296 = DIRECTION ( 'NONE',  ( 0.000000000000000000, 1.000000000000000000, 3.546538575730634095E-16 ) ) ;
#2297 = VECTOR ( 'NONE', #708, 1000.000000000000000 ) ;
#2298 = ORIENTED_EDGE ( 'NONE', *, *, #1162, .F. ) ;
#2299 = VECTOR ( 'NONE', #393, 1000.000000000000000 ) ;
#2300 = VECTOR ( 'NONE', #1464, 1000.000000000000000 ) ;
#2301 = PLANE ( 'NONE',  #1548 ) ;
#2302 = VERTEX_POINT ( 'NONE', #1723 ) ;
#2303 = LINE ( 'NONE', #529, #353 ) ;
#2304 = VECTOR ( 'NONE', #1540, 1000.000000000000000 ) ;
#2305 = FACE_OUTER_BOUND ( 'NONE', #1825, .T. ) ;
#2306 = AXIS2_PLACEMENT_3D ( 'NONE', #1560, #401, #1987 ) ;
#2307 = CARTESIAN_POINT ( 'NONE',  ( -0.1499999999999999944, -0.7320000000000000950, 0.4999999999999998890 ) ) ;
#2308 = ORIENTED_EDGE ( 'NONE', *, *, #2179, .F. ) ;
#2309 = DIRECTION ( 'NONE',  ( -0.000000000000000000, 0.000000000000000000, 1.000000000000000000 ) ) ;
#2310 = VECTOR ( 'NONE', #577, 1000.000000000000000 ) ;
#2311 = ORIENTED_EDGE ( 'NONE', *, *, #605, .F. ) ;
#2312 = ADVANCED_FACE ( 'NONE', ( #1781 ), #1373, .T. ) ;
#2313 = LINE ( 'NONE', #355, #1718 ) ;
#2314 = VERTEX_POINT ( 'NONE', #1561 ) ;
#2315 = SURFACE_STYLE_USAGE ( .BOTH. , #1521 ) ;
#2316 = CARTESIAN_POINT ( 'NONE',  ( -0.1499999999999999944, 0.6962928578572860072, -0.6250000000000000000 ) ) ;
#2317 = ORIENTED_EDGE ( 'NONE', *, *, #2336, .F. ) ;
#2318 = ORIENTED_EDGE ( 'NONE', *, *, #835, .F. ) ;
#2319 = EDGE_CURVE ( 'NONE', #2513, #944, #1399, .T. ) ;
#2320 = ORIENTED_EDGE ( 'NONE', *, *, #227, .T. ) ;
#2321 = CARTESIAN_POINT ( 'NONE',  ( -0.000000000000000000, 0.000000000000000000, -0.3749999999999998890 ) ) ;
#2322 = VERTEX_POINT ( 'NONE', #1613 ) ;
#2323 = MECHANICAL_DESIGN_GEOMETRIC_PRESENTATION_REPRESENTATION (  '', ( #830 ), #726 ) ;
#2324 = LINE ( 'NONE', #936, #1801 ) ;
#2325 = DIRECTION ( 'NONE',  ( 1.000000000000000000, 0.000000000000000000, 0.000000000000000000 ) ) ;
#2326 = LINE ( 'NONE', #781, #391 ) ;
#2327 = ORIENTED_EDGE ( 'NONE', *, *, #2292, .F. ) ;
#2328 = ORIENTED_EDGE ( 'NONE', *, *, #2008, .T. ) ;
#2329 = ADVANCED_FACE ( 'NONE', ( #784 ), #1581, .T. ) ;
#2330 = LINE ( 'NONE', #87, #480 ) ;
#2331 = EDGE_CURVE ( 'NONE', #2477, #1619, #1411, .T. ) ;
#2332 = CARTESIAN_POINT ( 'NONE',  ( 0.05000000000000000278, 0.2749999999999999667, 0.9962928578572867178 ) ) ;
#2333 = CARTESIAN_POINT ( 'NONE',  ( 0.05000000000000000278, 0.6962928578572860072, -0.6249999999999998890 ) ) ;
#2334 = VERTEX_POINT ( 'NONE', #2156 ) ;
#2335 = AXIS2_PLACEMENT_3D ( 'NONE', #33, #889, #1607 ) ;
#2336 = EDGE_CURVE ( 'NONE', #2530, #2386, #402, .T. ) ;
#2337 = CARTESIAN_POINT ( 'NONE',  ( -0.1499999999999999944, 0.2749999999999999667, -1.502000000000000224 ) ) ;
#2338 = ORIENTED_EDGE ( 'NONE', *, *, #1489, .F. ) ;
#2339 = ORIENTED_EDGE ( 'NONE', *, *, #172, .T. ) ;
#2340 = CARTESIAN_POINT ( 'NONE',  ( -0.1499999999999999944, -0.5250000000000000222, 0.9962928578572867178 ) ) ;
#2341 = PLANE ( 'NONE',  #321 ) ;
#2342 = VECTOR ( 'NONE', #707, 1000.000000000000000 ) ;
#2343 = DIRECTION ( 'NONE',  ( -1.000000000000000000, -0.000000000000000000, 0.000000000000000000 ) ) ;
#2344 = PLANE ( 'NONE',  #1882 ) ;
#2345 = SURFACE_STYLE_FILL_AREA ( #770 ) ;
#2346 = ADVANCED_FACE ( 'NONE', ( #581 ), #776, .T. ) ;
#2347 = ORIENTED_EDGE ( 'NONE', *, *, #1234, .F. ) ;
#2348 = PLANE ( 'NONE',  #798 ) ;
#2349 = CARTESIAN_POINT ( 'NONE',  ( -0.6979999999999999538, 0.7987485962850371379, -1.414097748974027846 ) ) ;
#2350 = CARTESIAN_POINT ( 'NONE',  ( -0.1499999999999999944, -0.2749999999999996336, -0.9962928578572867178 ) ) ;
#2351 = CARTESIAN_POINT ( 'NONE',  ( -0.000000000000000000, 0.000000000000000000, -0.3749999999999998890 ) ) ;
#2352 = CARTESIAN_POINT ( 'NONE',  ( 0.000000000000000000, -0.7320000000000000950, 0.4999999999999998890 ) ) ;
#2353 = CARTESIAN_POINT ( 'NONE',  ( -0.1499999999999999944, -0.4000000000000000222, 0.9020000000000008011 ) ) ;
#2354 = LINE ( 'NONE', #426, #344 ) ;
#2355 = EDGE_LOOP ( 'NONE', ( #1860, #1562, #870, #2377 ) ) ;
#2356 = ADVANCED_FACE ( 'NONE', ( #2002 ), #2344, .T. ) ;
#2357 = ORIENTED_EDGE ( 'NONE', *, *, #1193, .T. ) ;
#2358 = FACE_OUTER_BOUND ( 'NONE', #638, .T. ) ;
#2359 = LINE ( 'NONE', #1949, #1222 ) ;
#2360 = ORIENTED_EDGE ( 'NONE', *, *, #1455, .T. ) ;
#2361 = ORIENTED_EDGE ( 'NONE', *, *, #1115, .T. ) ;
#2362 = VECTOR ( 'NONE', #816, 1000.000000000000000 ) ;
#2363 = CARTESIAN_POINT ( 'NONE',  ( -0.1499999999999999944, -1.002000000000000002, 0.3749999999999998890 ) ) ;
#2364 = AXIS2_PLACEMENT_3D ( 'NONE', #1208, #2385, #2191 ) ;
#2365 = FACE_OUTER_BOUND ( 'NONE', #1092, .T. ) ;
#2366 = DIRECTION ( 'NONE',  ( 0.000000000000000000, -0.000000000000000000, -1.000000000000000000 ) ) ;
#2367 = ORIENTED_EDGE ( 'NONE', *, *, #232, .T. ) ;
#2368 = AXIS2_PLACEMENT_3D ( 'NONE', #551, #2135, #947 ) ;
#2369 = ORIENTED_EDGE ( 'NONE', *, *, #1226, .T. ) ;
#2370 = LINE ( 'NONE', #13, #1255 ) ;
#2371 = EDGE_LOOP ( 'NONE', ( #1900, #139, #207, #1888 ) ) ;
#2372 = SURFACE_SIDE_STYLE ('',( #568 ) ) ;
#2373 = AXIS2_PLACEMENT_3D ( 'NONE', #428, #829, #1111 ) ;
#2374 = VECTOR ( 'NONE', #1653, 1000.000000000000000 ) ;
#2375 = DIRECTION ( 'NONE',  ( -1.000000000000000000, 0.000000000000000000, 0.000000000000000000 ) ) ;
#2376 = ORIENTED_EDGE ( 'NONE', *, *, #536, .F. ) ;
#2377 = ORIENTED_EDGE ( 'NONE', *, *, #2131, .F. ) ;
#2378 = ORIENTED_EDGE ( 'NONE', *, *, #542, .T. ) ;
#2379 = AXIS2_PLACEMENT_3D ( 'NONE', #2180, #1952, #1207 ) ;
#2380 = CARTESIAN_POINT ( 'NONE',  ( -0.1499999999999999944, 0.4000000000000000222, 1.032000000000000695 ) ) ;
#2381 = AXIS2_PLACEMENT_3D ( 'NONE', #2448, #682, #2258 ) ;
#2382 = EDGE_CURVE ( 'NONE', #169, #1600, #204, .T. ) ;
#2383 = CARTESIAN_POINT ( 'NONE',  ( 0.05000000000000000278, -0.05000000000000000278, 0.4499999999999999556 ) ) ;
#2384 = CARTESIAN_POINT ( 'NONE',  ( 0.05000000000000000278, -0.6962928578572857852, 0.3749999999999998890 ) ) ;
#2385 = DIRECTION ( 'NONE',  ( -1.000000000000000000, 0.000000000000000000, 0.000000000000000000 ) ) ;
#2386 = VERTEX_POINT ( 'NONE', #2555 ) ;
#2387 = ORIENTED_EDGE ( 'NONE', *, *, #2193, .F. ) ;
#2388 = CARTESIAN_POINT ( 'NONE',  ( -0.1499999999999999667, -1.000000000000000000, 1.500000000000000222 ) ) ;
#2389 = ORIENTED_EDGE ( 'NONE', *, *, #718, .T. ) ;
#2390 = CARTESIAN_POINT ( 'NONE',  ( 0.05000000000000000278, 0.2000000000000000111, 0.4499999999999999556 ) ) ;
#2391 = DIRECTION ( 'NONE',  ( 0.000000000000000000, 1.000000000000000000, -6.195440985631457289E-16 ) ) ;
#2392 = DIRECTION ( 'NONE',  ( 1.000000000000000000, 0.000000000000000000, 0.000000000000000000 ) ) ;
#2393 = ORIENTED_EDGE ( 'NONE', *, *, #145, .F. ) ;
#2394 = CARTESIAN_POINT ( 'NONE',  ( 0.05000000000000000278, -0.7320000000000000950, 7.535475367157189374E-17 ) ) ;
#2395 = CARTESIAN_POINT ( 'NONE',  ( 0.000000000000000000, 1.000000000000000000, -0.6249999999999998890 ) ) ;
#2396 = EDGE_CURVE ( 'NONE', #630, #245, #988, .T. ) ;
#2397 = DIRECTION ( 'NONE',  ( 0.000000000000000000, 0.000000000000000000, -1.000000000000000000 ) ) ;
#2398 = DIRECTION ( 'NONE',  ( -1.000000000000000000, -0.000000000000000000, 0.000000000000000000 ) ) ;
#2399 = EDGE_LOOP ( 'NONE', ( #2488, #1925, #1352, #1457 ) ) ;
#2400 = CARTESIAN_POINT ( 'NONE',  ( 0.000000000000000000, -0.2749999999999999667, -1.499999999999999778 ) ) ;
#2401 = CARTESIAN_POINT ( 'NONE',  ( 0.05000000000000000278, 1.002000000000000224, -0.1249999999999998890 ) ) ;
#2402 = VERTEX_POINT ( 'NONE', #1794 ) ;
#2403 = CARTESIAN_POINT ( 'NONE',  ( -0.1499999999999999944, 0.5250000000000004663, -0.8020000000000006013 ) ) ;
#2404 = ORIENTED_EDGE ( 'NONE', *, *, #927, .F. ) ;
#2405 = CARTESIAN_POINT ( 'NONE',  ( -0.6999999999999999556, -1.000000000000000000, 1.500000000000000222 ) ) ;
#2406 = VECTOR ( 'NONE', #1098, 1000.000000000000000 ) ;
#2407 = EDGE_CURVE ( 'NONE', #1010, #2551, #190, .T. ) ;
#2408 = AXIS2_PLACEMENT_3D ( 'NONE', #84, #1638, #1291 ) ;
#2409 = CARTESIAN_POINT ( 'NONE',  ( 0.000000000000000000, 1.000000000000000000, 0.6249999999999998890 ) ) ;
#2410 = CARTESIAN_POINT ( 'NONE',  ( 0.000000000000000000, -0.4000000000000000222, 0.9020000000000008011 ) ) ;
#2411 = VECTOR ( 'NONE', #1875, 1000.000000000000000 ) ;
#2412 = ORIENTED_EDGE ( 'NONE', *, *, #573, .F. ) ;
#2413 = DIRECTION ( 'NONE',  ( 0.000000000000000000, 2.409338161078898687E-16, 1.000000000000000000 ) ) ;
#2414 = LINE ( 'NONE', #2197, #1522 ) ;
#2415 = EDGE_CURVE ( 'NONE', #2100, #2503, #2202, .T. ) ;
#2416 = VECTOR ( 'NONE', #1114, 1000.000000000000000 ) ;
#2417 = VECTOR ( 'NONE', #2175, 1000.000000000000000 ) ;
#2418 = ORIENTED_EDGE ( 'NONE', *, *, #661, .F. ) ;
#2419 = AXIS2_PLACEMENT_3D ( 'NONE', #1372, #2554, #2189 ) ;
#2420 = DIRECTION ( 'NONE',  ( 0.000000000000000000, 0.000000000000000000, 1.000000000000000000 ) ) ;
#2421 = CARTESIAN_POINT ( 'NONE',  ( -0.6999999999999999556, -1.000000000000000000, -0.1249999999999998890 ) ) ;
#2422 = VECTOR ( 'NONE', #1020, 1000.000000000000000 ) ;
#2423 = ORIENTED_EDGE ( 'NONE', *, *, #1455, .F. ) ;
#2424 = PRESENTATION_STYLE_ASSIGNMENT (( #1808 ) ) ;
#2425 = EDGE_CURVE ( 'NONE', #2503, #834, #225, .T. ) ;
#2426 = LINE ( 'NONE', #875, #1344 ) ;
#2427 = VERTEX_POINT ( 'NONE', #1386 ) ;
#2428 = PLANE ( 'NONE',  #2214 ) ;
#2429 = EDGE_CURVE ( 'NONE', #844, #408, #1003, .T. ) ;
#2430 = ORIENTED_EDGE ( 'NONE', *, *, #839, .T. ) ;
#2431 = DIRECTION ( 'NONE',  ( 0.000000000000000000, 0.000000000000000000, 1.000000000000000000 ) ) ;
#2432 = DIRECTION ( 'NONE',  ( 0.000000000000000000, 0.000000000000000000, 1.000000000000000000 ) ) ;
#2433 = CARTESIAN_POINT ( 'NONE',  ( -0.6999999999999999556, 1.000000000000000000, 1.500000000000000222 ) ) ;
#2434 = ORIENTED_EDGE ( 'NONE', *, *, #302, .F. ) ;
#2435 = ORIENTED_EDGE ( 'NONE', *, *, #1427, .T. ) ;
#2436 = DIRECTION ( 'NONE',  ( 0.000000000000000000, 1.000000000000000000, 3.989863994746155233E-14 ) ) ;
#2437 = PLANE ( 'NONE',  #1217 ) ;
#2438 = ORIENTED_EDGE ( 'NONE', *, *, #2492, .T. ) ;
#2439 = CARTESIAN_POINT ( 'NONE',  ( 0.05000000000000000278, 0.4000000000000000222, 1.032000000000000695 ) ) ;
#2440 = CARTESIAN_POINT ( 'NONE',  ( 0.05000000000000000278, 0.000000000000000000, 0.000000000000000000 ) ) ;
#2441 = VERTEX_POINT ( 'NONE', #1809 ) ;
#2442 = DIRECTION ( 'NONE',  ( 0.000000000000000000, -1.000000000000000000, 0.000000000000000000 ) ) ;
#2443 = ADVANCED_FACE ( 'NONE', ( #814 ), #26, .T. ) ;
#2444 = CARTESIAN_POINT ( 'NONE',  ( -0.1499999999999999944, 0.6962928578572857852, 0.6249999999999998890 ) ) ;
#2445 = ORIENTED_EDGE ( 'NONE', *, *, #2523, .T. ) ;
#2446 = CARTESIAN_POINT ( 'NONE',  ( 0.05000000000000000278, 1.002000000000000002, 0.3749999999999998890 ) ) ;
#2447 = ADVANCED_FACE ( 'NONE', ( #366 ), #1154, .T. ) ;
#2448 = CARTESIAN_POINT ( 'NONE',  ( -0.6999999999999999556, 1.000000000000000000, 1.500000000000000222 ) ) ;
#2449 = VERTEX_POINT ( 'NONE', #2057 ) ;
#2450 = EDGE_CURVE ( 'NONE', #1496, #1264, #41, .T. ) ;
#2451 = CARTESIAN_POINT ( 'NONE',  ( -0.6999999999999999556, 1.000000000000000000, 0.6249999999999998890 ) ) ;
#2452 = VECTOR ( 'NONE', #894, 1000.000000000000000 ) ;
#2453 = DIRECTION ( 'NONE',  ( 1.000000000000000000, 0.000000000000000000, 0.000000000000000000 ) ) ;
#2454 = AXIS2_PLACEMENT_3D ( 'NONE', #1252, #1083, #1462 ) ;
#2455 = DIRECTION ( 'NONE',  ( -0.000000000000000000, -1.000000000000000000, -0.000000000000000000 ) ) ;
#2456 = DIRECTION ( 'NONE',  ( 0.000000000000000000, 0.000000000000000000, -1.000000000000000000 ) ) ;
#2457 = ORIENTED_EDGE ( 'NONE', *, *, #2481, .T. ) ;
#2458 = FACE_OUTER_BOUND ( 'NONE', #1736, .T. ) ;
#2459 = DIRECTION ( 'NONE',  ( 1.000000000000000000, 0.000000000000000000, 0.000000000000000000 ) ) ;
#2460 = DIRECTION ( 'NONE',  ( 0.000000000000000000, -5.359832213816824764E-16, -1.000000000000000000 ) ) ;
#2461 = ORIENTED_EDGE ( 'NONE', *, *, #763, .T. ) ;
#2462 = PLANE ( 'NONE',  #1391 ) ;
#2463 = AXIS2_PLACEMENT_3D ( 'NONE', #664, #1454, #1059 ) ;
#2464 = DIRECTION ( 'NONE',  ( 0.000000000000000000, 0.000000000000000000, -1.000000000000000000 ) ) ;
#2465 = EDGE_CURVE ( 'NONE', #1748, #658, #1241, .T. ) ;
#2466 = VECTOR ( 'NONE', #134, 1000.000000000000000 ) ;
#2467 = VECTOR ( 'NONE', #1890, 1000.000000000000000 ) ;
#2468 = EDGE_CURVE ( 'NONE', #1468, #2289, #1251, .T. ) ;
#2469 = CARTESIAN_POINT ( 'NONE',  ( -0.1499999999999999944, 0.4000000000000000222, 0.9020000000000008011 ) ) ;
#2470 = LINE ( 'NONE', #2031, #636 ) ;
#2471 = VECTOR ( 'NONE', #1237, 1000.000000000000000 ) ;
#2472 = DIRECTION ( 'NONE',  ( 0.000000000000000000, 0.000000000000000000, -1.000000000000000000 ) ) ;
#2473 = VECTOR ( 'NONE', #1765, 1000.000000000000000 ) ;
#2474 = ORIENTED_EDGE ( 'NONE', *, *, #1409, .T. ) ;
#2475 = PLANE ( 'NONE',  #15 ) ;
#2476 = FACE_OUTER_BOUND ( 'NONE', #1614, .T. ) ;
#2477 = VERTEX_POINT ( 'NONE', #1846 ) ;
#2478 = DIRECTION ( 'NONE',  ( 0.000000000000000000, 0.000000000000000000, -1.000000000000000000 ) ) ;
#2479 = EDGE_LOOP ( 'NONE', ( #1269, #1228, #2423, #7 ) ) ;
#2480 = DIRECTION ( 'NONE',  ( 1.000000000000000000, 0.000000000000000000, 0.000000000000000000 ) ) ;
#2481 = EDGE_CURVE ( 'NONE', #587, #446, #2263, .T. ) ;
#2482 = CARTESIAN_POINT ( 'NONE',  ( 0.000000000000000000, -1.000000000000000000, -0.6249999999999998890 ) ) ;
#2483 = ORIENTED_EDGE ( 'NONE', *, *, #2407, .F. ) ;
#2484 = CARTESIAN_POINT ( 'NONE',  ( 0.05000000000000000278, -0.5250000000000313305, -1.502000000000010216 ) ) ;
#2485 = EDGE_LOOP ( 'NONE', ( #810, #2092, #1155, #179, #1527 ) ) ;
#2486 = CARTESIAN_POINT ( 'NONE',  ( -0.1499999999999999944, -0.6962928578572860072, -0.6250000000000000000 ) ) ;
#2487 = VERTEX_POINT ( 'NONE', #2069 ) ;
#2488 = ORIENTED_EDGE ( 'NONE', *, *, #1507, .F. ) ;
#2489 = LINE ( 'NONE', #1543, #524 ) ;
#2490 = APPLICATION_PROTOCOL_DEFINITION ( 'draft international standard', 'automotive_design', 1998, #841 ) ;
#2491 = EDGE_CURVE ( 'NONE', #1200, #671, #2470, .T. ) ;
#2492 = EDGE_CURVE ( 'NONE', #1190, #1508, #2220, .T. ) ;
#2493 = ORIENTED_EDGE ( 'NONE', *, *, #2224, .T. ) ;
#2494 = VECTOR ( 'NONE', #1837, 1000.000000000000000 ) ;
#2495 =( GEOMETRIC_REPRESENTATION_CONTEXT ( 3 ) GLOBAL_UNCERTAINTY_ASSIGNED_CONTEXT ( ( #420 ) ) GLOBAL_UNIT_ASSIGNED_CONTEXT ( ( #601, #1185, #787 ) ) REPRESENTATION_CONTEXT ( 'NONE', 'WORKASPACE' ) );
#2496 = EDGE_LOOP ( 'NONE', ( #2378, #523, #38, #1622, #1516, #697 ) ) ;
#2497 = FACE_OUTER_BOUND ( 'NONE', #2163, .T. ) ;
#2498 = ADVANCED_FACE ( 'NONE', ( #888 ), #2437, .T. ) ;
#2499 = ORIENTED_EDGE ( 'NONE', *, *, #948, .F. ) ;
#2500 = CYLINDRICAL_SURFACE ( 'NONE', #1133, 0.1300000000000000044 ) ;
#2501 = VECTOR ( 'NONE', #68, 1000.000000000000000 ) ;
#2502 = ORIENTED_EDGE ( 'NONE', *, *, #386, .F. ) ;
#2503 = VERTEX_POINT ( 'NONE', #2410 ) ;
#2504 = ORIENTED_EDGE ( 'NONE', *, *, #661, .T. ) ;
#2505 = VECTOR ( 'NONE', #2442, 1000.000000000000000 ) ;
#2506 = DIRECTION ( 'NONE',  ( 0.000000000000000000, 0.000000000000000000, -1.000000000000000000 ) ) ;
#2507 = VERTEX_POINT ( 'NONE', #2235 ) ;
#2508 = ADVANCED_FACE ( 'NONE', ( #1065 ), #859, .T. ) ;
#2509 = LINE ( 'NONE', #1713, #2123 ) ;
#2510 = ORIENTED_EDGE ( 'NONE', *, *, #745, .T. ) ;
#2511 = CARTESIAN_POINT ( 'NONE',  ( -0.1499999999999999944, -0.2749999999999999667, 1.502000000000000224 ) ) ;
#2512 = EDGE_CURVE ( 'NONE', #2487, #2427, #653, .T. ) ;
#2513 = VERTEX_POINT ( 'NONE', #1459 ) ;
#2514 = ORIENTED_EDGE ( 'NONE', *, *, #177, .T. ) ;
#2515 = ORIENTED_EDGE ( 'NONE', *, *, #1032, .T. ) ;
#2516 =( NAMED_UNIT ( * ) SI_UNIT ( $, .STERADIAN. ) SOLID_ANGLE_UNIT ( ) );
#2517 = ORIENTED_EDGE ( 'NONE', *, *, #1348, .T. ) ;
#2518 = PLANE ( 'NONE',  #1578 ) ;
#2519 = FACE_OUTER_BOUND ( 'NONE', #891, .T. ) ;
#2520 = EDGE_CURVE ( 'NONE', #587, #1104, #1048, .T. ) ;
#2521 = CARTESIAN_POINT ( 'NONE',  ( -0.6999999999999999556, -0.2749999999999999667, -1.499999999999999778 ) ) ;
#2522 = LINE ( 'NONE', #1545, #2011 ) ;
#2523 = EDGE_CURVE ( 'NONE', #1418, #438, #2246, .T. ) ;
#2524 = EDGE_CURVE ( 'NONE', #1615, #2322, #1862, .T. ) ;
#2525 = DIRECTION ( 'NONE',  ( 0.000000000000000000, 0.000000000000000000, 1.000000000000000000 ) ) ;
#2526 = EDGE_LOOP ( 'NONE', ( #909, #918, #1608, #2075 ) ) ;
#2527 = CARTESIAN_POINT ( 'NONE',  ( -0.1499999999999999944, -0.4000000000000000222, 1.032000000000000695 ) ) ;
#2528 = ORIENTED_EDGE ( 'NONE', *, *, #1573, .F. ) ;
#2529 = FACE_OUTER_BOUND ( 'NONE', #1675, .T. ) ;
#2530 = VERTEX_POINT ( 'NONE', #469 ) ;
#2531 = VECTOR ( 'NONE', #1705, 1000.000000000000000 ) ;
#2532 = DIRECTION ( 'NONE',  ( 0.000000000000000000, -5.421010862427525128E-16, 1.000000000000000000 ) ) ;
#2533 = VECTOR ( 'NONE', #1831, 1000.000000000000000 ) ;
#2534 = DIRECTION ( 'NONE',  ( 0.000000000000000000, 0.000000000000000000, -1.000000000000000000 ) ) ;
#2535 = LINE ( 'NONE', #1969, #696 ) ;
#2536 = DIRECTION ( 'NONE',  ( 0.000000000000000000, 0.000000000000000000, -1.000000000000000000 ) ) ;
#2537 = VECTOR ( 'NONE', #272, 1000.000000000000000 ) ;
#2538 = EDGE_CURVE ( 'NONE', #245, #2477, #2042, .T. ) ;
#2539 = EDGE_CURVE ( 'NONE', #1392, #923, #486, .T. ) ;
#2540 = VECTOR ( 'NONE', #1690, 1000.000000000000000 ) ;
#2541 = FACE_OUTER_BOUND ( 'NONE', #975, .T. ) ;
#2542 = DIRECTION ( 'NONE',  ( 0.000000000000000000, -0.000000000000000000, 1.000000000000000000 ) ) ;
#2543 = ORIENTED_EDGE ( 'NONE', *, *, #1752, .F. ) ;
#2544 = VECTOR ( 'NONE', #288, 1000.000000000000000 ) ;
#2545 = ORIENTED_EDGE ( 'NONE', *, *, #558, .F. ) ;
#2546 = PLANE ( 'NONE',  #2293 ) ;
#2547 =( NAMED_UNIT ( * ) PLANE_ANGLE_UNIT ( ) SI_UNIT ( $, .RADIAN. ) );
#2548 = AXIS2_PLACEMENT_3D ( 'NONE', #826, #600, #1198 ) ;
#2549 = CARTESIAN_POINT ( 'NONE',  ( -0.1499999999999999944, -0.6962928578572860072, -0.1249999999999999722 ) ) ;
#2550 = FACE_OUTER_BOUND ( 'NONE', #1778, .T. ) ;
#2551 = VERTEX_POINT ( 'NONE', #1288 ) ;
#2552 = VECTOR ( 'NONE', #1150, 1000.000000000000000 ) ;
#2553 = CARTESIAN_POINT ( 'NONE',  ( 0.000000000000000000, -1.000000000000000000, 0.3749999999999998890 ) ) ;
#2554 = DIRECTION ( 'NONE',  ( -0.000000000000000000, 1.000000000000000000, 0.000000000000000000 ) ) ;
#2555 = CARTESIAN_POINT ( 'NONE',  ( 0.000000000000000000, -0.5249999999999999112, -0.9962928578572867178 ) ) ;
#2556 = EDGE_CURVE ( 'NONE', #510, #1336, #296, .T. ) ;
#2557 = DIRECTION ( 'NONE',  ( 1.000000000000000000, 0.000000000000000000, 0.000000000000000000 ) ) ;
#2558 = VERTEX_POINT ( 'NONE', #97 ) ;
#2559 = CARTESIAN_POINT ( 'NONE',  ( -0.1499999999999999944, 0.2749999999999999667, -1.499999999999999778 ) ) ;
#2560 = ORIENTED_EDGE ( 'NONE', *, *, #878, .F. ) ;
#2561 = LINE ( 'NONE', #588, #119 ) ;
#2562 = CARTESIAN_POINT ( 'NONE',  ( 0.000000000000000000, -1.000000000000000000, 1.500000000000000222 ) ) ;
#2563 = EDGE_LOOP ( 'NONE', ( #1463, #2445, #706, #1202, #851, #2298 ) ) ;
#2564 = DIRECTION ( 'NONE',  ( 1.000000000000000000, 0.000000000000000000, 0.000000000000000000 ) ) ;
#2565 = APPLICATION_CONTEXT ( 'automotive_design' ) ;
#2566 = DIRECTION ( 'NONE',  ( -1.000000000000000000, 0.000000000000000000, 0.000000000000000000 ) ) ;
#2567 = DIRECTION ( 'NONE',  ( 0.000000000000000000, 0.000000000000000000, -1.000000000000000000 ) ) ;
ENDSEC;
END-ISO-10303-21;
